,sha1,project
0,000287679e1bef118cffcc087810c3fea90b6dfe,worldwidetelescope_pywwt
1,00160f35b811acb815ef8f83be5b8b08450699cc,worldwidetelescope_pywwt
2,003a914e43bb1580e4388a9e1c0324dba8d13f88,worldwidetelescope_pywwt
3,00416e07dc7f59cbc38579b4d35ec78377a75c59,worldwidetelescope_pywwt
4,007773c9c9201926be2f58a7cd7776b89ae70393,worldwidetelescope_pywwt
5,0087a6db8e34c0463b11a98e6d5249daa4d72750,worldwidetelescope_pywwt
6,00c2d960d60e5b74e20abaab296a2b33f2058eeb,worldwidetelescope_pywwt
7,00cc04ce72f7f46087c69005f56f7079e6ed2181,worldwidetelescope_pywwt
8,00dbeb6dc6b3f9d3a1c98319027481634401e917,worldwidetelescope_pywwt
9,00dd6b8fa3dc173ad16cda979c3a31bc2fca5138,worldwidetelescope_pywwt
10,012cc441cc9c97db828143cd564229b605d61e8b,worldwidetelescope_pywwt
11,013d647ca7a03d75125210c446e4b21205b60253,worldwidetelescope_pywwt
12,0173a17b0012f42cb8613327639380687d517cbf,worldwidetelescope_pywwt
13,018107738d21a1edc9fa81c282a3dd94d8c3da1d,worldwidetelescope_pywwt
14,01a3ee78dc80c76c0fbefbb23a56e0b9f6e9fa67,worldwidetelescope_pywwt
15,01b594d638619140202f641fcdadec9734ec42de,worldwidetelescope_pywwt
16,01c90e6f87610ac41c49afafa99533ad2380d333,worldwidetelescope_pywwt
17,01d7018f537a7e4467e29a32315498bec3519415,worldwidetelescope_pywwt
18,02254829c1d96c4cd1a413057dfd0696a84fbf25,worldwidetelescope_pywwt
19,025cbc6c67ad19e21eca3828703d80afd89a38cf,worldwidetelescope_pywwt
20,027079cf8f5b62360b0dd97aa02080166f8bcae3,worldwidetelescope_pywwt
21,02c076d9adc98e4b2dc21d38af1d945d2ec4e86f,worldwidetelescope_pywwt
22,02f0d4febe48281e36f3432f6de9ee3af6200739,worldwidetelescope_pywwt
23,03858991344044921cbe897f9738c518df04e106,worldwidetelescope_pywwt
24,039fac0fd224e450955294be71e6d18f650bcbd7,worldwidetelescope_pywwt
25,03b3d8e16acc010af95e400e978adbcd1527af30,worldwidetelescope_pywwt
26,04277030924b0bbe733ec235cfd6a30d9c515ec0,worldwidetelescope_pywwt
27,043840882cb46c86404188ec48781ec5ace79fb0,worldwidetelescope_pywwt
28,04510c6a48139b0792aeccc890a431155dbf813e,worldwidetelescope_pywwt
29,0466504c838a23712aaa08602139cb5b71b45249,worldwidetelescope_pywwt
30,04a882f852a08028f078da7d6f001886396ab334,worldwidetelescope_pywwt
31,04b8f381df186a2d248e359954f370e8b635ffbb,worldwidetelescope_pywwt
32,04c255d1aef48c1411a021ba3d9286a74bac4224,worldwidetelescope_pywwt
33,04e7330be7f46fd2830f82515b96c665f3be16f8,worldwidetelescope_pywwt
34,050c7f19229ef728c4ec0f9324efe3cf3b9b38f0,worldwidetelescope_pywwt
35,05439c3c93e3bfe666d80d46b9ae960575d43e48,worldwidetelescope_pywwt
36,055e5bf9821297725e3fd266cd7d1a19f8b63619,worldwidetelescope_pywwt
37,05613405bb5b33433cda7d9bb0372f80674c3ba8,worldwidetelescope_pywwt
38,0580d55bfd29a86c1e227ffc2cb231b784a52372,worldwidetelescope_pywwt
39,058b65fbfffa0af1168fd0fe09465a82e3488d69,worldwidetelescope_pywwt
40,0592e090b6a9d720b37aefa032f46256e3f6285f,worldwidetelescope_pywwt
41,05cc351ce252cd0565d460205d470fa90f1c4d7a,worldwidetelescope_pywwt
42,05e19b98af204caaa3b756d7477ba772c9f68703,worldwidetelescope_pywwt
43,05e5691796fc1016f43fa9a7a83cbe00ac2e07c1,worldwidetelescope_pywwt
44,060e11959ab17901efac9c40eac4be205fd71a7b,worldwidetelescope_pywwt
45,0626ee51b9e2a9dafed0f8d03b3c646bd76b63a7,worldwidetelescope_pywwt
46,062b4dd030690d217a5b3f9fc9b78849a2661a41,worldwidetelescope_pywwt
47,066b07cf2a77aa408671a5a1eeb4381d6a788090,worldwidetelescope_pywwt
48,06af9b3197ae08d97395970bdd6f24552b09bfa6,worldwidetelescope_pywwt
49,06caeafbe6bc218b11f70f5e5fa7263c660b1bd1,worldwidetelescope_pywwt
50,06df03f10259c3099bd9337f3417836ff743ac92,worldwidetelescope_pywwt
51,06f1862020b3d702faef513f5e9719307240f829,worldwidetelescope_pywwt
52,073e7d2f5e704671670cc2e50963a80d336172c9,worldwidetelescope_pywwt
53,079c20cb420d1fddcb106b4281dac656afe4568c,worldwidetelescope_pywwt
54,079d64b98d49eafe0eeec709ae5991891e6dceb9,worldwidetelescope_pywwt
55,07ae2854c7061810b4d421b52316c217de543492,worldwidetelescope_pywwt
56,07afaf5c0b7cf489f338048b96ea49d0a2b5f9c4,worldwidetelescope_pywwt
57,07cdbb7cbe9466fe0c9dd2b9f914223500727727,worldwidetelescope_pywwt
58,07dbed58075a877b3e7a9bef7f19ce9d27f78450,worldwidetelescope_pywwt
59,085fc40e3d9e155bf57bebb4ea24d2f194417668,worldwidetelescope_pywwt
60,087c40a4da4745d45bb7986da02ba83055a12ae6,worldwidetelescope_pywwt
61,08808ad0487b1014a47fb2965ac17fdb9883af90,worldwidetelescope_pywwt
62,08ae6a6a58b678864025784d41d94b11c28a365a,worldwidetelescope_pywwt
63,0947764d7cd91efca6f4b01ce5ecd17be653f51f,worldwidetelescope_pywwt
64,094a9e10fb7d1dc072adb1b896c5ef639223883a,worldwidetelescope_pywwt
65,0957372e8200376839294485ea1742fe4dcfaee1,worldwidetelescope_pywwt
66,097eb3a40ab8edaeff42dd8257c5a9ca783d2900,worldwidetelescope_pywwt
67,09d5e2454038ee386573a2ab9c6739eda0218ac9,worldwidetelescope_pywwt
68,0a14d0542fb543fc3318ec69adb72fd2f7620c32,worldwidetelescope_pywwt
69,0a1e22d1b8631ff6a60a2e791d82bd8479a698c9,worldwidetelescope_pywwt
70,0a6503c0632a18c2e6f29d7687bf95b72af010a9,worldwidetelescope_pywwt
71,0aae4ce00e72dec11109929848b6934f7be559b3,worldwidetelescope_pywwt
72,0b261537cd3a0c00139e6f1d9e581e023d260556,worldwidetelescope_pywwt
73,0b65b48ad65d99fbb6b423b98792dc38fcc65f71,worldwidetelescope_pywwt
74,0bb30fc0bb196f5db9b9cd80020da8ad1cf4e553,worldwidetelescope_pywwt
75,0be647b4895158e26652db5e4fd2fb34f24a8748,worldwidetelescope_pywwt
76,0bebce17307fc5033c964c4c2868cb3ccfdd53fb,worldwidetelescope_pywwt
77,0c1dadc5eee364c473ccaf62d66731333264bb9e,worldwidetelescope_pywwt
78,0c26333a1c29ac4b08a18534c5e340aaae5c4acf,worldwidetelescope_pywwt
79,0c50a9419edf087c78b030363570a52ce601c7d5,worldwidetelescope_pywwt
80,0c5d6581489b6a1db007c0753d6f8437c03a50fc,worldwidetelescope_pywwt
81,0c7a1e108440e5a1486acbae58fffc6903127f4c,worldwidetelescope_pywwt
82,0c947cd81498820c7fb12413449cac495597fa63,worldwidetelescope_pywwt
83,0ce1bd44fa446090365d2c025f7f314132a24d69,worldwidetelescope_pywwt
84,0cf469e313d8ac50c56126f4c7eeb4bfa590143c,worldwidetelescope_pywwt
85,0d1167ab6329c6f1da290d8e038a27f82bf45c15,worldwidetelescope_pywwt
86,0d47db8381c06628d1549ad20b3ec7c1359fa408,worldwidetelescope_pywwt
87,0d5a288366ecacd758488c880618f4d375b05aad,worldwidetelescope_pywwt
88,0d7671bf131552cc7e88111d90e65189f3043d72,worldwidetelescope_pywwt
89,0d929edf46c013c71aeb6bf0f27dffc272bd664e,worldwidetelescope_pywwt
90,0d96a92fa461b02c8624e208ebee9f689eeacad1,worldwidetelescope_pywwt
91,0da41fd078589c647e8a3954ac1d666990f9d1b2,worldwidetelescope_pywwt
92,0da976b7bb34b5f8e771b2b2f462078acc70c005,worldwidetelescope_pywwt
93,0dc03667c575e9be2bf43ef1edddb87a9f5ccdeb,worldwidetelescope_pywwt
94,0dc463d215732f7c8bab08de68017eb163fc4cd0,worldwidetelescope_pywwt
95,0dc7078748b21038a4145e5dd6d59f3b6b989551,worldwidetelescope_pywwt
96,0dc935cd793ea21a599eea6bd6cc3e2785ce978a,worldwidetelescope_pywwt
97,0dd9aa7a609e7e133f70910919b8dd3a7e111a31,worldwidetelescope_pywwt
98,0ddef7706aa1df36c76b34c756d2b1956bade663,worldwidetelescope_pywwt
99,0de4851d5ee535df715feba2f2e759322f33e7aa,worldwidetelescope_pywwt
100,0e0c5fdc2aca56f55355bac2d8107d0666bacc54,worldwidetelescope_pywwt
101,0e54281519529cb3a8305b2f2e9585ffc3ad1869,worldwidetelescope_pywwt
102,0e63d5405656e249207efbae176595d0771e0f9f,worldwidetelescope_pywwt
103,0e9a53ae3bd4c242aaee0347a316ad90150eaf37,worldwidetelescope_pywwt
104,0ea134e94428a4d551221e76c7f64b761b52af5e,worldwidetelescope_pywwt
105,0ea546160b90889920968429c8107deba36d9ac8,worldwidetelescope_pywwt
106,0ea88883e25755f6436a8d3a4751a31dabd09b8b,worldwidetelescope_pywwt
107,0eae5955f5e3b33616fc55c4be7bfaead942abfc,worldwidetelescope_pywwt
108,0ebfc6cba9e3345face1e30e9ee481eeab3e1987,worldwidetelescope_pywwt
109,0ef16c44d1c59b318d3e9cd655574519e2a1f332,worldwidetelescope_pywwt
110,0ef5af4e4b64cd9afca1ef31cc461a0772542c1c,worldwidetelescope_pywwt
111,0ef8b91ff95dc373f9cd6e32dff7db820fc47fa4,worldwidetelescope_pywwt
112,0f5ee72e310bf22778238c90d4d5d26955ffe768,worldwidetelescope_pywwt
113,0f6d3f0a38c0c436c0a51c123fd080517ba1396f,worldwidetelescope_pywwt
114,0f7761cfe5051702e1442e18f612025643d1be93,worldwidetelescope_pywwt
115,0fab45ad11833212de16917e646d78fb1a68d800,worldwidetelescope_pywwt
116,0fb6ad6e0e6e8d6b1aab8cfcfd1d5f993770c612,worldwidetelescope_pywwt
117,0fbdc5395210d7b53d5dae122d1a17ef56f515f8,worldwidetelescope_pywwt
118,0fd4c7e225647ea1571be63e1f95d1c000e31d51,worldwidetelescope_pywwt
119,0fe87d4b3f147f4629f5006c3f33113381847f6e,worldwidetelescope_pywwt
120,0fff372b5969fa89b2c63de4cc5660eb04905bc5,worldwidetelescope_pywwt
121,1035ec993a7314a4a54cad56eaf21ed706578524,worldwidetelescope_pywwt
122,104664249e13e5753736c7356e792423e3f6e2fe,worldwidetelescope_pywwt
123,1063491bfeb3faa5cbfb6fef98ee6123054d2248,worldwidetelescope_pywwt
124,1092581d1b1d43c59d4039767ef7848eeb82b2c1,worldwidetelescope_pywwt
125,10d49ff0f0b61218d0c4cb629242860180ba9c7b,worldwidetelescope_pywwt
126,10e20e71f6032710e70f112762d669da0107e950,worldwidetelescope_pywwt
127,10eb18ae406421afebaa6d4fea59205b118c63d3,worldwidetelescope_pywwt
128,110b8f7946901bf4fcfa5f350ef2b938dbde5de5,worldwidetelescope_pywwt
129,11399a0dbb518ae61bf0ccd274ca1d832f00860c,worldwidetelescope_pywwt
130,11511b89abd056c6a6afd37961c2bfd0b80d81dd,worldwidetelescope_pywwt
131,1184ee38bed782e236fb5253e600299d3ef88060,worldwidetelescope_pywwt
132,11a5ecd8106f20472682718fdcbe5e4aaa42ab5c,worldwidetelescope_pywwt
133,11de8d11dcf3a191194de7da0677792492e7e343,worldwidetelescope_pywwt
134,122272b8eb1ab71d0337fadd58280f847bfa6755,worldwidetelescope_pywwt
135,1243d20d8317c9c6ce3b24b3ea495eedd99cc896,worldwidetelescope_pywwt
136,1261146c6d38d23c72c6d662e726cbe0ab6c28bb,worldwidetelescope_pywwt
137,12d1658b62b1ee02e9fc1daec288299ebc245cfe,worldwidetelescope_pywwt
138,12ddbf01746fb573ff2dfebe347425e7fa1f63c1,worldwidetelescope_pywwt
139,12eeb86a72c193629bfb6847e472b77ebf427b4f,worldwidetelescope_pywwt
140,12f0bc1ee27338c500624b140a14c217790c3564,worldwidetelescope_pywwt
141,12f961651e632b73515bf7f9024fc8dd2aa2993e,worldwidetelescope_pywwt
142,12fc17e85623dca51c829468efbfdff784bc7d70,worldwidetelescope_pywwt
143,12fe974332892e7ea474bf03ee056258d1b5f4a1,worldwidetelescope_pywwt
144,130881489bbc315451ec6c61b00a25a979702578,worldwidetelescope_pywwt
145,132f138cc58ea4f54087653b298d949c8d90e93e,worldwidetelescope_pywwt
146,133c7cd60e384156c29d7e313dc3b4e08a900dd0,worldwidetelescope_pywwt
147,1373daa1aee5e99ddb170fad1c2dcb16f94dbac6,worldwidetelescope_pywwt
148,13aaa16c8d1c5f6b47882def4fecd47aac88891b,worldwidetelescope_pywwt
149,13ecbc59a89a6737c6214748b847a876fe62d982,worldwidetelescope_pywwt
150,140d39745cdd13505e43d6618ccb9e178f455e3a,worldwidetelescope_pywwt
151,14187e3e094cec7edb3f96299e9dcc2250b0b732,worldwidetelescope_pywwt
152,142f3f7fb0d54f2cd5ad28094e7bf9e471232d60,worldwidetelescope_pywwt
153,142f7b70630ce6d007c8fc00e15f1c72deb67752,worldwidetelescope_pywwt
154,14881494daf4aa3eceaf4cf51aab9d9537d472a0,worldwidetelescope_pywwt
155,1492c9ba0c45a5e6998c190456def640bed38fce,worldwidetelescope_pywwt
156,14979cdc2aa7518c3eec72209f80ef2c2d49e5a1,worldwidetelescope_pywwt
157,14b4a5f8528cec8745f72d8d81490ccaf7b0d24c,worldwidetelescope_pywwt
158,14c20895a7bfdd2e39f4a3195c85a0b2b83362dd,worldwidetelescope_pywwt
159,14c9e60aa456a4df0fee4a1aa11464dce3ff6c4d,worldwidetelescope_pywwt
160,15098ddf092cb191f5bba695e2bfd3b7991f4208,worldwidetelescope_pywwt
161,151e6a588030b2d02d0ec81af64f21f7e0632729,worldwidetelescope_pywwt
162,154865f9b5e5e096a11278d6640613699f62bf09,worldwidetelescope_pywwt
163,158e0a6d4a258e9d8ee010ed0029aa0d29badc97,worldwidetelescope_pywwt
164,15b5aa61b110f0c2304a0a926f92a44bb74fafe3,worldwidetelescope_pywwt
165,15c5a66f2fcecbf22b826ddb3659906973621de0,worldwidetelescope_pywwt
166,15d3aca12d399c5b96bd4bf7cebc88fa34c8ae5d,worldwidetelescope_pywwt
167,15f60fff3b14693af6dcf4220e485d22f54f1501,worldwidetelescope_pywwt
168,160986dc7e992f3e38e4a806737b263cecd2d36f,worldwidetelescope_pywwt
169,162a1ddefac7f42f383db21999cebd6ea56518e2,worldwidetelescope_pywwt
170,162a57028d9b325a62d421850b6cfd487c944726,worldwidetelescope_pywwt
171,1640a511335d236045e22306708f20b07cc66180,worldwidetelescope_pywwt
172,16da172e365ec225132c2c81742c318893dcf9cd,worldwidetelescope_pywwt
173,171d4cac4041f79cea6c3cc04b409d884a3e6166,worldwidetelescope_pywwt
174,1725eb70cd00e59953ccb15ab9158b8eb71e916d,worldwidetelescope_pywwt
175,176a4e68cf2acb95faddc897a43853ffa2a8322f,worldwidetelescope_pywwt
176,17783828eb938d41058631e594c59aa22320d88a,worldwidetelescope_pywwt
177,179cc0e34c4ebebbf9765cfd122928450e08937f,worldwidetelescope_pywwt
178,17acdd2be12fdb7838c14083303307b5fd1a21dd,worldwidetelescope_pywwt
179,17d9e9d41b9126917cc1910f2ad66d828ef2ada2,worldwidetelescope_pywwt
180,1816d72ee7f0d8465b904c978870e6f9fb6988a2,worldwidetelescope_pywwt
181,1837becbd9d6f8d74550b21b38af46ecc3b36362,worldwidetelescope_pywwt
182,184c1baa575053b9a67f3ab567fe1cd73b258a5f,worldwidetelescope_pywwt
183,186dda6982f417182c8333594adf865002731165,worldwidetelescope_pywwt
184,189900ceba44b972cbf65fde65f1cb0a99199e79,worldwidetelescope_pywwt
185,18ef7af1ead9ae8bfa02c31890d777edaec3addf,worldwidetelescope_pywwt
186,18f71681760cff6889e03bd23f2cd92984db1dda,worldwidetelescope_pywwt
187,19177091018710107ce1dbf70397060577c8ba31,worldwidetelescope_pywwt
188,19800a285b3f565e991f00a7b38c518de3bd8b66,worldwidetelescope_pywwt
189,19aa6adf3fc48455488019055c510b1abd00e016,worldwidetelescope_pywwt
190,19cf30997e2a757b5308f9c66ffeeb04cedae7d2,worldwidetelescope_pywwt
191,19e228dcea2559b0438c180a1c4532155fb2a412,worldwidetelescope_pywwt
192,19fdcd748a7653681267cfb155d3873bde8fc184,worldwidetelescope_pywwt
193,1a240d91860d9fe72e3ff9ebc75bae62dab4e9c6,worldwidetelescope_pywwt
194,1a4ca19c21493908d5d0c620ae83f41fb0acaf11,worldwidetelescope_pywwt
195,1acb9926087b56aaf5d51a389806731c79da12bd,worldwidetelescope_pywwt
196,1ad614c3374d553e52c3e6ccd1fb0db93075778c,worldwidetelescope_pywwt
197,1aebb6d67127e2a5d08ae295d0940f3cbb24d2fb,worldwidetelescope_pywwt
198,1b09ce46bc809cb26948d5f02ee4fab1c3b00264,worldwidetelescope_pywwt
199,1b3295a17d7b7c490829832a7a925f6b68c8ba50,worldwidetelescope_pywwt
200,1b3e8bb2261285787b9c56e67601578771c470fe,worldwidetelescope_pywwt
201,1b469946508c66ffc1a53982d270545864c02b16,worldwidetelescope_pywwt
202,1b5e2e24ab7ec1f4df273c3906073221ee9ba882,worldwidetelescope_pywwt
203,1b722636c39f28728a94679d9bd2cb3c536156f9,worldwidetelescope_pywwt
204,1bb2b22705934525fd0cd8552f2fca3c53690498,worldwidetelescope_pywwt
205,1bcf7f374712c0f34cc070120c8d087239ef2667,worldwidetelescope_pywwt
206,1c41f71e840f43e403062e68aa061831b937caed,worldwidetelescope_pywwt
207,1c8a3ec94b94d307af650473b00133d92fc90a74,worldwidetelescope_pywwt
208,1cd398556624021db5657d33cf320d17e04d78db,worldwidetelescope_pywwt
209,1d477ce6570d4de65b8da95fe3200d5197c98f55,worldwidetelescope_pywwt
210,1d609ca194574609ea0bece332bbd16eb0301566,worldwidetelescope_pywwt
211,1d9fe5604ee21734a0c8ce4b5b702bd37453108a,worldwidetelescope_pywwt
212,1dd5a3716bb34c7d0b4cfd53601893907ae78451,worldwidetelescope_pywwt
213,1de87bb76b92d73e251ab69c08f5be57a7e3ae31,worldwidetelescope_pywwt
214,1ea840ac22ef83553ed290277681cd6cdf50e87a,worldwidetelescope_pywwt
215,1eb3919771cd051d03a7efdca41e04683520dcd9,worldwidetelescope_pywwt
216,1ebb38ab5327b59f6a436bdb10724ef502881a82,worldwidetelescope_pywwt
217,1f20dd1b79a8a451759ab18eb3083963a258a2d3,worldwidetelescope_pywwt
218,1f483ee80bea298eab5372320f172b5260a693db,worldwidetelescope_pywwt
219,1f955ec0dc1d4f7ae6cce3f1abbddf90d495aa18,worldwidetelescope_pywwt
220,1fb409b6dc80533a7190a4b4b9318b4b3c413584,worldwidetelescope_pywwt
221,1fb8a33e5e14aeb0da7c0751f192a40eab947729,worldwidetelescope_pywwt
222,1fde0a8f81c657c5bb4e7b2484a9ca89c9c6c293,worldwidetelescope_pywwt
223,20001cefc0e691f34f19f2529b6a656d824ad2c3,worldwidetelescope_pywwt
224,20315016397e5103861cb32e8030f2e18cb1b896,worldwidetelescope_pywwt
225,2044d4b227f8bfd3e00e81f3dc557039a6c781f8,worldwidetelescope_pywwt
226,205eace87ef2ac4df124a2f0909dad2a0b45445c,worldwidetelescope_pywwt
227,20a3effab02e963ad2da6625e9890f80f273b814,worldwidetelescope_pywwt
228,20d564abd5f990d64332c24d18727d1b168ef338,worldwidetelescope_pywwt
229,20da3ac584705a0447c3227a146ab3aadd70f685,worldwidetelescope_pywwt
230,20e05d7bee7bba9a4b66a10aa3865b3559b56573,worldwidetelescope_pywwt
231,2113235a6639582bbb40ec803dea289b9f5e35d3,worldwidetelescope_pywwt
232,21140268dab9902797db0a954b2e4f29e2b7944d,worldwidetelescope_pywwt
233,21197aa150650b448c57fda1fb9061d0c20d0075,worldwidetelescope_pywwt
234,216a47e350cf8659dfdcdb53455e3f1a61f50a77,worldwidetelescope_pywwt
235,216ee093be8f7ebd53c193df094955183e8b1b9c,worldwidetelescope_pywwt
236,217300f6f9d1935d4ce159000423bcd42f29d090,worldwidetelescope_pywwt
237,219149b11a17fbf2a13d51b8b10e446c27d43e57,worldwidetelescope_pywwt
238,21a4ef451f439588a1cc99cbe7f5619e605a31af,worldwidetelescope_pywwt
239,21bb7296c477eedee6d81aee4037c98bcd3d3705,worldwidetelescope_pywwt
240,21cc5254f3aadce5bbcee7c1280eb263b6e6a5bd,worldwidetelescope_pywwt
241,21da2175d3c3628f255c398e8b669bd56d6786b3,worldwidetelescope_pywwt
242,21e3245e9a500276b0d75319545fab4e2d43d826,worldwidetelescope_pywwt
243,22117b7a2e813f5fca9e9096fdbc2cabb1ee7854,worldwidetelescope_pywwt
244,225b413ef03fd4eecf68d7bc6b711d6b3a475441,worldwidetelescope_pywwt
245,2266224c74e0b155b6d0e890872b0ae514846431,worldwidetelescope_pywwt
246,227cd21b04644e9b09b790edaab7d13b2afee959,worldwidetelescope_pywwt
247,22d56fd9363ac51c1dee9375fbb81b80da8aae07,worldwidetelescope_pywwt
248,23255f470c3edd4ebc4b127e8c798634d381558c,worldwidetelescope_pywwt
249,232c0cc6cd2c5308647c515e2461eb89761da46d,worldwidetelescope_pywwt
250,23486351ca34996f6366e32a3bab7112882121df,worldwidetelescope_pywwt
251,23cda0f07c085f54e597bf015cc4c34d667cc01a,worldwidetelescope_pywwt
252,23d87a2b330889137f728d3320b30cc2d1a9c1f0,worldwidetelescope_pywwt
253,245fcbfd9b1aae277fe620b0ec3b70bca81364e8,worldwidetelescope_pywwt
254,2495ea40975ddde12bcda7fde2fdf66a39411ef6,worldwidetelescope_pywwt
255,24a7e62d70f3ec73052b7dacdc2fef58f429d390,worldwidetelescope_pywwt
256,24b8817c0f8991319246c9c6e51b9b81b113914b,worldwidetelescope_pywwt
257,24b9d9521394f7e351f8b21586f25e92943e670a,worldwidetelescope_pywwt
258,24c94b70b1f890c3933f05a7fdf2a3ccd06958e9,worldwidetelescope_pywwt
259,24f86a3011f8d200a4ff54a7b0c1726b6267375c,worldwidetelescope_pywwt
260,24fb5b77985c3a1c35940e7e6fcdbff3dc3c799a,worldwidetelescope_pywwt
261,24fe8956cf3ec522b61b58371bd516d27c6a913f,worldwidetelescope_pywwt
262,2504dba93c69c33bb3b983250866b7f4e92d3ee0,worldwidetelescope_pywwt
263,252fd7bf0d09802f00bb72f8c9cc5e97b54c1e61,worldwidetelescope_pywwt
264,253fe5bbd1c20ea07c162c3bfe044a645a39a73c,worldwidetelescope_pywwt
265,25569d448791cc66d00457837ff6619c6b6fe55d,worldwidetelescope_pywwt
266,258bdd1955fc640f4647e5288584f48abce4ac41,worldwidetelescope_pywwt
267,25d058b0ec66e0e44473b67af8d711ce0b7266c1,worldwidetelescope_pywwt
268,25d6042e192f5e9840b1df988ee05633e897318e,worldwidetelescope_pywwt
269,26a8c2f49198c5000fc169255c5943e347bed97c,worldwidetelescope_pywwt
270,26c3ebd7b1a6272680622aaa4c653a662993dffa,worldwidetelescope_pywwt
271,26deee2ea2c03a263454d9fa5757dd90fe59244c,worldwidetelescope_pywwt
272,26e96794e6f73c5663af626aea2d67c435f4826f,worldwidetelescope_pywwt
273,273a31f7cf03234b5a361043c21c47512cac5037,worldwidetelescope_pywwt
274,2744d891ffcf237ecfeb3753c47f4543baba20a1,worldwidetelescope_pywwt
275,2752726483966787f19a3cd1764b26ca636af321,worldwidetelescope_pywwt
276,275d6adf2587e31a5547eb695aedb57ad62490a7,worldwidetelescope_pywwt
277,27762990624872ee75b7a95726c7dc460fe321e0,worldwidetelescope_pywwt
278,2797eb1feb81392dc83789e80bd66265073cb56d,worldwidetelescope_pywwt
279,27cef9136ba804a0a1cd7bec6b8314f2962ff7ee,worldwidetelescope_pywwt
280,285c308abcf7da264ffe94cd3be394f9e6a21ada,worldwidetelescope_pywwt
281,28c0a830a17197dbe8fb62a6635c0d207905b535,worldwidetelescope_pywwt
282,290ccbc68a68aeeaa5a65de4868d8c8aef0e30c0,worldwidetelescope_pywwt
283,2917900121d849e4a1eec328affe086749114148,worldwidetelescope_pywwt
284,2937e376b962162067135f3ac8b7b6a0f1c3efea,worldwidetelescope_pywwt
285,29756c4c042b3d1e2f55b99825abcc115be7d1b4,worldwidetelescope_pywwt
286,29af86af1722b00aeea3d0d2c73d1b3c45fe1242,worldwidetelescope_pywwt
287,29c74aaaeddbf321b77d910812fc63f6c7a2f641,worldwidetelescope_pywwt
288,2a0a0800bfb476db55b6d1a4069cbf5af6d0fed8,worldwidetelescope_pywwt
289,2a0a3b15eff473a66a5d13b55e97a00a90af59c1,worldwidetelescope_pywwt
290,2a167f680a4b3354e59adf0450340e846a91e1ca,worldwidetelescope_pywwt
291,2a36f238aec20cc459c087f9c6117e888262461b,worldwidetelescope_pywwt
292,2a7857e7e13a2289cf491afcb3852404c3167021,worldwidetelescope_pywwt
293,2a9c816813f3a2df968030380c9906affe9a2b06,worldwidetelescope_pywwt
294,2ac06c336a7afa7da7f0bc9099043defd71812a4,worldwidetelescope_pywwt
295,2afd7c368885da0b6baa3cc8ddc7392891a6000f,worldwidetelescope_pywwt
296,2b1534d6f5e800c6932941fddd2544e87baf6cdd,worldwidetelescope_pywwt
297,2b2d29d6e87c023b2f4348f4601d186d9a923484,worldwidetelescope_pywwt
298,2b5ab549b848b00ac9ca8a091ed68dd449bff379,worldwidetelescope_pywwt
299,2b6b160b96b46ec6b81ed2b1951a52e55121de83,worldwidetelescope_pywwt
300,2be030f01f47acd7c66b177a8f4b424e98b5f1e6,worldwidetelescope_pywwt
301,2bfc2506b164ee987e131e17f7177e47ed91def5,worldwidetelescope_pywwt
302,2c0fc7e0d3535e27513f58cc8704fae6fc62d5cf,worldwidetelescope_pywwt
303,2c3129285c5b6eb6d2a0e9adee689b7038cbdc9d,worldwidetelescope_pywwt
304,2c3ea2d76474873cb16eb4439b945b726f109da1,worldwidetelescope_pywwt
305,2c4e036736fd84466250c21dde078de0ad21a774,worldwidetelescope_pywwt
306,2c54a9b47dbb303d9431567cacf549d2d7d806c9,worldwidetelescope_pywwt
307,2c625d773cc803c9067b3fc67b0f4b19e58d043a,worldwidetelescope_pywwt
308,2c7377bd1feb7dcefa0d8eef9ad68dc269582a8f,worldwidetelescope_pywwt
309,2cb3fb564ddbd95bf57578cbeabf1b3855e51a6d,worldwidetelescope_pywwt
310,2cf9bdbe9d7b1dc36569df25817a1c455bbf67d2,worldwidetelescope_pywwt
311,2d30a2672c68a44c1f3e01a5b7b46467be84fe62,worldwidetelescope_pywwt
312,2d6c6bb6f823258e7455f78b427e3f4ee5eecd9b,worldwidetelescope_pywwt
313,2d730553b046babafba51d404edbf78f231fed92,worldwidetelescope_pywwt
314,2d8d4ee8ce3ecd09388fefcf37e85752c6f916bd,worldwidetelescope_pywwt
315,2e06d9d8bd32ceb65805e0d0f02cca46021c2761,worldwidetelescope_pywwt
316,2f195b7bca27c1756783390d2cede96470040cb0,worldwidetelescope_pywwt
317,2f264a5fff8f747808fce25c12f0fb2e05253279,worldwidetelescope_pywwt
318,2f2819dcf72d2c8ff22885c2d4aa6f1aba6fdb6b,worldwidetelescope_pywwt
319,2f59c631f3994a1012f713b1325977584a154e51,worldwidetelescope_pywwt
320,2f994a86f1490fec37cba92de2a25660b9e0ee48,worldwidetelescope_pywwt
321,2fc409e1b2bb545d6895bc06d218c2859b37399c,worldwidetelescope_pywwt
322,2fc681bcc625a601faf9dbdf996952a7c0fef82c,worldwidetelescope_pywwt
323,2fdffe1067b24fedf0da96ccb405cc02d73317be,worldwidetelescope_pywwt
324,2ff49c3f6c27c00234497226764965d7fb602908,worldwidetelescope_pywwt
325,3029f6324c9f2c593cace65f02ec0da5b22054d6,worldwidetelescope_pywwt
326,30371eeaa0ca9b6e7e725c26206320c61f1dec37,worldwidetelescope_pywwt
327,30793b902f5372ec3b1a79ced1a9fa9cb7ae3583,worldwidetelescope_pywwt
328,307c4fa8e56fdd2ca19cc70f69c93903e460540d,worldwidetelescope_pywwt
329,30861bf0940efd19178b7e8cd1ed427d393f8f3b,worldwidetelescope_pywwt
330,3102c3b06b02795328437288c1397e3f8e4e8543,worldwidetelescope_pywwt
331,319fb71d864cbfa93b79e92593339ad432c75bf7,worldwidetelescope_pywwt
332,31c389f610b5025310df060841837c6889a2d6bc,worldwidetelescope_pywwt
333,31f60abab6ae76626137037e9ec76579dc7c3777,worldwidetelescope_pywwt
334,32332cdb7ecaa25748295d0e16d9dc7f1e42333f,worldwidetelescope_pywwt
335,324703bd2e48f97e19bfbb23e54bfd3a72bf2f6c,worldwidetelescope_pywwt
336,32cfd40a7a85253cd0d809dde1178287124ef9e4,worldwidetelescope_pywwt
337,32d79543fed1276a2b67f63fcb7e2569dd5feca3,worldwidetelescope_pywwt
338,32e468a76be66787ca07c59d18ebe98d7ae6bb33,worldwidetelescope_pywwt
339,32e8b5d3d0ef0ee3c80cbdab8968aba1498acd28,worldwidetelescope_pywwt
340,3309a2a375d3bd38d6aa221ecb5975e3ad112e17,worldwidetelescope_pywwt
341,3328b2fc6b1cdcb9a469ad4634dc60204c145035,worldwidetelescope_pywwt
342,33602d72e701a4e5a06c8ba6094111309255f842,worldwidetelescope_pywwt
343,3375571e5dfec6addbb199a7ea9b96f6d04a31ae,worldwidetelescope_pywwt
344,33fce4ab7fd35287728d84058475518b2b7f0515,worldwidetelescope_pywwt
345,34557eb9ea715d2b87aa97715d578bd50f737ac9,worldwidetelescope_pywwt
346,347e71334ef80ca7151fd2629256cadab787d815,worldwidetelescope_pywwt
347,34fa8921cb06e2ef73dcbeae11bd474946eb7b7d,worldwidetelescope_pywwt
348,3514d0fa82074743ba3365c9de10f3957f20aba7,worldwidetelescope_pywwt
349,3515dc6849c37259f7a2ee40bb71ca22b52d417c,worldwidetelescope_pywwt
350,351e3e10b624537ab327d4e6ceafd86791b622d3,worldwidetelescope_pywwt
351,351f098062b96aa007a1469698f9b44060f527b2,worldwidetelescope_pywwt
352,353fa4964e45109d60fa2a69744c5c458fcf463c,worldwidetelescope_pywwt
353,354cff8afba61d61dcbb23f4bc8cc695a2aa3ef5,worldwidetelescope_pywwt
354,359cc0f24c83ecc60dd7dcbeae4ef1b1aec1cd9b,worldwidetelescope_pywwt
355,35abb9ebda5ca0136eedaaf708b774857cdab503,worldwidetelescope_pywwt
356,35c35b4b5342aeeb891e81574ed0ef494bb5de67,worldwidetelescope_pywwt
357,35e67b2bfc4e9cf2813507a42ea93633be76cbb8,worldwidetelescope_pywwt
358,35e865d33633cb84b182ede2db049cc24130e34b,worldwidetelescope_pywwt
359,35f633eb3656e1024947fc28f9822f9cdf7ae851,worldwidetelescope_pywwt
360,3665ecbbc5e16773279712f114fa882c004ed34a,worldwidetelescope_pywwt
361,3666f180937c3e6b7282650df05a89a95405a6fc,worldwidetelescope_pywwt
362,366e5f3a81121a773e50d82b0796ecf688d48b01,worldwidetelescope_pywwt
363,3690e51c48b4fe1fda8b496c8a7543fc2febdd97,worldwidetelescope_pywwt
364,36bd7fed868cd45b1f4c5cc161b73a728c808c54,worldwidetelescope_pywwt
365,36be20302c551ecfd995c6b6bc922ed3e4d0367b,worldwidetelescope_pywwt
366,3702310f61c30313be09138cbff552740e5140fd,worldwidetelescope_pywwt
367,374ae5f4c50c0752d54d94b965ffdf782eab3ce6,worldwidetelescope_pywwt
368,3757604203f979f91dcbdd18504b5529126ad650,worldwidetelescope_pywwt
369,379288ff71f207292b61f0be3898f4041e4a48a1,worldwidetelescope_pywwt
370,3792f1d18feaddf19f2d467d434c11cfabd30a64,worldwidetelescope_pywwt
371,37af56a5cc59769dac2a354b6f8ab6ff943c975b,worldwidetelescope_pywwt
372,38585b5373e2ba99a3b4f7bb28d6e60399d05bbf,worldwidetelescope_pywwt
373,38b41d75698b4694ae7900f30230b158673dc7fc,worldwidetelescope_pywwt
374,38b87606908a374d6df4d3786c30f3904f54dea9,worldwidetelescope_pywwt
375,38c83895f33769db2987bb9cd2d894fb9db4a57a,worldwidetelescope_pywwt
376,38d184d0fcb9bb49ef88fd27ff2b8e9af958f829,worldwidetelescope_pywwt
377,38e42cde5ff3fc2671202d4173389d991782d621,worldwidetelescope_pywwt
378,38f1a1727168539ed1af5e79b6f4fa1a4b2ff0de,worldwidetelescope_pywwt
379,38f646ee1ccc7fd22f50a2048313ae3949afaaf3,worldwidetelescope_pywwt
380,390e487f4c2d752313143f783ac3edf110720daa,worldwidetelescope_pywwt
381,391908e45c650fb42c68c9658af1191d55da6560,worldwidetelescope_pywwt
382,391f3ea92845221e322a86ad221ca3089451d559,worldwidetelescope_pywwt
383,39613d82084e7559885db2f4cba5a81c6092654b,worldwidetelescope_pywwt
384,3963f2fab1d992483cc1c89613b4f20ac0f12a50,worldwidetelescope_pywwt
385,397fb4d4db4617c49c79e5e9930bd899d1ad456a,worldwidetelescope_pywwt
386,39b4035e2386cd36f9ce92cb761c4912b7a17d89,worldwidetelescope_pywwt
387,39b7a7167c3152e4cb93120b314d3e0b58106f11,worldwidetelescope_pywwt
388,39ee74116163ea614c0332f7f68ca30055f13e5d,worldwidetelescope_pywwt
389,3a27c65b544bb598bae9f29c02b8c414707c01f1,worldwidetelescope_pywwt
390,3a329d362a5833370b324e3b0d0c3725e997476b,worldwidetelescope_pywwt
391,3aba4ce001a2b1ce357fb32d4e53190c52553e6b,worldwidetelescope_pywwt
392,3abf16015e8171a97b73ba28dbcbffbaca39da69,worldwidetelescope_pywwt
393,3b636f403c48b53d284d06bb0ead9f6892458b20,worldwidetelescope_pywwt
394,3bc60d89cf7004072e3a930b8ef9bd12e6874e62,worldwidetelescope_pywwt
395,3bd80b500ecbd79d3bc3d2d6bd14867b6ba46f9e,worldwidetelescope_pywwt
396,3bdd38613755fbaad6389b8fafeeeb7c462bd265,worldwidetelescope_pywwt
397,3c5691d9edbd151583746fbaeaed9dce0f07fa6c,worldwidetelescope_pywwt
398,3c57370fb01215508f4e2ea0339547c01846ba03,worldwidetelescope_pywwt
399,3c79ad87c001225decb94997008ccda60c95b32f,worldwidetelescope_pywwt
400,3cf8b383bb4fd9bf02917badd267a9e4d8e4bee9,worldwidetelescope_pywwt
401,3d023b2932e14c2e418641d87dbae89cc8baaf35,worldwidetelescope_pywwt
402,3d1676a63a0e2116f5f0bac5c933b016c122362f,worldwidetelescope_pywwt
403,3d7967d1dee533b56e2c6f8860ee1c95bf72b05e,worldwidetelescope_pywwt
404,3d85f48d767c0986a01dc451f382391c29de9c29,worldwidetelescope_pywwt
405,3d9322d95933142bcf004cec889f689244804031,worldwidetelescope_pywwt
406,3ddfa3c57a1632ec45fd69630a8227b3eb84ff3b,worldwidetelescope_pywwt
407,3e519511dde2695e00ebb79348c24e81980fae44,worldwidetelescope_pywwt
408,3e5d708e20b0b87ce5371de089aede97d59c11c3,worldwidetelescope_pywwt
409,3e87584aac51df682c921072c242579e23c9e08f,worldwidetelescope_pywwt
410,3e880f14d8ab09aa77e49fa08047703a38a4aaac,worldwidetelescope_pywwt
411,3eb05ec35d1c13ca1e906c468fe862509c43bf95,worldwidetelescope_pywwt
412,3ef4ec9a3dd615ebf4808cb8a3a468dc34a679e1,worldwidetelescope_pywwt
413,3f7b793bb44eb93a5b18cbab7e7067ac18813762,worldwidetelescope_pywwt
414,3f8208379660993978396bf115dde3e0d7e009d5,worldwidetelescope_pywwt
415,3f9eb34b677a7cbcaf955bccf88d744957442545,worldwidetelescope_pywwt
416,402359140ef70a7f22f9194aa2de7251528953d9,worldwidetelescope_pywwt
417,40320c3f541c8e809316c9935e7ffaf548f1c4ef,worldwidetelescope_pywwt
418,403abe781514b420c633f7d3a3074b2683562a6b,worldwidetelescope_pywwt
419,403c9594eea4490cca7269504d9d5ed1b1c843fb,worldwidetelescope_pywwt
420,406e9a5c18c3beed17ac65db0f8de1e4d66f7b55,worldwidetelescope_pywwt
421,40d212d1e1bbc5954f728cccd0fb52074e8ad0f5,worldwidetelescope_pywwt
422,40eb99fa3b57352ab159b911859ecec71cd0bd7c,worldwidetelescope_pywwt
423,40ed3c550906762f97af8b2b6ad31e82da950d5a,worldwidetelescope_pywwt
424,40ff767711d7e2fdf74f2e95e16192f49a25653f,worldwidetelescope_pywwt
425,41296ddcb2be93e647cdb7d3324536bdec6f2c11,worldwidetelescope_pywwt
426,4131f96745fee02467aa5dfade0628942beae1db,worldwidetelescope_pywwt
427,4167cd04474edd802a81f331204f9ca558fe1a90,worldwidetelescope_pywwt
428,4172750b93aa604ea139dffee2d7ce321e5947b5,worldwidetelescope_pywwt
429,41757ef0b093eab8e30f991b528a8c868184c48d,worldwidetelescope_pywwt
430,41889297618582c2a31a773564d6093bac22a32b,worldwidetelescope_pywwt
431,41cd8c3b3fee115b1400af02536b15d6d344731e,worldwidetelescope_pywwt
432,41d8de4cec91dffcc95010465a0a6f5c8f7e1be1,worldwidetelescope_pywwt
433,41ec562aeb63b74157c57cbe4fdf9da12967b400,worldwidetelescope_pywwt
434,42334fa38dc8ab72f8929af856bd6a5309a5623b,worldwidetelescope_pywwt
435,426ad4b5dfd8c1a513fa23f06902e553a7bd8206,worldwidetelescope_pywwt
436,428bf3975f4df6f5ed27ef5f82b290c11c82ec5d,worldwidetelescope_pywwt
437,42931502cb782d52f55a27bf5c208e5e47e4c976,worldwidetelescope_pywwt
438,42aa330706c1ff7136daa1428e0e687a1614c542,worldwidetelescope_pywwt
439,42c3c8f89ff5ed5e106ff587ef282ba3cb15c644,worldwidetelescope_pywwt
440,42cc8c69224508eb3e8e3874023f79b698bed2f4,worldwidetelescope_pywwt
441,42dd83f8b1f95c7c5a9bb44d9bb97ab17f76506e,worldwidetelescope_pywwt
442,4307f18249d3da4e09f85545557072bad0760cc7,worldwidetelescope_pywwt
443,434c9687608d402f76c6c8852ead7df1ff8b4624,worldwidetelescope_pywwt
444,436555bfe6c866658494e8e239d083f22056591d,worldwidetelescope_pywwt
445,436cbab3a3e7668096f8fa2b24df2dd9d0689ebe,worldwidetelescope_pywwt
446,436deaa1c00dba2da354008d7fe917d7d231ab99,worldwidetelescope_pywwt
447,438d9847f58c0808aefabbbe0715b404ad920d14,worldwidetelescope_pywwt
448,43a3e02c892cb07a3843b25e3910bc81b188433d,worldwidetelescope_pywwt
449,43b708aaa7e9a1337fbe49862e44f633c4f7b570,worldwidetelescope_pywwt
450,43bcfffc76e4db41550defecaf1870d04cdcfe34,worldwidetelescope_pywwt
451,43cc470e400ed1fe3723daec726d0155d2620cec,worldwidetelescope_pywwt
452,43f8748b337cfe916ccf7cbdf6fbe076c72ef7f5,worldwidetelescope_pywwt
453,4414f93caafc8725abc5d25ca7bf0423a29bded9,worldwidetelescope_pywwt
454,4426cdf6c981b4cfb2c2ac6796036ba9d22526a1,worldwidetelescope_pywwt
455,44377f5f65671363a5ead522204fb04d6344452f,worldwidetelescope_pywwt
456,4448e7a1ef09adadaed7c2615f7f1c94e95b2af5,worldwidetelescope_pywwt
457,447d07e6fa2ea032cbb5a0e08014fd817a75352e,worldwidetelescope_pywwt
458,449f88aa0a6369b75cdb4ee82ba4bd10aad2d067,worldwidetelescope_pywwt
459,44fd25cc8fbae44e3883a0b1292932caf25f59e2,worldwidetelescope_pywwt
460,4515c69382c342f64b92c12fd796b9644fde1f68,worldwidetelescope_pywwt
461,4516c7aa35aed8468e8ccfe4d569a8b41d265a07,worldwidetelescope_pywwt
462,452a6857200d82adcf1f60c31a408b304d3f3b94,worldwidetelescope_pywwt
463,455fe08dc439ae0fa4377ccff1883fb141d81c0e,worldwidetelescope_pywwt
464,4563b5c027182a59d6f9dee07b008fff4f75fe95,worldwidetelescope_pywwt
465,457e9da462e4cbb742458d3175fd2204ef79e7ef,worldwidetelescope_pywwt
466,45de54a2fdcdf4764d55f92832245f7b80189c16,worldwidetelescope_pywwt
467,45e7bb5ea9406498a9ee2ecbe84c42fc2e2d38ac,worldwidetelescope_pywwt
468,45fa3c316c86ba180e31786f67634ed8e116572e,worldwidetelescope_pywwt
469,4638aee0615ce5491b538219494a17d984dc77b0,worldwidetelescope_pywwt
470,46cc64538c19de7536812b4c67b8cd5bf463011a,worldwidetelescope_pywwt
471,46d807d2ac152071fffa65c3beccd3bc1a6cb03d,worldwidetelescope_pywwt
472,4719d995fe1939b22a3ef9de4c373e641d3eb9e1,worldwidetelescope_pywwt
473,4732dee6a59c8059110f8215af341d8e0466c1d2,worldwidetelescope_pywwt
474,47361cb2e48f2f3a9b21d707fb27e8f5232d8803,worldwidetelescope_pywwt
475,476a024e9050fdde5693342ea51d9c7a2e68d048,worldwidetelescope_pywwt
476,4782a6f7eef8f8d38f05d1f422944c2e613a52c4,worldwidetelescope_pywwt
477,47a217d92089ce3c3040be082c0156b47531df92,worldwidetelescope_pywwt
478,47a393e6295981ed9f5a0f1db0bb2298c08b30b5,worldwidetelescope_pywwt
479,47cdd3520cfd6f23b2da72576ca96a634163318f,worldwidetelescope_pywwt
480,47cec34332c44203119a276fe2ebf7c313c83379,worldwidetelescope_pywwt
481,47e19f6c2eb115d7330f75b11ea110fd32bd7ec9,worldwidetelescope_pywwt
482,483d3500baa3f50caaf0ed14d0339d3c4297c472,worldwidetelescope_pywwt
483,485c0f1de2963d0a0cd12b6f2b0c266ffc0dba53,worldwidetelescope_pywwt
484,48621b10a88e9e3390639bde39a647796a351b4c,worldwidetelescope_pywwt
485,48ea859188f60c04b384b3378c6012203b563fa0,worldwidetelescope_pywwt
486,48f5691a71d542ae094b483348e3532881f0cb34,worldwidetelescope_pywwt
487,49038abeb06a885a5f883b64d8c339e84a4a8da7,worldwidetelescope_pywwt
488,490fa6887f1a4c95272b5eec2188e27dd2b286af,worldwidetelescope_pywwt
489,495f98196c26540efcd5e6dd8154066747ab38dc,worldwidetelescope_pywwt
490,4993f9d96e530249fb6439ac08915819ee713d61,worldwidetelescope_pywwt
491,49b1eba70ddb237a496581838f4d7662b96d2ae9,worldwidetelescope_pywwt
492,49b534624f1d5d0d716f218f346d1c5c93447c72,worldwidetelescope_pywwt
493,4a0a2855956b8ef8323285768a5d58201a31e5ba,worldwidetelescope_pywwt
494,4a6d1b631375052c514a81408d9cc7c9016cd35b,worldwidetelescope_pywwt
495,4a719236b26510e311efb495f03157c3c45d9dbc,worldwidetelescope_pywwt
496,4ab3129304a498629bdf7434ef7c576988f9e894,worldwidetelescope_pywwt
497,4ab38522fcf0d98d22ad356726c5846ed4758c39,worldwidetelescope_pywwt
498,4ab5de64ab02b4e4a43962dd128d4468751521a4,worldwidetelescope_pywwt
499,4abbab81cb68697d92e912322fb1b342b3c5dd51,worldwidetelescope_pywwt
500,4ac79cec7e3bfa73788fd36fe5806413a9b1d429,worldwidetelescope_pywwt
501,4ad8be6895176abd2676a1c0cdc8569f946c4dd4,worldwidetelescope_pywwt
502,4ae86274a25b68e7d284e62c28131546fe83222f,worldwidetelescope_pywwt
503,4b270a2f5411b01d67f99eff888b74df793ee537,worldwidetelescope_pywwt
504,4b4fd264ca901690febc73885018bbf471a413fc,worldwidetelescope_pywwt
505,4b89e93c48e2874a6fb46665a80a581025b7cf15,worldwidetelescope_pywwt
506,4b8dfc0bb6d1971bf5ab43a6251507c2405013b8,worldwidetelescope_pywwt
507,4b94cac5b9bb0fa62e02023507d02a065bde9e3b,worldwidetelescope_pywwt
508,4ba09874f9b022ced38d6a086609944abf12754d,worldwidetelescope_pywwt
509,4bcd83cbab8ceea41cd25e67a77e1dc856bd8a49,worldwidetelescope_pywwt
510,4bd4fc560daf0de9298a8e799d0e1f859402489c,worldwidetelescope_pywwt
511,4c20d8eefdcd73011ced5aa4543f1590cf2a56bc,worldwidetelescope_pywwt
512,4c289ac2adc4ebc995cdfd86e9bbca208a611aa4,worldwidetelescope_pywwt
513,4c299c7738ab428a0bc10277ea5e50957744c160,worldwidetelescope_pywwt
514,4c326f53a92ceae326d1aef2df21b65513e1f431,worldwidetelescope_pywwt
515,4c334f05c40d4cbe20a5b9b0966df256a515f302,worldwidetelescope_pywwt
516,4c762932bb32304fa848bd3f254126211806f8f2,worldwidetelescope_pywwt
517,4cbcd7d272f8359b2a363451be97c9d32fed2964,worldwidetelescope_pywwt
518,4ccaf2a4c6e51e03dfe454769f82013f5bc241c5,worldwidetelescope_pywwt
519,4ce0c6d51cca7a0e2ec8e2806790810a3ab22b34,worldwidetelescope_pywwt
520,4d0a0d58ed6224118ef1df1a125eb3be2d039689,worldwidetelescope_pywwt
521,4d39b07f1e2472688fbe70354609e2a3560558ae,worldwidetelescope_pywwt
522,4d70ca20e041654b3f558d7d69f6e5424ae0ec91,worldwidetelescope_pywwt
523,4d8200ebe1c828085fe459fd1edfa5214ed1ab95,worldwidetelescope_pywwt
524,4dc760670f7453a52243be15a437b2b58e07dd85,worldwidetelescope_pywwt
525,4de219330c0b007fd0e65c8cec69c875e58867b1,worldwidetelescope_pywwt
526,4df4751b58818de7acbb13e0c599ca56b854a5d5,worldwidetelescope_pywwt
527,4e3e66b777a812cb313e1fa919fcb4b9c1103aeb,worldwidetelescope_pywwt
528,4e63ce53ae3ebe4bf347c44531c901fbc55ca9c1,worldwidetelescope_pywwt
529,4e643d6e6055c741b17be6ed4d0d7b8659b298bf,worldwidetelescope_pywwt
530,4e976402e1705ed6e2b52899ded0223580124a05,worldwidetelescope_pywwt
531,4e9c227e7fbb581b4f76ad4a19975b46565f605f,worldwidetelescope_pywwt
532,4e9c3e0cfa7beb8909c7cb750aa885415416df02,worldwidetelescope_pywwt
533,4e9f753ab37b2c67541ea8249866c39fd9a177cc,worldwidetelescope_pywwt
534,4ef68891da9d5dd51373aa6eca507e123cddf4f4,worldwidetelescope_pywwt
535,4f026cf38d7242b6214cc2464c97f3d9c7ae27c7,worldwidetelescope_pywwt
536,4f170f2a87f23c8ba946c421bc1af303078a930d,worldwidetelescope_pywwt
537,4f29bb0747ea0b17213311b37f68754e6045b326,worldwidetelescope_pywwt
538,4f6dd00b7060a70196747a2ff2f384bdd4e51870,worldwidetelescope_pywwt
539,4f9ccb05c795847d964d764cb55c457e44e88e05,worldwidetelescope_pywwt
540,4fd116f7b297b6a486876ffd70bbb9257400b1bd,worldwidetelescope_pywwt
541,5024125efd1470c7bb7852fcb146a00bd5c1df75,worldwidetelescope_pywwt
542,5067e24cf17d9ac89536d3340d7413639c0096d3,worldwidetelescope_pywwt
543,5072797bbfc2d65ffd2918c30828800b967b5fb1,worldwidetelescope_pywwt
544,509f802f96f84488c0b0bdca479e5e6aa35b6f19,worldwidetelescope_pywwt
545,50de09837fef28209ccd01315b383bfdacfd8400,worldwidetelescope_pywwt
546,50e37ffcd9cd648328c1454cdc52d539c94ff1be,worldwidetelescope_pywwt
547,50e5373ce3923d84b75eb8a3ef09f8f5e9162bb6,worldwidetelescope_pywwt
548,51be485dfc7a1c38b4af624631756a5cdb5b5e41,worldwidetelescope_pywwt
549,51e09073452c9ebc34cce14a5c5de278dd20c374,worldwidetelescope_pywwt
550,51e57c7952a99e0ae4cdee9f8fc31729026b3a95,worldwidetelescope_pywwt
551,5211d675f724f25df73391ca5c934795d82de26c,worldwidetelescope_pywwt
552,5215ab58dc03353a559a4ec4aa1eacbbe2e74b3a,worldwidetelescope_pywwt
553,521746d9dd74cc107e956818deb59fcd4d080fef,worldwidetelescope_pywwt
554,524103b22c68251019e1d56467eaa3ebc92b3c6c,worldwidetelescope_pywwt
555,526f5b01ec8e51334bc5ffce9a60e57c1767a57c,worldwidetelescope_pywwt
556,5286e9f16a853e0e0eefdd00fc8fd5195f852d61,worldwidetelescope_pywwt
557,5292e910c0408fe599289507e6d133b74a3d8744,worldwidetelescope_pywwt
558,52b68398665e6459c60aaca313930485010a6a07,worldwidetelescope_pywwt
559,53010cd0319528623dccc09fdf94899985ef2234,worldwidetelescope_pywwt
560,5322c5c93cd658c6db3bccc884744e9bf092a462,worldwidetelescope_pywwt
561,53652c0d4fa8db18368bf66fa72bacbcbd97cdd8,worldwidetelescope_pywwt
562,53b3418c83501fcbc1586813c80c2157a4d2b82a,worldwidetelescope_pywwt
563,53cf70cd7c2cf9ff7d658bb4cfc31ea50f364036,worldwidetelescope_pywwt
564,54239357cdc9ac80960ff533943ba0f2c1a29874,worldwidetelescope_pywwt
565,542defa19f6a301fd79da470dbc99f5516274076,worldwidetelescope_pywwt
566,543f959603e578651a56be99388feddad04aadca,worldwidetelescope_pywwt
567,5443e28b102ae3399ddc37ad4dcf927bb62033f6,worldwidetelescope_pywwt
568,546fb2af87b20396f9b6d9afa3c1c10caed7a91c,worldwidetelescope_pywwt
569,5488edeb09e604bc327d4ed55ad758b9afbbcde2,worldwidetelescope_pywwt
570,549e6df36ba7d196dabd0f774c629fee9185c995,worldwidetelescope_pywwt
571,54a5bd52e68d679b1eda562d53ceee67b88922f1,worldwidetelescope_pywwt
572,54f4c62115e37bb30806b2b12e6fc953b8269abb,worldwidetelescope_pywwt
573,551a9c991ebacb31b75ef8fde5972475b97c408d,worldwidetelescope_pywwt
574,551dd3c72fb1e4d91652712455dbec84686ec274,worldwidetelescope_pywwt
575,552671d9fdb2bb884e09ce7ec083da28686ffc3f,worldwidetelescope_pywwt
576,553ed46137930f2c7dc3930f84704f77320ceaf7,worldwidetelescope_pywwt
577,5571faba0392a5257c695a895097af1c9d2a1f02,worldwidetelescope_pywwt
578,5592efcd8f494cf1062aaeb30233860d911516ab,worldwidetelescope_pywwt
579,55ac94aaa10e92c091f2c3d3334007f747ddf1b4,worldwidetelescope_pywwt
580,561686bafde37ac21027e1e8103b5ec061f5da75,worldwidetelescope_pywwt
581,5618bd6ebc7843f3ef8a60df6becaa89b9fb5e82,worldwidetelescope_pywwt
582,56459e507c422d2d4174b91dfda72e2e46a9c508,worldwidetelescope_pywwt
583,5692abe12d6bfeaa6add493b861ff24dc593eb29,worldwidetelescope_pywwt
584,569cd15a803bcf290abdef46f8aa330f6aa4800e,worldwidetelescope_pywwt
585,56c174763db6cdeaa7e1173e5b59a30b9c72fe68,worldwidetelescope_pywwt
586,56ef8b69bf63c132834b0ee051201987639bdac6,worldwidetelescope_pywwt
587,5700e30d71e68d5d8cb74789286686e2f3b7a8a1,worldwidetelescope_pywwt
588,574d73034d20fe0737734dd28e9d0616a2cdca80,worldwidetelescope_pywwt
589,5769cb3f601d083cf6dbef577d13a7bd85f334f4,worldwidetelescope_pywwt
590,5797d301ced5966d764a08d719c066a185a25d0d,worldwidetelescope_pywwt
591,57b2c3896bfa107d0e27c6f9b8f16dea16268cd0,worldwidetelescope_pywwt
592,57fe1e7af606ee6303026033a7783df60e6daa91,worldwidetelescope_pywwt
593,57ffa65aa68e81d0510dcf91ee0d30082b130bc3,worldwidetelescope_pywwt
594,583d938d3bc19ce490845feba04dcf2ee92e412c,worldwidetelescope_pywwt
595,5844c4fc1a672505e3a5d17f7b4f7d9a161e00d3,worldwidetelescope_pywwt
596,58772a9dd7020602367ebae5e87051d459b25ce1,worldwidetelescope_pywwt
597,58d23e3c61089c78ff85b88f4ce7b2a8c6fff77f,worldwidetelescope_pywwt
598,58ea6263ca0a0e248cb4e8aa3d14f867e984dcfd,worldwidetelescope_pywwt
599,590ce782f4c1fe9c1fa470445d2d49cab66a099c,worldwidetelescope_pywwt
600,593bdbb4656290f83b4c9a459595bff0e4adf9a2,worldwidetelescope_pywwt
601,5940a3d4bb5f0b1f0af0c95a6b50654ba43adf83,worldwidetelescope_pywwt
602,5954e6a829c1d5f136e1ace7b11d4e785ffe69b1,worldwidetelescope_pywwt
603,595971ca05a2c84d7a2de16330cce6b4170621a5,worldwidetelescope_pywwt
604,59629556529ef1aab9043b2bce8ad161c52c492a,worldwidetelescope_pywwt
605,5971a5cb22b3eb638a142c358dc75243c8d790ce,worldwidetelescope_pywwt
606,59994c61ad034e917bf6351f30588f6119041f61,worldwidetelescope_pywwt
607,59d3229be3525561f5c126c7d51a668677bcb84f,worldwidetelescope_pywwt
608,59f33574c4b73ac8bd7cf6c845bcb813d4309507,worldwidetelescope_pywwt
609,5a23497ced6fc3d7bac22bcafdd8c9fc83b9a5fa,worldwidetelescope_pywwt
610,5ac0a31a23a7ff70631c25ee2fb9692cf59be93e,worldwidetelescope_pywwt
611,5ad9ccb05ec8e90df31b9fdcf76af1114218e307,worldwidetelescope_pywwt
612,5b1e4216a4abb7e6a72c96f9f2749be8f8dc3386,worldwidetelescope_pywwt
613,5b248c847d23cb405ea8a90af2569680da365795,worldwidetelescope_pywwt
614,5b257a6b423f23a20afce257f36c7291b554f071,worldwidetelescope_pywwt
615,5b52e15c2e535ee022b93afff26ebae30ba1597b,worldwidetelescope_pywwt
616,5b60832e6c144037ba020bc3c5dbf212b6a7daf5,worldwidetelescope_pywwt
617,5b645242390a1b05f0bbf84c99925d3cff5a11a1,worldwidetelescope_pywwt
618,5b6d94f7e7851ecf3d6f1017a21377802ae6fb8d,worldwidetelescope_pywwt
619,5bdb5dc1e3f992a49a024a201e448281729be3a8,worldwidetelescope_pywwt
620,5c2b018a3f834ca1d893a877ef1990c66b535b3c,worldwidetelescope_pywwt
621,5c38681728a94e49221ebf4fe2a903c8dcf54644,worldwidetelescope_pywwt
622,5c3b2f41cd65eaa169b46257b53ef442dab21997,worldwidetelescope_pywwt
623,5c3bdddc14ae06c0890335ea7cc42df85798034b,worldwidetelescope_pywwt
624,5c4c71f4166a1e707c9b7b496777372e4721ae09,worldwidetelescope_pywwt
625,5c4d040bcbc6d9973a1457c149788e0f7704e477,worldwidetelescope_pywwt
626,5c5c21e9867ecf44f27caa1e241ce192492df04b,worldwidetelescope_pywwt
627,5c8ee5c07429b466b9cbdbb79a2ff4c9f4922bc7,worldwidetelescope_pywwt
628,5cb52f7da3b7631716da66125c5c1ca2c6ba272c,worldwidetelescope_pywwt
629,5ce613c99b86f9db42220461a47dbdb107194c02,worldwidetelescope_pywwt
630,5d02d7708d1c36eaa5e847b446ee839c9b961be8,worldwidetelescope_pywwt
631,5d10a8aab3d5411367039701e48e31b2705e13bb,worldwidetelescope_pywwt
632,5db6d64b73a3d87f6d61b6bc6b3f386a2f08ddb5,worldwidetelescope_pywwt
633,5dbf2ed275829bb535ac6fd2deb265875bea33c9,worldwidetelescope_pywwt
634,5dcbd8a64c8563b461df57e0018343e8d28c8b39,worldwidetelescope_pywwt
635,5dee2d956e01634c09908bcab2569594d8ef5ddb,worldwidetelescope_pywwt
636,5e5e4fbe3994099d5c95145520fc7cfcae7bfc42,worldwidetelescope_pywwt
637,5e625226c9cf53f32024b6c9afc83d712cc12b1e,worldwidetelescope_pywwt
638,5e643e6aadd409e5ef84348d60f89853bd64618e,worldwidetelescope_pywwt
639,5e9613b13ffc1a869bec20352e2b7d589ce78b94,worldwidetelescope_pywwt
640,5e992327a78308b858b59a8cde870ae00c5c9895,worldwidetelescope_pywwt
641,5ec4686d4b4443171bad30680ef776a71fec45e1,worldwidetelescope_pywwt
642,5ec69c1620f6d88421ce1470dcec699c1aa9fc89,worldwidetelescope_pywwt
643,5efac0e568a3dee1ae393ac8c1826777350f3475,worldwidetelescope_pywwt
644,5f3595712a4e41261474aad717125ac01f100a31,worldwidetelescope_pywwt
645,5f506dffde0db265149c116ccea185a8c61faa70,worldwidetelescope_pywwt
646,5f5fad0a950a61c7fbb9864ff7c477a2d28fa3a4,worldwidetelescope_pywwt
647,5f620a8462da053c0e0ca66f7bb75fdade95a282,worldwidetelescope_pywwt
648,5f8fb8776013dbf4aa9fe58ba21495c41aa4cfa5,worldwidetelescope_pywwt
649,5f90fc96ad0af5576fd4dd5d1d19f4e76df7ced2,worldwidetelescope_pywwt
650,5fc62efecbe43158e6787ecd79bdcaf60c86eefc,worldwidetelescope_pywwt
651,5fd7f6e9c1835b2e3c5f95ff6fe62af002634e16,worldwidetelescope_pywwt
652,5fda76022913f89a7a84880733324bd8bc5db249,worldwidetelescope_pywwt
653,60760dd795b5b8800d45b5ff62605bc94a5c15c9,worldwidetelescope_pywwt
654,60a35315b2919a6b0359388975e1af7673798c47,worldwidetelescope_pywwt
655,60ac38c6a2f5d9b997944ab81c67c30b051bec42,worldwidetelescope_pywwt
656,60adcbdf62956785e885f22313241339ff083b1d,worldwidetelescope_pywwt
657,60b0e9426cf4c461fb37b76e96dbe5e83222dd3e,worldwidetelescope_pywwt
658,60c54b93d321104545e965ff97a02739b5f64ac4,worldwidetelescope_pywwt
659,60eb3220b12e2ac7a1ec1dd037faa9f6722569e1,worldwidetelescope_pywwt
660,60facd7120af5a9c3f372c72617db1fa94dceab3,worldwidetelescope_pywwt
661,6102d3e4e1072b2a70e02027b0051edd12890df2,worldwidetelescope_pywwt
662,6103c3db19b30db7b989def7063b48f170cac88a,worldwidetelescope_pywwt
663,610a4597537dad3278459d5bec7103dcd8160723,worldwidetelescope_pywwt
664,612f73ad7c7906d4e75e5a2d723bec6c6f44be85,worldwidetelescope_pywwt
665,614ca7a886573a45952b14f9d93eb945303ed10c,worldwidetelescope_pywwt
666,61682149213960336b20a5066e755fba5790c6ee,worldwidetelescope_pywwt
667,619877b5a298deba8f1eabc3815d108587c85e52,worldwidetelescope_pywwt
668,621bb086822176c4a88a33579be98b95672815d3,worldwidetelescope_pywwt
669,62223843a469a831a441c917a9a8dd98fa4e23a3,worldwidetelescope_pywwt
670,62560fcebf88246982ccd9f86b3d4132a6c8579b,worldwidetelescope_pywwt
671,626f79de37ee653b14f8b43a23b8df083063a297,worldwidetelescope_pywwt
672,62722e6f476149be78309aa363b86a5b9322ca5f,worldwidetelescope_pywwt
673,6273f052f0b75a26a60c892af87c1ad1e16539fc,worldwidetelescope_pywwt
674,62ba23b143ebbbc340107e92c025cbfc26141119,worldwidetelescope_pywwt
675,62e8911b51f7ce348e00bf4c0463b73b11632622,worldwidetelescope_pywwt
676,631ad0f916dcd4643005853973d1f1df7e25ee96,worldwidetelescope_pywwt
677,63673f24b592f2a2ce6d8129a8d36ce6731880f1,worldwidetelescope_pywwt
678,6373bf8a1f4e99e333422890910ecd045de7d32f,worldwidetelescope_pywwt
679,63ae8373a953830aba5640f541ccb9d66a3fe5e3,worldwidetelescope_pywwt
680,63f46a0133918204746acc07b6e3ad63a4e88ad2,worldwidetelescope_pywwt
681,63f86a3a102a8701f7cf7e426e2d029ca416b3ec,worldwidetelescope_pywwt
682,641af8260292f1d371210d0fb984b666771e31dd,worldwidetelescope_pywwt
683,642c82adcc807d3b5e8cfc5e6759dfabffe7e303,worldwidetelescope_pywwt
684,6445dffd514eb099f4167039d299b1f152551e30,worldwidetelescope_pywwt
685,64708ab7dd3e7bd2b9d7fb777204e1e9f7634b8a,worldwidetelescope_pywwt
686,647aeda88d11248e5e7fe667411d6579f0b83b42,worldwidetelescope_pywwt
687,647d48d4235d4353d544689b8252e360433e9b72,worldwidetelescope_pywwt
688,64869daafe186c7e0a99b2e821bd3eb6fe4024e2,worldwidetelescope_pywwt
689,64ff743116b3efe237cc0707cac00a606cffd21b,worldwidetelescope_pywwt
690,65038b98858e6c339a43e00e5d270b3bdd38836d,worldwidetelescope_pywwt
691,652fa3934eb54bda19fa230d112cc12a08d0855a,worldwidetelescope_pywwt
692,655a2ac69fdc190d209ccc0f8696b9855266cca7,worldwidetelescope_pywwt
693,656209adcccd87e65fc63198ab2406389a22d688,worldwidetelescope_pywwt
694,6572439136953a31535cde2c21c00bbc396d9866,worldwidetelescope_pywwt
695,6575f3fcae77b639963448a14b020ec21486e9af,worldwidetelescope_pywwt
696,6585d0d50b3ddabdc37d497d9ca9a9b8eff773c0,worldwidetelescope_pywwt
697,65b09eea2c6699ceedb362df583c18eba1add4a0,worldwidetelescope_pywwt
698,65ec652043b388f82299e7d10c1c2393a9ed1204,worldwidetelescope_pywwt
699,65ff1220787d2f9d5ac435f0497b846a0fd1a050,worldwidetelescope_pywwt
700,6637af8f9dfd2c35edb548fdf11a62e95bf20ef8,worldwidetelescope_pywwt
701,66480282c578353ea04d6716ca6015fec9370c44,worldwidetelescope_pywwt
702,664cda126a05c4cdfaf52d1975afac4dd98aea1e,worldwidetelescope_pywwt
703,664d1259ee51e443c6a1d8908d67bc1d99f6d221,worldwidetelescope_pywwt
704,667a8f33c54f2841b346be6c9b7e5ab92283b12f,worldwidetelescope_pywwt
705,66a173939f0e20c72c8215979f5477bbdeac4480,worldwidetelescope_pywwt
706,66cc23fb91deb897bfc4afe8f086ef59251d30d0,worldwidetelescope_pywwt
707,66cde5d7098a57253a3730b17ac14a0cb1444f4f,worldwidetelescope_pywwt
708,66eace2dd3904a0ac0a38552de98aeb7cfc44ff2,worldwidetelescope_pywwt
709,670db9bfeb381b489a09c5b616b1c638269e57d5,worldwidetelescope_pywwt
710,6718d664763c6fae911791832791fe5670de7bbc,worldwidetelescope_pywwt
711,67396a1ea31fa5365bee041efb8e34ff889553e8,worldwidetelescope_pywwt
712,67836e56d020171046d88adc55019e17b5a31713,worldwidetelescope_pywwt
713,678731e9e193253dd1179cdf9c098070f336e5f7,worldwidetelescope_pywwt
714,6817d21d75552487c2df4a2ac7d9f355e1c76620,worldwidetelescope_pywwt
715,6830896507f96876743bf613ffdf5fe4894accbf,worldwidetelescope_pywwt
716,68357c6e27a1fd9337a9220c12667e8bf93b6819,worldwidetelescope_pywwt
717,6860e6594e933f1d3ad3cb4c0b147494546c0373,worldwidetelescope_pywwt
718,686b5736f44cecb9ec3cb9350d3350383fef96c1,worldwidetelescope_pywwt
719,68a6cd964bbd6048c129ef17f49663d2f28b1852,worldwidetelescope_pywwt
720,68b82204daab9534b338a0336996603d2f14b7ee,worldwidetelescope_pywwt
721,68cdfdd97f4cb5fade6423d5cc0d6fb2f90d6f2f,worldwidetelescope_pywwt
722,68ffb94fc19251d387eda3e991653f121aba52c5,worldwidetelescope_pywwt
723,695a3d802e1ddd94262b276b4fe4d92315056d59,worldwidetelescope_pywwt
724,695cfb35f16feadf74891e6c76fe26939ddb825e,worldwidetelescope_pywwt
725,69695b650e9718264f96a2c5c1749e8056926cac,worldwidetelescope_pywwt
726,698988eb1e46fe34d08c432ba06f34a0b86e622f,worldwidetelescope_pywwt
727,699a439a11196228b0db2142946d7a328b4d7bbd,worldwidetelescope_pywwt
728,69a0fb2536d378442fb52dc0026038c7e6ee9a6f,worldwidetelescope_pywwt
729,69baa763d30ccd46482821d0d5fc1f8176c9e4d3,worldwidetelescope_pywwt
730,69c949e61e856519576abdd936affcec1ae8cb43,worldwidetelescope_pywwt
731,69cd763dcb0f22977e1a29aa6278c420ad7b5912,worldwidetelescope_pywwt
732,69e3229face6fe77d8ea4f874a8e0b3d13f9cca4,worldwidetelescope_pywwt
733,6a6b358becf49944ceda511abbdea4e0323fcd76,worldwidetelescope_pywwt
734,6a7ac486b32e20cc6027de4dd733f88e27b25f07,worldwidetelescope_pywwt
735,6a8a5461bae4ba87084d4761e8a7b631ed1d9746,worldwidetelescope_pywwt
736,6ac72faf97566abe215774b15d7fcefc4fbce38a,worldwidetelescope_pywwt
737,6ae4ac1d653da191dbcc1dfe21bca845b7eb470f,worldwidetelescope_pywwt
738,6af25895eb903902f46a3674d7b0255b9ec4eb1e,worldwidetelescope_pywwt
739,6b1840b814779f51baf85b3e2cb2208f8b6070c5,worldwidetelescope_pywwt
740,6b85e7c0734f6abb38c5f780bef418fd1dc753fe,worldwidetelescope_pywwt
741,6b9c37fe47ccd7330ef45a8cbaf424c7341d096c,worldwidetelescope_pywwt
742,6bb4510a8d1ef6703cf9b60bdad6e1af0741023d,worldwidetelescope_pywwt
743,6bb89fb7cc67ae0af7c7db15266648bec89c8d22,worldwidetelescope_pywwt
744,6bf27d50cc47a54660484bc6e80de65c8ff447a9,worldwidetelescope_pywwt
745,6c21197f3a3f02a11971c08642c9564240a86684,worldwidetelescope_pywwt
746,6c2655aeb580f4f9a8636fc5d8c3c37bf100771c,worldwidetelescope_pywwt
747,6c317a843dd6297072c115eb2ae30faf048340c5,worldwidetelescope_pywwt
748,6c5bae200b111e160eb152d84fa424be8d7ab797,worldwidetelescope_pywwt
749,6c67c61c6f1b5ec0eebf087b1d035ed3aae9be2a,worldwidetelescope_pywwt
750,6c68d8b1d44a49fd0fd434395b73647a4fba76d3,worldwidetelescope_pywwt
751,6d476d87de926d74ac9adaa53691c98c1f86ea32,worldwidetelescope_pywwt
752,6d76420df6e5ab6d33537c97d5ae770ec91b58c2,worldwidetelescope_pywwt
753,6db885b54db179f6c8a2bb0108e3eabcae18bed1,worldwidetelescope_pywwt
754,6e0c3301274c0c308da4614917ec5c53d3a061cc,worldwidetelescope_pywwt
755,6e12ecd689ea29de2d2e9d60f2ba710f5a23c5dd,worldwidetelescope_pywwt
756,6e1c90aa6b28679c2632254cb8ede3bc9b2a97de,worldwidetelescope_pywwt
757,6e37c7f660be12884208f3500777a2f9d7105914,worldwidetelescope_pywwt
758,6e4c37edb12575697362f4d185eb1cdc45985b18,worldwidetelescope_pywwt
759,6e643a700a853324225df1e6e5e6688503c3a7cf,worldwidetelescope_pywwt
760,6e75020f33f22bf9f4741d049ccd81d32e16511f,worldwidetelescope_pywwt
761,6e788cb18ab70a9092ab77f799cd81ef44e94997,worldwidetelescope_pywwt
762,6ea5a6b9854dd12eef0b6674d17164e58552fb03,worldwidetelescope_pywwt
763,6ebd89dcc318a59362b14b03df5366e5c383af5c,worldwidetelescope_pywwt
764,6ec1e0a8e26928fa2114d5f5c09557fd131fc6c6,worldwidetelescope_pywwt
765,6ec80868c06d43fad51c1da74f9228a9544d21a0,worldwidetelescope_pywwt
766,6eccadf71c99b29a2361a4c314788983b391fdf8,worldwidetelescope_pywwt
767,6ed4efab246526d43aa8be7b4dbd75fbb3e63bc2,worldwidetelescope_pywwt
768,6eeee688cb5f98561a3dafacb18e74a532fd290e,worldwidetelescope_pywwt
769,6f060cd51bf1b3b5185a7309bc7fbaf1185fbb7d,worldwidetelescope_pywwt
770,6f3267edf215f13f4e2b5c1cfd2364f8b6721a75,worldwidetelescope_pywwt
771,6f6b7090ddcb471a3e9910c091a1ac71a0bac64b,worldwidetelescope_pywwt
772,6f6faf9c33ee37a9a7584eb3bc25e0c4409a80b8,worldwidetelescope_pywwt
773,6fceee91debc826acacbd1e4c6391983e3c92504,worldwidetelescope_pywwt
774,6fe2d95eaed50b907eba68392122d2946f0ae9d9,worldwidetelescope_pywwt
775,7019b925115ecd898e7adc5f5d5567deee28d6ae,worldwidetelescope_pywwt
776,708d41c01b48bae46107745edf237c2dadc6dba1,worldwidetelescope_pywwt
777,708f93eb73b30a35a43598dd2540d0f2182fccc3,worldwidetelescope_pywwt
778,70afe9f41392632b6ceb5c5258297c85ca706e66,worldwidetelescope_pywwt
779,70f6c7c1b1c90ee87f76a70f0550f8557562e516,worldwidetelescope_pywwt
780,7106a7f0c324fd66f3bc1c8b21a053ad92723bc3,worldwidetelescope_pywwt
781,7118cfba9f3c2a6be3a2c01fb4d03e91f4d989e0,worldwidetelescope_pywwt
782,71534a8e4b2d43d9586fc0b74ba5a9044582f9e7,worldwidetelescope_pywwt
783,71a7e6c5a500c38700792873e6a5467e92332ff0,worldwidetelescope_pywwt
784,71bd12471e2badb553beeb46e916de92fea8a725,worldwidetelescope_pywwt
785,71c32fdc0aa87fada33322e47b04bfbfaee514ff,worldwidetelescope_pywwt
786,720591c89c2fb08070bb7a83b1e224d46908e67a,worldwidetelescope_pywwt
787,7215f5da32802a9c98411edd9a615d2cb28130b3,worldwidetelescope_pywwt
788,725aeb381e59f48f1d168ca0d27978523c4ee6c8,worldwidetelescope_pywwt
789,727334dd7b5358907791303d818a9dcb363828bb,worldwidetelescope_pywwt
790,7273b53cc8bc72335397afa217a775098c8c57ac,worldwidetelescope_pywwt
791,728f959463dceaa2c58aa859d63ee457612ae3d8,worldwidetelescope_pywwt
792,729956587821bbf57717256a470f868e5f73d18a,worldwidetelescope_pywwt
793,72d97487dee44267705a4687b884143b251684df,worldwidetelescope_pywwt
794,730f8ed70143027da04a23b25e23085ac5947db2,worldwidetelescope_pywwt
795,73175548c58e44371f329c6abf45c4feca5587d7,worldwidetelescope_pywwt
796,736000539d3a10f4a372aee87eb12bf63de61e1e,worldwidetelescope_pywwt
797,7371224369b6cc8e2569bc1b92e6159bd9bdc765,worldwidetelescope_pywwt
798,738904be7e7c99a5bd04e478aacf58ccf94cf46a,worldwidetelescope_pywwt
799,739a875f21ac11d1adb69fcaa4fe25f99978ca3e,worldwidetelescope_pywwt
800,73d5a20f4f53a9755700eea7911eff7c467029fc,worldwidetelescope_pywwt
801,745e6152b158b7c3d672b8c64da5db30467a1169,worldwidetelescope_pywwt
802,7489513103b2f067459832fc926beb2efa121246,worldwidetelescope_pywwt
803,749af1d251560964f8d841f29063c77fc0750c3f,worldwidetelescope_pywwt
804,74c5d9dcc7aac89dd091938a8ccdd47b84dc5ffc,worldwidetelescope_pywwt
805,74f59fcfb0e2048722e2080c29545048fed82cd7,worldwidetelescope_pywwt
806,7502e5e0d67868e9e675ad3788c5e14c37bef15f,worldwidetelescope_pywwt
807,756197749f98501dd8a1bcbcd396e5386dcf86b0,worldwidetelescope_pywwt
808,756a6959f78008c30e41d6d586ce8b9c32c2699b,worldwidetelescope_pywwt
809,757d93cfaa7138a79b9d014389107026a639fb1a,worldwidetelescope_pywwt
810,75ad0a952c7a2f2b3a2f510d024c4cbe98a07d9f,worldwidetelescope_pywwt
811,75adc2576ff3813c7354e67acc082a74866b5dd7,worldwidetelescope_pywwt
812,75de90049f6584ea0481a54465228c441a491a83,worldwidetelescope_pywwt
813,760b57788da92f39d47e73abfdfb9fbe4af3792c,worldwidetelescope_pywwt
814,760c4a0faa8db3c2f25dc14626585ea3925a2466,worldwidetelescope_pywwt
815,761dc72f96a7de4976431401e0db56f411b1096a,worldwidetelescope_pywwt
816,761fddbf77696a8496c90e8a0fce195129c6110e,worldwidetelescope_pywwt
817,7645ed295dcb66ba88cf45c77b213c459485dc5d,worldwidetelescope_pywwt
818,76a2bf9774a6163966f6d34185adad1325725035,worldwidetelescope_pywwt
819,76dcd157ffa2438734547fa1a85f4a7131977c82,worldwidetelescope_pywwt
820,77043a9f62742df378506ae81470024946c07089,worldwidetelescope_pywwt
821,77327839f8bf20dfc265f32b06489bc0cfb31cec,worldwidetelescope_pywwt
822,7732e1d4553027db982adf2d3b9936454f435fbc,worldwidetelescope_pywwt
823,773fd013f0044e979baa9da8ab52a8d982b38a1a,worldwidetelescope_pywwt
824,77a581112b5b6660042de38ae9b429b69d92e2c2,worldwidetelescope_pywwt
825,783a827f95579eca80634f290193d1825f066cee,worldwidetelescope_pywwt
826,784e2b156a64098fbe080536845d11ea2740af02,worldwidetelescope_pywwt
827,78833f412a28ab932c322ab2dc46a2e2c69abbdf,worldwidetelescope_pywwt
828,789c20aae86c9e72ced1396b8f60637143406ce2,worldwidetelescope_pywwt
829,789cfb1920a1cbaa7b2c323169ee292be65b0e7e,worldwidetelescope_pywwt
830,78b749e57853417457ebc7ffb1f6e3a661c84c9e,worldwidetelescope_pywwt
831,78c5e3b271df396658ea3fddbc46c30d1fc3539c,worldwidetelescope_pywwt
832,78e0d55c90082c174f9a397ff42ac56eab7c2606,worldwidetelescope_pywwt
833,78ea40777a3d1984b74bbe0bf2135dcc9142ca0b,worldwidetelescope_pywwt
834,79217bdbf78136d2778af0288cd8bbafb57318d7,worldwidetelescope_pywwt
835,79286f4adf4d45cc6d95554b6137a243682103fd,worldwidetelescope_pywwt
836,7934384fad16819427c94ffb5278c394319d963b,worldwidetelescope_pywwt
837,79a16e18b7da401004a0aae9d1fe22f07ec7d9c8,worldwidetelescope_pywwt
838,79b4111a5cf6a4273300ef2bf8658e09841c21d8,worldwidetelescope_pywwt
839,79d48a6b7f7fafc7408d33b6a3ec72592c3e452f,worldwidetelescope_pywwt
840,7a4a26a28755df4e47bc0dabda13f56942a5f56a,worldwidetelescope_pywwt
841,7a68b1766fbf4cdd094bc8e7ef0f254138aa8fc7,worldwidetelescope_pywwt
842,7a84df75f392adb81041d42897aa56b069ace024,worldwidetelescope_pywwt
843,7a88ab415238b09550d897dc231fda5ea5a6cf42,worldwidetelescope_pywwt
844,7a95804db460d341f06cc809993f2748a9944b2c,worldwidetelescope_pywwt
845,7a9c1ea680dda2ff21bc91900a115730d692a7a8,worldwidetelescope_pywwt
846,7ace1c6f25d0aeda27bccad457251473c144d2ff,worldwidetelescope_pywwt
847,7af0e3e48177ab8b188ee5ca103c05af45c346fc,worldwidetelescope_pywwt
848,7b40a027c2a97c69fcc84282bd82a1546f50dc70,worldwidetelescope_pywwt
849,7b5d1ad41e773c918f2b6fcb4c2f96515a6836b8,worldwidetelescope_pywwt
850,7b934e4d4e79ae69dba2b466b0cf865fcf0aeec9,worldwidetelescope_pywwt
851,7bc8f9814102220f3ab662fdcf0120444389d8a9,worldwidetelescope_pywwt
852,7be5b20cf39a03b36530e96e706c48c69dd55ebc,worldwidetelescope_pywwt
853,7c1ffae09913bea20b66b9e313c3f5ec98ba0653,worldwidetelescope_pywwt
854,7c2f65bc7fb5de307422dbca06ab67032396bfd6,worldwidetelescope_pywwt
855,7ca4099930ecf1eec4cc9fb5c8553ed7bea787c2,worldwidetelescope_pywwt
856,7ce90d8fbf570ec623355fba623707f50b4ca2b8,worldwidetelescope_pywwt
857,7cf9ee1ee701387eb4771ae6805cc2de7b78a762,worldwidetelescope_pywwt
858,7d25d67d44676b915bcd0d947d185e2cf90d9ff1,worldwidetelescope_pywwt
859,7d2dfae5fcc642250c72d3af05bbd19330448e12,worldwidetelescope_pywwt
860,7d9f46c42437ed8c8228a39564d2ffea1a3d4070,worldwidetelescope_pywwt
861,7db54126142c9604a43743240a5b87d62796589b,worldwidetelescope_pywwt
862,7dc8993414c98497c394a958dcbbf1885556a1f6,worldwidetelescope_pywwt
863,7df15425872b27bcf6e4b5bd6f2daee80cd1b42a,worldwidetelescope_pywwt
864,7e5067d03234ebd6db954cc367468fcef1aef077,worldwidetelescope_pywwt
865,7e7c7dbf2835d54dcd48ca12151e281a1b1c48c3,worldwidetelescope_pywwt
866,7efa3ebe659318180e4300f01a9942202181876b,worldwidetelescope_pywwt
867,7efecb003fb348fb76596d8cbe272052909feb0f,worldwidetelescope_pywwt
868,7f1aa8291b8d6cc975255ea47c2e1a403763f307,worldwidetelescope_pywwt
869,7f34adad1021949f10ccf793f1241d16d7eea763,worldwidetelescope_pywwt
870,7f98ad2c61d97faa2a0c774d3fa08124a49cb7f2,worldwidetelescope_pywwt
871,7f9f7ef5b6f1c74421bbe50fff60e5b3d3eafc87,worldwidetelescope_pywwt
872,7fcff0ba7e41fd124bb5301e0074d2ea6039d86a,worldwidetelescope_pywwt
873,80104e052aad5530b5dfaf7bde861c6fb3eae825,worldwidetelescope_pywwt
874,8030ba32009f5b0c1d582ef769c4da47f8acdc92,worldwidetelescope_pywwt
875,8036db14e1e32f834613ef3a8f18a9ac477e4736,worldwidetelescope_pywwt
876,80614cf6bd9bb91463bc129b6e42c31e29ec24e7,worldwidetelescope_pywwt
877,80e79ec63ad89ccc46a2e0f69c1984d5d361e18b,worldwidetelescope_pywwt
878,80f901fc8337c5ff103ac439175769f6790f8644,worldwidetelescope_pywwt
879,80fcf7f7ba373373cd8f07c923bf71adae751bf7,worldwidetelescope_pywwt
880,819bfea3ec5ed257e015bf6f47ea2172e10186e8,worldwidetelescope_pywwt
881,81a058beb441d0e89726667ae24531d4b4d98546,worldwidetelescope_pywwt
882,82331f4c7091ac7dfe3f3ab6e7f8548934b1da36,worldwidetelescope_pywwt
883,8245c9661587fcffd437c9b85d7dfde431c8cf1e,worldwidetelescope_pywwt
884,8247305f1bd97088b2dbe9f8988c8b1dc0df0fe1,worldwidetelescope_pywwt
885,82671206b75a2ff1604aab96e04bf3b3e476d4fd,worldwidetelescope_pywwt
886,8341ede8bcd75daa1d0c8a6b5ca5e8c26c4ad3f5,worldwidetelescope_pywwt
887,8361ac175df6f319dde30f2240847820a20719c6,worldwidetelescope_pywwt
888,83a14e8d332f2f1f72a70b16c1f9f8fee44fc54b,worldwidetelescope_pywwt
889,83d84d6538ac792be3c593a2ad6037617195aa2b,worldwidetelescope_pywwt
890,841b42b5f0829b01d81040e703b1acefbd741600,worldwidetelescope_pywwt
891,842755efbc4f22e68388acde0fb1fff203480e77,worldwidetelescope_pywwt
892,844ae829d403e663818abab7d824485e3c302ac9,worldwidetelescope_pywwt
893,849eb347a365b4023b4eadfc6e9df143901bea64,worldwidetelescope_pywwt
894,84aa61aaee5d26099f282fd67ee56151ff167645,worldwidetelescope_pywwt
895,84cd3e000f44b9c800237225e1a99be62b2aa214,worldwidetelescope_pywwt
896,84cf6fee5d927b84462dbe809260bcbdbdda7277,worldwidetelescope_pywwt
897,84ff079bf0dc100a3eea5c949428067191661e79,worldwidetelescope_pywwt
898,855745e66b56c8ffbd4468fd5cf059dda2ef53b2,worldwidetelescope_pywwt
899,855d1bd330bd6c34ad9b15c68648ec2e02bd9967,worldwidetelescope_pywwt
900,85a06d492df252b6a0870508fcca8467b89f88df,worldwidetelescope_pywwt
901,85eaaba777ef4fe719d59961057aa5127475b5b1,worldwidetelescope_pywwt
902,85f3ce29caa033b57ff623ec795ee34b61decfbf,worldwidetelescope_pywwt
903,85fbb5dbe0566f18c4f065048a03287a9d00da91,worldwidetelescope_pywwt
904,8634a1a4d09b8e29636378e342be66f9e37c6668,worldwidetelescope_pywwt
905,86655030190f60687254ccea86cc1a89cf243074,worldwidetelescope_pywwt
906,86764d9f5b4f284240fbb83126c61bf572a18aae,worldwidetelescope_pywwt
907,86b3aecdde16209a0dd1379cb71fbe0193d6baca,worldwidetelescope_pywwt
908,86b8d4c90772256d596559bec70054315045a14b,worldwidetelescope_pywwt
909,87069fceb06bbeb7e199fd1a6d8db53a5679646e,worldwidetelescope_pywwt
910,871031f5306d7455610a04de15be67e1597c3432,worldwidetelescope_pywwt
911,87451863ff26d0d89ac61a2326ba917212150e8b,worldwidetelescope_pywwt
912,8770417372f835ead6c67e5a7569813ace10c2f0,worldwidetelescope_pywwt
913,879a5026e2698399d54f1f4b50fff73f641bc761,worldwidetelescope_pywwt
914,879de38921fd56a279aee9402b9313480759e4fb,worldwidetelescope_pywwt
915,87a8fac56e2ca41f3cac16d013560ab1c3150ec6,worldwidetelescope_pywwt
916,882627e0f83107b97232db27f5d697bf8e4d7432,worldwidetelescope_pywwt
917,8829dbde76f76b4bded6564092509170badfd1ef,worldwidetelescope_pywwt
918,884eed777170ee285cb73a02c0b6ce58fb79698e,worldwidetelescope_pywwt
919,8856394b33a73d8e8f9f33993ba8170f63fd19e7,worldwidetelescope_pywwt
920,88a491f9c02b4ffbd3cddcc3c7eb679497b51cee,worldwidetelescope_pywwt
921,88b601e76ddd9b28a5b61b6ee543a1587183be62,worldwidetelescope_pywwt
922,88c981f1eb534a20985d4a235630c7535dfea973,worldwidetelescope_pywwt
923,88dd84dde9185917019fb341a8ac9dcf4c710d56,worldwidetelescope_pywwt
924,88f4a77a3d1b1f2b09372efae2a4b57f24d92f89,worldwidetelescope_pywwt
925,8911198cf5e6647bc4106034bcfcb0b51773e2a0,worldwidetelescope_pywwt
926,89113335fb8862b9674cf73bbb836b868be3a543,worldwidetelescope_pywwt
927,896a9cb5a565e175763dea2c1ad14f320427ec29,worldwidetelescope_pywwt
928,896eea217dff40233b07e5d7de190ad0a5679dee,worldwidetelescope_pywwt
929,897797b24284a38d7b5e6501a0d88a6eff6fc565,worldwidetelescope_pywwt
930,8991495e19998ac3fcf1d5de742c754a1d078c62,worldwidetelescope_pywwt
931,89fcdf07801c92df21f80b6f3aa6bdfb8e630268,worldwidetelescope_pywwt
932,8a290b45776981c112ef0ac8b4b9f9312ca7bc5b,worldwidetelescope_pywwt
933,8a77f4c4905f7ed0d263511a133974530393a38b,worldwidetelescope_pywwt
934,8aedde258504c13a39c151c131be497216d91e4f,worldwidetelescope_pywwt
935,8b0e1d16ba495e989e9a14564e1db908d688e2d5,worldwidetelescope_pywwt
936,8b431822a8a2bf6e2342f2a3d78bfedf1cbd91ad,worldwidetelescope_pywwt
937,8b6f7446715d059ed2b582d6c7b8e1df108b7e33,worldwidetelescope_pywwt
938,8bb46a4f62323569e6225882b8a23fefda3e0294,worldwidetelescope_pywwt
939,8bd84b33e3440eaa1bedca2a0051a640ac7cc10d,worldwidetelescope_pywwt
940,8c059e7fe1a7eb71f2ddbe77b8de6e234c68c713,worldwidetelescope_pywwt
941,8c0910e69576ce3c537ce73e17eb93ba7e6197bd,worldwidetelescope_pywwt
942,8c0a653c620bd890c5136ae6c484f486458bcb86,worldwidetelescope_pywwt
943,8c4ca9a23baa368478208479d01cece2639be27b,worldwidetelescope_pywwt
944,8c62342c480776f29cd7e947aeeee7e612be261d,worldwidetelescope_pywwt
945,8c81b605655d61da8fb8bb2921c137b10f361a13,worldwidetelescope_pywwt
946,8c9bf9914b507157aefc7c806ec9650f469e995a,worldwidetelescope_pywwt
947,8cbd5104d606c99c3d76db06197cb3c62f927b57,worldwidetelescope_pywwt
948,8cdb2e75061b46297a2e3a2b161f2a39c0122684,worldwidetelescope_pywwt
949,8cf07c29c5407e4b55a88aab5d69464d1b582b2d,worldwidetelescope_pywwt
950,8cf584c6e6347ccd2011dbb53683366dd9edfa34,worldwidetelescope_pywwt
951,8d3b54d08ea938d683e5356755250f3d396f776f,worldwidetelescope_pywwt
952,8d6caebf78b336c44e03bd572f00ed73f2283d0b,worldwidetelescope_pywwt
953,8d7845eecb7e06b4ccd9da268105f2a18a9ea522,worldwidetelescope_pywwt
954,8dcdc2d4daba614aa67bad4d43f134c159d0818d,worldwidetelescope_pywwt
955,8de1ef07f4103584abc28200315a748512d9b303,worldwidetelescope_pywwt
956,8df3c74d4f922a18bfe5e2299d5d23b3ad5b450f,worldwidetelescope_pywwt
957,8e07376fdc245953ca2af4ca358c005847eb65ee,worldwidetelescope_pywwt
958,8e4b5a21525499dfda187a79aae0723be15d4c61,worldwidetelescope_pywwt
959,8e5b6582aee57154c6739f3eeda1cf5b57cda542,worldwidetelescope_pywwt
960,8efd4864761fc3b548bbdb2a509467391afffe2b,worldwidetelescope_pywwt
961,8f07865cd6449fe2d227268b26fac5457abd5bfd,worldwidetelescope_pywwt
962,8f11a7f8d1e2b15bb6478bb688d0e357014a6938,worldwidetelescope_pywwt
963,8f236707f135c2cce3b16f2cb31871137b45a0e8,worldwidetelescope_pywwt
964,8f282f57acdba4edcc93e858c1198646513ae2f8,worldwidetelescope_pywwt
965,8f3e5685c2c1e64e60cf1e004c24a5ac336d1e99,worldwidetelescope_pywwt
966,8f419346dffe952c08995d0ea086496f0924f196,worldwidetelescope_pywwt
967,8f446a0d702ff724bc0dc24332311a3cbb953655,worldwidetelescope_pywwt
968,8f5cddb96217353a97feb3962ea7c5d47974879e,worldwidetelescope_pywwt
969,8fbde6edacb087613399e9eefc544a70ef67fe87,worldwidetelescope_pywwt
970,8fcaff9ec671d092fbecd93c70791c71d0a2f576,worldwidetelescope_pywwt
971,901dfacb2fcd36f4dc0c2860b9cac41c4ec1bf04,worldwidetelescope_pywwt
972,906da24d95366a1d2c6f5c224017c59ab6008f0c,worldwidetelescope_pywwt
973,906e26871234e5fed3f24ad189dd34e1e79714f7,worldwidetelescope_pywwt
974,906f65b0934751fa3e80c7f07b35e5c435240892,worldwidetelescope_pywwt
975,9099faeaee0dd45277ead367a8a277fb5e3f5b29,worldwidetelescope_pywwt
976,90b814e413e6e117f3faa897f569e5893f8b0a85,worldwidetelescope_pywwt
977,90c7f8fd99c3c11e165969705a33dc5d6aa0ecb6,worldwidetelescope_pywwt
978,90dbae7054a84fd1182df4afa3ded009a8482bb0,worldwidetelescope_pywwt
979,90dfb7706acb395ec01283fa90eff2dfe881fc87,worldwidetelescope_pywwt
980,910f92826c8cb867c3f1460803940b05717b46ce,worldwidetelescope_pywwt
981,911c3e3f0ab10d6e2d44fa3a531e3c0fab2c8ef9,worldwidetelescope_pywwt
982,9125b2b5166d34ca1b648645db228b6d440c16fd,worldwidetelescope_pywwt
983,9131039213964bfef37a6bde40244c7ff21bbf2e,worldwidetelescope_pywwt
984,917cc0d4297f59dbcd387d9ddfefc2be566439eb,worldwidetelescope_pywwt
985,91bb4bcacafbb47353489f5373274cf590c15e9f,worldwidetelescope_pywwt
986,91c8f736eb49561686066e157d076cfa0bc37e11,worldwidetelescope_pywwt
987,91db53064c35e6f5450a9d0b7b3e60889993cb85,worldwidetelescope_pywwt
988,91f9a133b2f03e97df9d624309b9961e9b7916b4,worldwidetelescope_pywwt
989,921ec1474cbe1f56e21492034fc2324daf858798,worldwidetelescope_pywwt
990,92856685f727f1b7c8cc042dbbd34edee059900c,worldwidetelescope_pywwt
991,929c1738da908ecb46ccbd36848a4d7237b547ae,worldwidetelescope_pywwt
992,92ec8566fcb20ec8408737e9b1985c41a029bf2c,worldwidetelescope_pywwt
993,92ee27b22d510366edf93276d214c2390d4fa29f,worldwidetelescope_pywwt
994,92fd08d5a9620468e22b9fbaa719bbd2e039fd5a,worldwidetelescope_pywwt
995,930bcef2de7ca9cb22cf0108d611740db7d55842,worldwidetelescope_pywwt
996,932219cd249c3ed9e731170df652d138ea3ff207,worldwidetelescope_pywwt
997,936602488cf143350cdac8debf587a7cc8d6d69d,worldwidetelescope_pywwt
998,93746bf2e668ea6076a00e58495146e4c401912a,worldwidetelescope_pywwt
999,93862ac1e657e5f32b1b0374b94e0386aa459bf3,worldwidetelescope_pywwt
1000,939de3398a69e681423fbf5a809f5577e2d2341a,worldwidetelescope_pywwt
1001,941c5f6ec5ee04cecca939925e45dec2631035a3,worldwidetelescope_pywwt
1002,9463f7716574b3fb41e0ab78f028c10f650227b9,worldwidetelescope_pywwt
1003,948f30cbe4ae2053eeee3451bb2599b17b014b00,worldwidetelescope_pywwt
1004,94a42d4e64ebe5561c24542c9142c67012404291,worldwidetelescope_pywwt
1005,94d4a92410a22f54b9d63b979dd20faf98ffdf6c,worldwidetelescope_pywwt
1006,9514437afe92609e567301dea29470b0410acdc7,worldwidetelescope_pywwt
1007,95752aa1a571a9f7c1b3fee425dbcf4849c8237f,worldwidetelescope_pywwt
1008,95832a774249419cc7a8ff621d69219bd44cd58f,worldwidetelescope_pywwt
1009,9587b508970883d5a0893b826da1b969ecdc8550,worldwidetelescope_pywwt
1010,959769cdb50f8b5a40337af1203d73006de1a3e5,worldwidetelescope_pywwt
1011,95bb3e2babc82b08a6c55deb575758cb81711e8e,worldwidetelescope_pywwt
1012,95be2df52d6f1b92ca7fd98cc7ea5278e1743b14,worldwidetelescope_pywwt
1013,95c720c9b17fe7438a92b52dae5a6846ef2c4152,worldwidetelescope_pywwt
1014,95ef437565dcb6ab331b50c3282f9ba75dae5f1a,worldwidetelescope_pywwt
1015,963244c8507c2fecd5caa3f547ceea01691ea0ff,worldwidetelescope_pywwt
1016,9663b2004405032abf27a5ddb2b16f5bcbfd5f5b,worldwidetelescope_pywwt
1017,96774ae3b96e58b1c159794f49d212b5bfbd1d11,worldwidetelescope_pywwt
1018,967a6d133c1be1d3f94a03a9c6cfb3242271b9a2,worldwidetelescope_pywwt
1019,968cda29855d3d664b3f76df31d4a2fe4b6d6935,worldwidetelescope_pywwt
1020,96a38b3938b7a4afca35bdcd1fd052a9820c111c,worldwidetelescope_pywwt
1021,9715bec10a024068c919e1d51040b198b0c0346f,worldwidetelescope_pywwt
1022,971cdff6a4b69ea7f3398107b47c9d3acf50308d,worldwidetelescope_pywwt
1023,973279b0ed37fd56c28c32362f7d8eea951cdfb0,worldwidetelescope_pywwt
1024,973b15ed95ceaa3136a57e870d1d8cbecc767758,worldwidetelescope_pywwt
1025,97518a596ce27b1621a817a23be3ebb637216a16,worldwidetelescope_pywwt
1026,975a5391208e683e01401938504d6d424b2b5b44,worldwidetelescope_pywwt
1027,977487467730ecfa0ae0f7ca993b72f590a81d8c,worldwidetelescope_pywwt
1028,9775b0877808627f1d7037622e425b40eb053abc,worldwidetelescope_pywwt
1029,977652a085c5264cf4ad69a7a8b1f98e93cd6ca6,worldwidetelescope_pywwt
1030,978be507b3b9cb5ba711adf2ff1cc8e0025cce98,worldwidetelescope_pywwt
1031,97b435582660687b7b2010367d749e40ec3f37ea,worldwidetelescope_pywwt
1032,97d9cb0b7915f6f3fd06e75560dd16ca7f92ffec,worldwidetelescope_pywwt
1033,9826a7f283289c258cda2be6f4ff04ee2bc086e7,worldwidetelescope_pywwt
1034,9878543641a2718d01d9c53d29512eacfa71bb20,worldwidetelescope_pywwt
1035,98908547593a600790eb9b601d10c61b013e46ab,worldwidetelescope_pywwt
1036,98b78d881be723bb9db4b10ef9b7ab1826ee1e73,worldwidetelescope_pywwt
1037,99357923cd7a57f3950afb0bbc5709646bf990ef,worldwidetelescope_pywwt
1038,99591ddca1bf4f71615af140c3ea6495379caec1,worldwidetelescope_pywwt
1039,9985f6d219362f3c5a948dd0b248d0e3c111ddee,worldwidetelescope_pywwt
1040,9999c07ad2e55575f0db5aa060707a30b03fdc2e,worldwidetelescope_pywwt
1041,99a3250afb325378d054ecb2045ef65b6ef073a6,worldwidetelescope_pywwt
1042,9a01b9b61afbf9a358b9fbb45e841119d370545a,worldwidetelescope_pywwt
1043,9a0210cc7477a0476ce288b1f47e5b514f657cfb,worldwidetelescope_pywwt
1044,9a13b6d67fec0dc28e9e6960619cf32f39da24c4,worldwidetelescope_pywwt
1045,9a5f66ed641c33d5061611d708747a5fc4f0df35,worldwidetelescope_pywwt
1046,9a77f1e7273781ce6273539eab72156bcf8dafb5,worldwidetelescope_pywwt
1047,9a8d1bcccd09c915ae5f26a86aaaffbf434ba4da,worldwidetelescope_pywwt
1048,9ab6eed8edb8b2744eedb7634fe87d75f7299a00,worldwidetelescope_pywwt
1049,9af1ab0b93f8b6b613f6fd54b73614790caf25b4,worldwidetelescope_pywwt
1050,9af88f85f14ffd4b4baf9cfc4bc9cebbb96a5970,worldwidetelescope_pywwt
1051,9aff179f9abd86dbba2a250399b15a035c4d849b,worldwidetelescope_pywwt
1052,9b02e0a62747c50a37b41a2aa3165e9e1ecdb3e4,worldwidetelescope_pywwt
1053,9b21eb8851913169fd39c88b3691f9847497098f,worldwidetelescope_pywwt
1054,9b7e503a26504744525e901475cac8ce8718ce3c,worldwidetelescope_pywwt
1055,9b9958fe973273db1aa4f38f9dd5ef773de511b0,worldwidetelescope_pywwt
1056,9c12f8d891599b84abdb7ab4606357f4339c5ee5,worldwidetelescope_pywwt
1057,9c358cf64a901c3ee2a878e55e58ac544e366bfa,worldwidetelescope_pywwt
1058,9c411f17e75462d5015539ce725562a016b8aa1e,worldwidetelescope_pywwt
1059,9c455dfb33ba46c74469c3891da523dc59ec346d,worldwidetelescope_pywwt
1060,9c5e44c77b9f17c99dab6d06b813144ef56af362,worldwidetelescope_pywwt
1061,9c80b777e481c9f08c58668a66bc80a2d39be105,worldwidetelescope_pywwt
1062,9c88e95b2a188f4ac20f08c428d8f68d1d63d955,worldwidetelescope_pywwt
1063,9ccb546d28b6abc24bcaf3fa1d0a431b3ff0df2b,worldwidetelescope_pywwt
1064,9cf228639b12ab8a912e336a4d158efea0a41fb1,worldwidetelescope_pywwt
1065,9cf4f2efc22e12285ef52a19ab1f12ce88051acb,worldwidetelescope_pywwt
1066,9d0c289f4f474fa5e6c8fe2e937c3dc564ca2b24,worldwidetelescope_pywwt
1067,9d4ae11371f069bb3ff9ec0edef90322a60289ee,worldwidetelescope_pywwt
1068,9d5d734415d72b41c9e67f03bbb9cb3f4a6ed450,worldwidetelescope_pywwt
1069,9d6197666cfa99b5cd4b0f3e8e727d617dbdb4d3,worldwidetelescope_pywwt
1070,9d989bbf4f169b657686c22e1eb0f7b98fa2a8ab,worldwidetelescope_pywwt
1071,9dcd2795c893bdba7ffc9517e288fa121154a66c,worldwidetelescope_pywwt
1072,9e00ca03915ffe912f3d2ed0cbaba3e342b812d2,worldwidetelescope_pywwt
1073,9e394193121facc2dd5e29f65b37188fc7204b90,worldwidetelescope_pywwt
1074,9e4567014ba292da554e9f18e339b30476b8bdd9,worldwidetelescope_pywwt
1075,9e45785aa590ee6448028abe57e6f7151415904d,worldwidetelescope_pywwt
1076,9f386e45a0a91761ec8238a4d8da3afc5f6d56bd,worldwidetelescope_pywwt
1077,9f6dbb91504ec1beea5e90b0143de221bd38389f,worldwidetelescope_pywwt
1078,9f7df0b5de7e27bdfa9512c8810c4f06efd58f5b,worldwidetelescope_pywwt
1079,9f914b9bd12cc4f28c43c1e9d372147aaeb86cf9,worldwidetelescope_pywwt
1080,9f930a094df26ce466c58b4af17e2b123404013a,worldwidetelescope_pywwt
1081,9fc21daffdb37c854a8d1f07e0875aeb45c12433,worldwidetelescope_pywwt
1082,9fe9ce630295c1906a021ea18cdc553fa97df334,worldwidetelescope_pywwt
1083,a01695337122582d6c1c25bdaef466a2e476b8e5,worldwidetelescope_pywwt
1084,a04476d065fae9b6070b9cb2abc4aad4ae2d8bd0,worldwidetelescope_pywwt
1085,a077a7fb1d3fd5981836556d2152ceb6f4b9b2c5,worldwidetelescope_pywwt
1086,a0d829c1520271149fb1b242e4601ad572233bf8,worldwidetelescope_pywwt
1087,a0e39da3f83992a04fdd9e275fa42f789ce9b447,worldwidetelescope_pywwt
1088,a0eec240aa317d6d2eec9046b4f52e9abac8f566,worldwidetelescope_pywwt
1089,a1036d34c992f13186fff5a891ae4fe4286643de,worldwidetelescope_pywwt
1090,a10667307efe247272ff62df4f73ed416e6404f3,worldwidetelescope_pywwt
1091,a12df8cc28fd0aa336f98b0fd98a09691d116f9f,worldwidetelescope_pywwt
1092,a157967af13608c9d148f7fd211209116e06bd68,worldwidetelescope_pywwt
1093,a16f64f86ab4067047d32870b1b64f2acc039e77,worldwidetelescope_pywwt
1094,a1ae1b550b1fd540e44fee2513a58b61117de47b,worldwidetelescope_pywwt
1095,a1b4a1aed754af4987fb313425902753f1818aad,worldwidetelescope_pywwt
1096,a1c6c5950667b7184435fe665595bc6f1fd946f6,worldwidetelescope_pywwt
1097,a1ce045be2c4ba39ec8d30ab740339e358bc4575,worldwidetelescope_pywwt
1098,a1eff0014b13b412c8339467591aeb64c1facb16,worldwidetelescope_pywwt
1099,a22d2a4eec804a2c729ec9dedbae410efc534056,worldwidetelescope_pywwt
1100,a25f9a395ee541cc9c9c6edaa21426a06c6cfeb5,worldwidetelescope_pywwt
1101,a28452c5085f73cef2fdb0da904ddd6979ae8143,worldwidetelescope_pywwt
1102,a2975e621b2d461a12d1d2b91930cfc9de833352,worldwidetelescope_pywwt
1103,a2ed50544ce85d1d9e093b462fc583c2a5582d16,worldwidetelescope_pywwt
1104,a307f2c8f7b91aed30cb2bc82c4204067c3a16fa,worldwidetelescope_pywwt
1105,a318793aed19901bd7b25f03f8157e9a84c01e1e,worldwidetelescope_pywwt
1106,a32d7f444d7bc4baed85c4845787922d51efe246,worldwidetelescope_pywwt
1107,a36802f78e13d7c6ec1ab95b7596033d594838f2,worldwidetelescope_pywwt
1108,a42215699ce22cba99d4a9ebf06fd4a61ce50f16,worldwidetelescope_pywwt
1109,a431e2c3af82c4a297a96f24bca372c1058b1127,worldwidetelescope_pywwt
1110,a43856f5ef6be805af5bc2b4a985c491568b087c,worldwidetelescope_pywwt
1111,a44351d5e8b3735fab35da2d89ead580562a13d6,worldwidetelescope_pywwt
1112,a450267dfc9baf98812cd14026fb8a36d5ca4507,worldwidetelescope_pywwt
1113,a45802362c40506a0e8161e44988c75406eb17a8,worldwidetelescope_pywwt
1114,a477fb1b0ae172ea7e1ab21addad676abfb543e0,worldwidetelescope_pywwt
1115,a4c7c5c018b7a7054980cca5bab8f30b0d0d2168,worldwidetelescope_pywwt
1116,a4f1a9a4a2f93f31db312ff28e8b2644b4de9593,worldwidetelescope_pywwt
1117,a515a0fd28ccc1e2f2f1e70563660faed7f50019,worldwidetelescope_pywwt
1118,a56b1b1b02065104efec9d3272501f3444d0e273,worldwidetelescope_pywwt
1119,a5aed9888cba22eeade73f2daf3b97631c8fe1e2,worldwidetelescope_pywwt
1120,a5b0c5d1aadf2013b81eb6fd18edc578cc0f0ae0,worldwidetelescope_pywwt
1121,a5cb4345459be5d23b53a70d4821be1e66c9bab6,worldwidetelescope_pywwt
1122,a5e39674dd5db88ba6eecdf684f3bdc5326a244e,worldwidetelescope_pywwt
1123,a61a1b1a74df9e66e459ed8a4977e0e36f2a9cc3,worldwidetelescope_pywwt
1124,a656f2160a294e655b26995ec8b071c8224d004d,worldwidetelescope_pywwt
1125,a66a252ef6a41748582fc23b65ba532385425202,worldwidetelescope_pywwt
1126,a6a26da281a3df501c09486b0089a97889b96fb0,worldwidetelescope_pywwt
1127,a6aa6bba8958c26cf4dd5879d433afa44278660c,worldwidetelescope_pywwt
1128,a6c61c8ee125fad84497da2faaa74bf00d05ed19,worldwidetelescope_pywwt
1129,a717ea7caff8a7222e6609fd0b9b7ba8192036bf,worldwidetelescope_pywwt
1130,a775295f55c5bb80bdf966311a9663b8d7d08909,worldwidetelescope_pywwt
1131,a7c2c0ff1fa094a38704945540abcc6904488760,worldwidetelescope_pywwt
1132,a7c40243c2977637bf63cc2930c3d97dbdfc5af5,worldwidetelescope_pywwt
1133,a80551e60ac41b329c48e2742a6d27ea81b164f6,worldwidetelescope_pywwt
1134,a81d1e922730c983b326bd7601ec7265fa9cad25,worldwidetelescope_pywwt
1135,a81dc012044c7aa66266edb713462cf966c8826a,worldwidetelescope_pywwt
1136,a82b1aec23467cb842db42fd2f07279ea1b87f26,worldwidetelescope_pywwt
1137,a84acd0f308577c5f8f3a4365b691335f9dde271,worldwidetelescope_pywwt
1138,a88d7afdd745acd76f0f079c3cc0f27686caa55d,worldwidetelescope_pywwt
1139,a8bdc1ccdbd805333845f6b9efb7ed29f4a8057b,worldwidetelescope_pywwt
1140,a8d29cd13a6a52def42ebfdac37dfbe25c09b292,worldwidetelescope_pywwt
1141,a938e749302aae9e5d2dcbbc16ced8de4bd32583,worldwidetelescope_pywwt
1142,a97a4f4c63be1bad7d3d4b45afd6ac3497c2fee3,worldwidetelescope_pywwt
1143,a97cdc04de50f99ae7806d627a7eddee01dc1ed7,worldwidetelescope_pywwt
1144,a9d25798bbbde0b79e4a70f8ce4d129ebe7dc4e6,worldwidetelescope_pywwt
1145,a9ea1ab7774cbb25a0d99381e2724fe8876a5f8f,worldwidetelescope_pywwt
1146,aa436ac3db8c596b61f3fa36a75769677cb4ba30,worldwidetelescope_pywwt
1147,aa5f40481d65d07f99c4401621abf9333ae4b442,worldwidetelescope_pywwt
1148,aa9884f41a9d629abff3a3ba61ef950e17ea3244,worldwidetelescope_pywwt
1149,aacedd2d1b0358698ade38eb7b4269e0f8bcb2cb,worldwidetelescope_pywwt
1150,aadd2683dec4ace7b1f02457c1de4fd602d55861,worldwidetelescope_pywwt
1151,aaf75e210ebbc7b4d4d8426ea8f54422f9ad5b47,worldwidetelescope_pywwt
1152,ab0381fdceb6cc6e21bfa0d0e6df99a96b87a441,worldwidetelescope_pywwt
1153,ab2d0b0a4c2ea5dc4a7ef1a25405e4027a2ec6d5,worldwidetelescope_pywwt
1154,ab35f6e38f293bd1953cd5ff1cd3fa4540a22e38,worldwidetelescope_pywwt
1155,ab46da1f5daba642ecc1effe78e1c54e0d9d202f,worldwidetelescope_pywwt
1156,ab4d456014f762d7e240fa54183dcb1b743fae72,worldwidetelescope_pywwt
1157,ab5e2c41a3d6ea2203fc4548a3faf6279ac86ded,worldwidetelescope_pywwt
1158,ab72466215cbaef5919c947f4212f743a513b726,worldwidetelescope_pywwt
1159,ab90d0da0763caddbbb5a951cc8e6ec81dbbec10,worldwidetelescope_pywwt
1160,aba2094b6241ed539464cd6b49781967df8d56dd,worldwidetelescope_pywwt
1161,abb85755a4be2a7685ac6b2390c1e3bf9cad2b71,worldwidetelescope_pywwt
1162,abd91878a98009f890dae2e9fa22ef48e4cff594,worldwidetelescope_pywwt
1163,ac0bf58d6f5d5e6d51219aaff217c3153baa94f1,worldwidetelescope_pywwt
1164,ac35431f923a0445359866a11410ba3522aa049c,worldwidetelescope_pywwt
1165,ac5aed1eb146487d30ea353f3575a6cb9ccb2e81,worldwidetelescope_pywwt
1166,ac8b91930a5a5e812b9eb6d0ec314799c13abec0,worldwidetelescope_pywwt
1167,acb603747a4ce2ac57c6d8386fd9129f81e357ba,worldwidetelescope_pywwt
1168,aceaf65f3b480935117351c4b0ab504b9cd71830,worldwidetelescope_pywwt
1169,ad026197effbf9d0a1e88036b748b8540f8ca26b,worldwidetelescope_pywwt
1170,ad658c60d9bf6402ef0d6e2b7c9855c862b41900,worldwidetelescope_pywwt
1171,ad66fe280c45f3de73fd9405d90591a10f71ae5a,worldwidetelescope_pywwt
1172,ad8a8925f30e56137505553faae6ef6f972735a0,worldwidetelescope_pywwt
1173,ada0893be576102ccba4afddfe7a8191ff793d89,worldwidetelescope_pywwt
1174,adb8bc30f771c4a0453ff09496777ae69805fe87,worldwidetelescope_pywwt
1175,adca9b5f0abd4774716000886fc1b7afae4cc6ef,worldwidetelescope_pywwt
1176,adf42b86df0e7a20062901e16bf8788593a02040,worldwidetelescope_pywwt
1177,ae2375ef6ae5ece68ce98d27805263bb599b678b,worldwidetelescope_pywwt
1178,ae2483da7290fef2111cecad635c1bcb0c6d4e94,worldwidetelescope_pywwt
1179,ae6228edebd77939a1015c1cfc7418609f3d1291,worldwidetelescope_pywwt
1180,ae84be4baf4566c4c8c30a917546894c12001f35,worldwidetelescope_pywwt
1181,aea3f41f4615df210f7c8a8376097c13ec3506cf,worldwidetelescope_pywwt
1182,aee49e0b284eb91e025f01999b9144bbec79da52,worldwidetelescope_pywwt
1183,aee9bcd4bc8dee252d165283fc0ebccab220615a,worldwidetelescope_pywwt
1184,af2979490748d38eb9bd211050d58cbb598a86f3,worldwidetelescope_pywwt
1185,af29cb44ed3ace8c81e21f90ecf2a4d915c5e8b5,worldwidetelescope_pywwt
1186,af2b2089e095f46efd982349f526da614c08122a,worldwidetelescope_pywwt
1187,af346d48c4be92048bf06b8949f0117527e12317,worldwidetelescope_pywwt
1188,af89b0694f5ae47331623d185fbb388c3664b162,worldwidetelescope_pywwt
1189,af97e29d1d496312ac55e55f869265930d2a3880,worldwidetelescope_pywwt
1190,af9fc4a6dcde2b5e49e24b1efe26762fba136694,worldwidetelescope_pywwt
1191,afa298310b40aa14c38f2a757aa4395d702128f3,worldwidetelescope_pywwt
1192,afb3153e2c0efa79578a327d8ef86d1e01efb0af,worldwidetelescope_pywwt
1193,afe3ac6cfea77a9f3fe08f9c862cae213074270a,worldwidetelescope_pywwt
1194,b009d991707f096383d13a6492a7345daa993480,worldwidetelescope_pywwt
1195,b014a52d8e11f2c106f0b76b82b11434c8c8e29f,worldwidetelescope_pywwt
1196,b0dce761ef540bce29ce510d81cb978f2cfaab9b,worldwidetelescope_pywwt
1197,b0feb935ba3f309bbf99fd8d0c97f3ce26cc0edc,worldwidetelescope_pywwt
1198,b1186d1f8ecf3e4a4844217943561709beccfc65,worldwidetelescope_pywwt
1199,b1246314a12aaf3191fd3fb2afe6b682909e7e0c,worldwidetelescope_pywwt
1200,b1632c14d160bf063cd2c94c91e8a281504970d1,worldwidetelescope_pywwt
1201,b1717e372c77152056df575e87f548845a6e41ba,worldwidetelescope_pywwt
1202,b175397e91210f40cc368e2d3275bfc89e0d5b4e,worldwidetelescope_pywwt
1203,b19c46b90e4167da2bce2da13b14ec43579009a2,worldwidetelescope_pywwt
1204,b1acf5c37efab7d017a6ef82a76620fabc7b7d98,worldwidetelescope_pywwt
1205,b1be1417e16c7295b174c2ffcc18d31a1d908b69,worldwidetelescope_pywwt
1206,b1ceedf89ca2f35bb0c90843d110c8c0ceba377b,worldwidetelescope_pywwt
1207,b1f9eeb43121c0505fbc020f4db387be2942ce41,worldwidetelescope_pywwt
1208,b20b820261bfa01425cc0f410ce49f14e93140ce,worldwidetelescope_pywwt
1209,b223cc195ccbe96c7c6aae5829f3e437a0963b83,worldwidetelescope_pywwt
1210,b2279c3102391abbbc63c5e1649f97764715ed44,worldwidetelescope_pywwt
1211,b2765fcbe139eb374d09620bf639e5ce7ea04722,worldwidetelescope_pywwt
1212,b2a0ee4655ed054ead846a2ba91d9d5bca434a09,worldwidetelescope_pywwt
1213,b2ab9388e60d362079abb0abb48c11c05f78be89,worldwidetelescope_pywwt
1214,b2b06d196ab8d8b1e4b4d2548f4b8b150aae476f,worldwidetelescope_pywwt
1215,b2b8153004b3206c0e32f194803ebec5cca72aa4,worldwidetelescope_pywwt
1216,b30488f0a67d010cb1d1620bd966852f2d9b4107,worldwidetelescope_pywwt
1217,b32c264de11c5f26794af59c82ac915a03ba5b6e,worldwidetelescope_pywwt
1218,b32eb1cc81610ef0c734e71264370a00f50e1e50,worldwidetelescope_pywwt
1219,b35479b3f3562d6679b5c0d5c6e2403b2a71726c,worldwidetelescope_pywwt
1220,b3844e2d7ee0c3eaf80b2d178342ba7a8bab8d45,worldwidetelescope_pywwt
1221,b3a4d41d92b5970f608fb31af9786ae80ae83ddf,worldwidetelescope_pywwt
1222,b3e2be767a00d0ab97f4389b9eae5907d821f0fa,worldwidetelescope_pywwt
1223,b3ec6e1be7c9855cfd5363201181fd65d8cc70de,worldwidetelescope_pywwt
1224,b3fd12b0c33d97d2fde7f62a42a047a7e6f38a3f,worldwidetelescope_pywwt
1225,b41af04a648f4366460c07dfdfd2d64f7310929f,worldwidetelescope_pywwt
1226,b42582f2c9c3014f5ece7606195a5d66369bec3d,worldwidetelescope_pywwt
1227,b441a351ed6d23043ac978b55db0ee315776ca5b,worldwidetelescope_pywwt
1228,b468f8af693005d308a31413fbdbcdf394cd2130,worldwidetelescope_pywwt
1229,b4866efbed8bb7fbe902aad2f12fb6a1cdaa5f7b,worldwidetelescope_pywwt
1230,b4b3b7656f958df73b648641d79c85d36b91b081,worldwidetelescope_pywwt
1231,b4c4a73324234f23f0cca60f5760f86c9e1a06ae,worldwidetelescope_pywwt
1232,b52b8bbf9363a4093530cbe09dc68073a8b29497,worldwidetelescope_pywwt
1233,b55feb32a3886028bd7c13aa29aca268a874ce99,worldwidetelescope_pywwt
1234,b588dded4799ab404f1d2d7cd8d7b2a7ed2507f6,worldwidetelescope_pywwt
1235,b59f81f8b01ac78fa3cdf32a95949a19534e4a8f,worldwidetelescope_pywwt
1236,b5d258812950d8a3a938a8d4a639254e0337396c,worldwidetelescope_pywwt
1237,b5f682e7d9eb689690c4a205ab0f87139b586f00,worldwidetelescope_pywwt
1238,b615fd6c5832bbdecc7bc5910a06c61ed529a8d2,worldwidetelescope_pywwt
1239,b6343a7fbab5c2f7dde181b316ef9b7a9151053c,worldwidetelescope_pywwt
1240,b6ac74d5573877abcaf9eb0c68693a5c9a08228a,worldwidetelescope_pywwt
1241,b6b3fe15b8c2d6e77b65f233f336319ae5ced53d,worldwidetelescope_pywwt
1242,b6c1c4d1ec76eced78ed93a745e4c9f0833b24bc,worldwidetelescope_pywwt
1243,b7033810b91f61bafac58167e1848e450fe9e841,worldwidetelescope_pywwt
1244,b74b2b849ee9afc2b25e8c44bc9deb7c99d41566,worldwidetelescope_pywwt
1245,b76448debd80e5b7b53d38390b3f96b2fd4bf553,worldwidetelescope_pywwt
1246,b7852013aa62055c34edce356168dfb926ef10fe,worldwidetelescope_pywwt
1247,b79261faf64d4d2a8597a87af58b18407ab15d2c,worldwidetelescope_pywwt
1248,b7bc841bc51884c29500655ac442249d331d3570,worldwidetelescope_pywwt
1249,b7d9abbe2cd2f323b00a63583b2ffbb650c3c42b,worldwidetelescope_pywwt
1250,b8111327db1afce0a50604b545387023a24dc995,worldwidetelescope_pywwt
1251,b8181f023b9fec96164c702e5d30402de43cb033,worldwidetelescope_pywwt
1252,b830b43d745c3ec8253ec4d6d0a659c3eb5ad345,worldwidetelescope_pywwt
1253,b8327c9d340b8228e2cd1d573aef02ad513e9fdd,worldwidetelescope_pywwt
1254,b8a7c870c730a5df877743d69d39b3a95f22a70f,worldwidetelescope_pywwt
1255,b8cb66235daa3c71fc3a353e585f55c8adf6089b,worldwidetelescope_pywwt
1256,b8d5005dfe5ea4bbd514760254b571a8f05b09a0,worldwidetelescope_pywwt
1257,b8f7b02f456ab13a105c6f6c3fc56d4d228eb417,worldwidetelescope_pywwt
1258,b8fd6aa298cb89453ade9a1fe88fe3f7f604f35c,worldwidetelescope_pywwt
1259,b90fb5e58399e6b5ef66f3317b2e5a31b91d0501,worldwidetelescope_pywwt
1260,b956fd85001d5099959bf8de1805402f0fca1ed1,worldwidetelescope_pywwt
1261,b965620afed73eb104fa29ffae712b7acb0a98bb,worldwidetelescope_pywwt
1262,b9b25e2c946428d61c80bdde8cd55b23d0af6410,worldwidetelescope_pywwt
1263,b9e890dc2d4ea8bf21e599265813e247ec997262,worldwidetelescope_pywwt
1264,b9f2c60540c401cff3ed1e5570a441c3e4a986c1,worldwidetelescope_pywwt
1265,ba1b28a9b0b599837dd2e6ec6ff03885e85f6e0b,worldwidetelescope_pywwt
1266,ba1c601acb0cbeb8f68fa681702ed4e160ad8b85,worldwidetelescope_pywwt
1267,ba359d2eb90fbe95481de2541faf13b60942778b,worldwidetelescope_pywwt
1268,ba54a6db5882b288fb8a181e72e6264d7ae49bb1,worldwidetelescope_pywwt
1269,ba695d43f4211c10f501bdb35c8d31a32e684b5d,worldwidetelescope_pywwt
1270,baa550bec6857d9dc7d28d4ecead4d98d2838503,worldwidetelescope_pywwt
1271,bae035acfa0202c053d9d356bae0e2cdcbe791b3,worldwidetelescope_pywwt
1272,bb132e960dd83a09d7949ebe7fc12f43522c15d2,worldwidetelescope_pywwt
1273,bb8fdfbbd31c31bd5cbb112d1befaa6608e85da4,worldwidetelescope_pywwt
1274,bbdca9e3de16bba80b5cda2c62308b3a3fa747bc,worldwidetelescope_pywwt
1275,bbe3779d65b90542db929d8fde8494dfb3518e1d,worldwidetelescope_pywwt
1276,bbec237186db27239c6647344fee13984fb2aace,worldwidetelescope_pywwt
1277,bbfb83be9f48306265886c5def6375a60cdb1d50,worldwidetelescope_pywwt
1278,bc7649cd9c80cce7082d161d6235837951d1978c,worldwidetelescope_pywwt
1279,bc836daa30b1c41a1a4d71e95452f7d0fb4eaf6a,worldwidetelescope_pywwt
1280,bc9ac518040fecf2e1534e9bf1aef4772cf89bfe,worldwidetelescope_pywwt
1281,bc9b12936d07a3ca5256b0332c4e14f240a31477,worldwidetelescope_pywwt
1282,bca41b71fbae68ca209b3189e1f9f7e55ac0a368,worldwidetelescope_pywwt
1283,bcc6a76a2c3c6f3f45422f5e5bfd776bb3222501,worldwidetelescope_pywwt
1284,bcd92d2dd8f1113a2fc7733fe985a60194274285,worldwidetelescope_pywwt
1285,bcda562e8fc932618a5b5eca35a1568414ece3d5,worldwidetelescope_pywwt
1286,bce43508c2c39afd8e527236710ecfb2f918d1ba,worldwidetelescope_pywwt
1287,bd20774c52025dc7e68bc1dd5035075302ec220d,worldwidetelescope_pywwt
1288,bd306c8e06b15b3170c8487092ddb215e0538ea6,worldwidetelescope_pywwt
1289,bd3f7eb2d9ca302aa5feab79b3b950319ba77035,worldwidetelescope_pywwt
1290,bd5073f7bb5ff1b493f5ae8aef91fd477345f21d,worldwidetelescope_pywwt
1291,bd919211a7ca848b9ab9e55e24fb54bdf6ace7ab,worldwidetelescope_pywwt
1292,bdb016e19bc9bd337af52afb44738f4d75717bdf,worldwidetelescope_pywwt
1293,bdb8cf6b719801ee40b22dca528b388edf19a7c6,worldwidetelescope_pywwt
1294,be0b9405e8502d949d75454f89dceeb4f49289de,worldwidetelescope_pywwt
1295,be3835b4a78e26eb642faa2b85561f7c9294afe7,worldwidetelescope_pywwt
1296,be7023d8673d45ba41a2b4e2405029e82ea2201c,worldwidetelescope_pywwt
1297,be91764d6129b1b1648a90dcda2cd0c1a5283e50,worldwidetelescope_pywwt
1298,be954e21cc2781466aca6ce196cd7f0bc2e12be0,worldwidetelescope_pywwt
1299,bea8b0c794ba6a5ad6129ccee35a8eb45f11bb95,worldwidetelescope_pywwt
1300,bea8c5f344fd6d7d65d6fda3121fb1e1ca46d358,worldwidetelescope_pywwt
1301,bec41d194aa4ce941c1f792cc146e5f342299806,worldwidetelescope_pywwt
1302,bedf85cb66f83b9c69b8794beecc1c0503e49cc5,worldwidetelescope_pywwt
1303,befad873b3c89936ccf8b29e035295f1aca2b7fc,worldwidetelescope_pywwt
1304,befe4211099af339a0a839e6eb593a2185620ecc,worldwidetelescope_pywwt
1305,bf2e9bc8657934a3430ead0b1240953a4cf2b8e7,worldwidetelescope_pywwt
1306,bf508dd98f494762c059cfbb19681063e046a6e1,worldwidetelescope_pywwt
1307,bf61139419f222fca6b1a34602f4ba53ce713ca7,worldwidetelescope_pywwt
1308,bf68825bb2bbdaa67391566ded61354c817299e0,worldwidetelescope_pywwt
1309,bf72fa7424be0d7d851c8f8748379304ff2da792,worldwidetelescope_pywwt
1310,bf7ca166560f2b05b7d39134fdfc533ed60d0963,worldwidetelescope_pywwt
1311,bfad43e53cab547e01919959c02210b62f14579b,worldwidetelescope_pywwt
1312,bfbdeb7e7d882fe4558331ec1e1b3806c30e8d62,worldwidetelescope_pywwt
1313,bfcbd34bcd5dec238f52597a1f813fa527d15419,worldwidetelescope_pywwt
1314,bfd2e01b27ae035d93136859849c9296233f530a,worldwidetelescope_pywwt
1315,c0138de1cd045658c7e9cef5111d32ad31e3143b,worldwidetelescope_pywwt
1316,c020c07169bf2e52d9be1559f1f8dba69d81216e,worldwidetelescope_pywwt
1317,c03faa8b530d8b6f6c944969d95c7e3ae4e90fb9,worldwidetelescope_pywwt
1318,c0444513b1964e020becbe874e041120fb6a3a60,worldwidetelescope_pywwt
1319,c0486e0f6143b035805ea20b8de6073466815c43,worldwidetelescope_pywwt
1320,c071ada0a11cc0125077965afff6a069e406fab5,worldwidetelescope_pywwt
1321,c07256a2476f60409f553244402b5a32652d2e1e,worldwidetelescope_pywwt
1322,c07e5c05cf0dcb8a8edf1c12f1049377d93b05c4,worldwidetelescope_pywwt
1323,c08032a96d995d7f9d641f01ffa7021b15397ef9,worldwidetelescope_pywwt
1324,c08bdbf37f31e7c6dca970443c73ec6b64d37fab,worldwidetelescope_pywwt
1325,c08c9cdb4c7490c006f7ba0a8b71e38506fabe2f,worldwidetelescope_pywwt
1326,c099537ab849e5c0743fc2442ee47806497b6b6d,worldwidetelescope_pywwt
1327,c0b78ccc798a896a2fd5a81b2d6e47e38245b84d,worldwidetelescope_pywwt
1328,c0c8e00cbc104875b346611d9b51b122153390b4,worldwidetelescope_pywwt
1329,c0c9776b90e8ad8d02b1ec91f41f179fda2d0a36,worldwidetelescope_pywwt
1330,c0d8b96b767f9a5ec945ea64967aa672567c6405,worldwidetelescope_pywwt
1331,c0e5c716e7104841a5636f4684f8cb95c419a5b6,worldwidetelescope_pywwt
1332,c113e7d5d6f1f42d6f353673d60a702be5dd303d,worldwidetelescope_pywwt
1333,c13e3d8f7523ccd076b85366550bcf1059c1c7e7,worldwidetelescope_pywwt
1334,c1413750c484251030da131a7ddf37b031cc22a1,worldwidetelescope_pywwt
1335,c166d65e8a63e2b682f3ee6c8c05f1321da2e6f2,worldwidetelescope_pywwt
1336,c184f6687b19624ba63ae89b6beee1d926258f6a,worldwidetelescope_pywwt
1337,c1a0e1581dcb0aa555b94f06df3da77dc4e02746,worldwidetelescope_pywwt
1338,c1a5a5222b82bc8748af83032eef2016bb415b46,worldwidetelescope_pywwt
1339,c1a62c8d92778c2854ed5ee13e424abc449f1604,worldwidetelescope_pywwt
1340,c1c4794e84dd0055c3e0a1361f7ac6c80483f506,worldwidetelescope_pywwt
1341,c228526bf3133cd8c2a708424dd1177244422362,worldwidetelescope_pywwt
1342,c28f469703f34092e70c2af366a78bc59a2e07ca,worldwidetelescope_pywwt
1343,c291c659ab92181b1d2a99dea90aeb207b377af7,worldwidetelescope_pywwt
1344,c2be101549a32cc92e3c626f522b7bff394f020b,worldwidetelescope_pywwt
1345,c2bf65b736988585d07425712328bb50afbf5fbc,worldwidetelescope_pywwt
1346,c317c0f0c2dd618b8138509c5df02273087954de,worldwidetelescope_pywwt
1347,c357fd32f4076e302aa30175c9223897c17d02db,worldwidetelescope_pywwt
1348,c3604f428dd07f8510c1eedfe31972e2aa8234c7,worldwidetelescope_pywwt
1349,c3634778d88cbc45d5608f70ba01b27028cb4fb3,worldwidetelescope_pywwt
1350,c39c6746b187b6af3f90d660ed2a1002d04aaee4,worldwidetelescope_pywwt
1351,c3c14921d6926f5c00dcb6fdac9091839df58275,worldwidetelescope_pywwt
1352,c3c95752f6ea80eeefedfffed938dd93407881b3,worldwidetelescope_pywwt
1353,c3fba7ea4404005631d5bd7f0e6f3394f9102052,worldwidetelescope_pywwt
1354,c3ff846e4442e577a3ccd6bd16ec9ee1311d012c,worldwidetelescope_pywwt
1355,c4b19fc7365a7ad46bada31d64801b524ef3d642,worldwidetelescope_pywwt
1356,c4b2c9cf06fdfc70fd1db3e834e6f0d13ae5c43f,worldwidetelescope_pywwt
1357,c5416f05e2d5367d8af9af22cae4dcb6eeeb8104,worldwidetelescope_pywwt
1358,c54b95a754daa2d2ab19b9b65d0771d5e156580a,worldwidetelescope_pywwt
1359,c5561fd37bef820db5b4ae099b2ffb37eab3c47a,worldwidetelescope_pywwt
1360,c5583c40d023018c322ab15901d5c6e227c02b51,worldwidetelescope_pywwt
1361,c581742a4b7c4ab577457a6dba9ae957de61397c,worldwidetelescope_pywwt
1362,c58d238fcf05fc9aa71ddc3871731a66a1778f83,worldwidetelescope_pywwt
1363,c5953d051392cb7a46070bf514dea06de9fa8ddb,worldwidetelescope_pywwt
1364,c5bbd39ef25112c72c3a297334a0f1b9fad97918,worldwidetelescope_pywwt
1365,c5c063a5f2fd5cdd522e7a00b21a98497875be11,worldwidetelescope_pywwt
1366,c5c4c4f2eb8f12e0e24cfc92be7f100c0da093c1,worldwidetelescope_pywwt
1367,c5d3c40ad4c2f7a871cc32073028b079694defd5,worldwidetelescope_pywwt
1368,c5e73027055dd2416b4c8aaa521cc5b40fb6e3b6,worldwidetelescope_pywwt
1369,c669872c456d7e126c0be9ca5dfc53f9f5e249c8,worldwidetelescope_pywwt
1370,c673bc271be911d594271421bb54d46f76aa1cb9,worldwidetelescope_pywwt
1371,c69242d62e63f1f61aa2215bcacfd07c370bb4c4,worldwidetelescope_pywwt
1372,c6b27fc810c3607eae2c69f9374fa3c02a6e8c5b,worldwidetelescope_pywwt
1373,c6c73e3225f7e22b9840fe09175a90787703789f,worldwidetelescope_pywwt
1374,c6caf3f9a30099adb31700fd908ad17305da95de,worldwidetelescope_pywwt
1375,c730817fd531be4f8862c41daf3536daf2c6ef43,worldwidetelescope_pywwt
1376,c73eeef58c1f199b8ec9edf2862e5cb4d8867582,worldwidetelescope_pywwt
1377,c79c4a1456115beb0a31b68302197bbabd2f0410,worldwidetelescope_pywwt
1378,c7b777d16ac895dfc0903c98b4a0d5e9e9029c20,worldwidetelescope_pywwt
1379,c7bc331474261bea68170330c6e19399b4374ab9,worldwidetelescope_pywwt
1380,c7e35ea8b9307e0aa4180ca8c2f500925ca8241c,worldwidetelescope_pywwt
1381,c7ec2484239fe42f35dc0abbce43ce75cc977d53,worldwidetelescope_pywwt
1382,c80569844132d1243a56e7f57d63cc19dc230427,worldwidetelescope_pywwt
1383,c81fa13209eebea676fd412b0ac6340b6de5f54e,worldwidetelescope_pywwt
1384,c832473ceb68e8d0b226da2478047e7da5cc1d32,worldwidetelescope_pywwt
1385,c844965184b3b6ec4fbb1983281a0c11a65260b7,worldwidetelescope_pywwt
1386,c87a48593afb976fc12149b69200bec8a4e2784b,worldwidetelescope_pywwt
1387,c8891f058b6e39743f86ef72be58909fb2b98700,worldwidetelescope_pywwt
1388,c89a0f37dc1f9a1561d563faa45d1505f662b7ac,worldwidetelescope_pywwt
1389,c9449d29ba6a0922c5db321ccd11917ff77cc5cc,worldwidetelescope_pywwt
1390,c953f44ae9bb1665b4f18b3c7b31b614fcd82663,worldwidetelescope_pywwt
1391,c9fda8069f47c8393d36d81e8e13ee4f65644510,worldwidetelescope_pywwt
1392,c9fdbbcddebeba52d25d7e76534a6c78e176cfb6,worldwidetelescope_pywwt
1393,ca14ff71ec82f56ea58cd2539ac1bea448baa92a,worldwidetelescope_pywwt
1394,ca5bc7862afdd76dfc5414bc886dd6a02df5e137,worldwidetelescope_pywwt
1395,cb1f55c20b61a1bbacfdff256118eaad8d55b3c6,worldwidetelescope_pywwt
1396,cb6ae97c62d831d04fc012d5052d729724c5560c,worldwidetelescope_pywwt
1397,cba92abe925f3bad4981824f059f702e3830642e,worldwidetelescope_pywwt
1398,cbfacac5abbefb698ed36cc5530a99e535585e16,worldwidetelescope_pywwt
1399,cbfcec4e275acf16f5d7ef11473585f8766a8c31,worldwidetelescope_pywwt
1400,cbff47487eb10a573f601f34d87aac3b320dc86c,worldwidetelescope_pywwt
1401,cc12783172b042dd85f62205cd498e9f34d04230,worldwidetelescope_pywwt
1402,cc129c622708575c8a1cba990ed6fff1b637aa04,worldwidetelescope_pywwt
1403,cc16f4cf02659df21533cd34c839f2d6f23dfaa7,worldwidetelescope_pywwt
1404,cc21929d9d667197fd81e2db3552f36bfc32945a,worldwidetelescope_pywwt
1405,cc4d58937c929091a33a30f5e53d5fb7421b4ede,worldwidetelescope_pywwt
1406,cc7d1d4e1eae536275d07cc0e950be051dcbc18e,worldwidetelescope_pywwt
1407,ccd44e099558f481263fcadcc2b385be209e0949,worldwidetelescope_pywwt
1408,cd4338ca5a36b290e5a76abb27ef0d73b5b81e41,worldwidetelescope_pywwt
1409,cd4583391f0c662465f7eb2a5c565b936c2857ca,worldwidetelescope_pywwt
1410,cd50af43bff6a9b5155c73afdb5c7e5699b068cf,worldwidetelescope_pywwt
1411,cd5a3234c1e9f42f88c7e02394a7f932f5cf5e5d,worldwidetelescope_pywwt
1412,cd686b2bbb10ac7b677b35133032a88173e87482,worldwidetelescope_pywwt
1413,cd89d69931ff83d9b0caa02df02a8f17e25094c8,worldwidetelescope_pywwt
1414,cd993c90996f9a62d951473175d3bfd3328c392a,worldwidetelescope_pywwt
1415,cdf9d6cb6a1a627e843b400bf1a0105bb511cdc2,worldwidetelescope_pywwt
1416,ce0f5b956e6fee8088dfcf85ffaecc306e589924,worldwidetelescope_pywwt
1417,ce151aa63b12c4462b141476ed4021e98f5805f7,worldwidetelescope_pywwt
1418,ce6bdda2c96ef6547785f8c5d95e0e6bf99c0105,worldwidetelescope_pywwt
1419,ce7009ab237e53aa7d2986cc0b04fa0c93425e24,worldwidetelescope_pywwt
1420,ce77769af74a6cb102fa1ec2e04a63c037f650c1,worldwidetelescope_pywwt
1421,ce7e4701840ba984d8f362cc887ed7957c936b65,worldwidetelescope_pywwt
1422,ce922b6429b43f04fad207c3c9572a0c7ca17091,worldwidetelescope_pywwt
1423,ce9f5c9d3e657038b5afcaacca4b49f547141f92,worldwidetelescope_pywwt
1424,cee80d8bda003531da7f69ce13d14a7df676cac5,worldwidetelescope_pywwt
1425,cf00a315cc361a53db31e84e97899bb331b49ae0,worldwidetelescope_pywwt
1426,cf0374b4b6f109e028ab4bb6ef817b5fedecf92f,worldwidetelescope_pywwt
1427,cf1f45eee9c7de779682f8e49347de2172209a73,worldwidetelescope_pywwt
1428,cf2194344ad8c2c42fa911648e0cdfbe7ad7156f,worldwidetelescope_pywwt
1429,cf732b0d463e94ca2635ca83461570d5be8c9307,worldwidetelescope_pywwt
1430,cf83cbe1ba077657d83015171fdf6baa550fc9c5,worldwidetelescope_pywwt
1431,cf96f7ea8cac60bab9341d28a19219c54b331827,worldwidetelescope_pywwt
1432,cfb5cd361622458e26e9dc1741264bd43dc2b2c8,worldwidetelescope_pywwt
1433,cfbd60af1d61ce35ea14bdcf3c1e95a0eb7b4eed,worldwidetelescope_pywwt
1434,cfdd2587fe0f1733647c7a4d4688c73eded97bcf,worldwidetelescope_pywwt
1435,d0647604702166d1550fd076d7fd84b5b99682ce,worldwidetelescope_pywwt
1436,d067165921886c98c36d1bee19554cd279ba84ad,worldwidetelescope_pywwt
1437,d11e64f34f58dd102e5ad680a61c4a4179a0c8bf,worldwidetelescope_pywwt
1438,d1341986a355f6483b44be73a08fadf0425e9316,worldwidetelescope_pywwt
1439,d1610e37849c0ee788c02e2e020c3d0b09fee0f5,worldwidetelescope_pywwt
1440,d168ac6a5c4c1ee584589472532af7233e5a483e,worldwidetelescope_pywwt
1441,d1b9f4262fff74a5bdc6197574d6cc9e68a1c98b,worldwidetelescope_pywwt
1442,d1c3cc3d66fc39e7bb94cdfb2b2c2588252bb167,worldwidetelescope_pywwt
1443,d1f678fd638baa35253cd93b33e64cd2069babef,worldwidetelescope_pywwt
1444,d2084de9b605085c65529a95b3590a6d5bd01489,worldwidetelescope_pywwt
1445,d20f9aed015ac61e7c7d5d41fbcb4dc1fc816926,worldwidetelescope_pywwt
1446,d26010d206a7f349d093744f0a4b52e3a8b60847,worldwidetelescope_pywwt
1447,d28e6fa36a213ba5b78d1d22d85c35df77deede9,worldwidetelescope_pywwt
1448,d29b8002bdc20a13fa4a2d96f0db2104a344fba8,worldwidetelescope_pywwt
1449,d29e86a387e2e1bd78974eb36b207b26a30c87fe,worldwidetelescope_pywwt
1450,d2aeca5423cb2bb15c184e6c31198ad304cebfa3,worldwidetelescope_pywwt
1451,d2ca235bd86d612e3569842555c3c35d8efddb17,worldwidetelescope_pywwt
1452,d2ce69e28c7e5e642a0678e7605dc3c51bdf6147,worldwidetelescope_pywwt
1453,d2ff603702ff8566012ebd6b2b6bb474a92a7e60,worldwidetelescope_pywwt
1454,d32fab24309c58dca34b71a5d56c644cef3c3b43,worldwidetelescope_pywwt
1455,d3902076aa8b4b0d5dae9a4ebf34f65af19da47c,worldwidetelescope_pywwt
1456,d3a2204a96017f2ae188e805c56642f043be4f78,worldwidetelescope_pywwt
1457,d3ea2da80e95ba2c0a340c87145f42b000c118e6,worldwidetelescope_pywwt
1458,d3f7b8d98fa3b12e114fad11688d76beaadf6df7,worldwidetelescope_pywwt
1459,d3fcf30af6e5d6e51cbdc747e722339d16e8c84b,worldwidetelescope_pywwt
1460,d4418db8e44af0aebbf5e8a173360ec47eebe56d,worldwidetelescope_pywwt
1461,d479520d7bd688e0814be92d312c6a4c5f7dc02e,worldwidetelescope_pywwt
1462,d47c9db6cb52561f473f74b3f05032939a7a74b8,worldwidetelescope_pywwt
1463,d4b11ad1ce7f0459404cc2df0ae2b446a217e04c,worldwidetelescope_pywwt
1464,d4e9b884617b958acda0daeea0179465192215e4,worldwidetelescope_pywwt
1465,d4ed518d5489d0e9bb55c552313513a6255c5a4b,worldwidetelescope_pywwt
1466,d51949d567120ef01d31df41ffc7be18c42ec3da,worldwidetelescope_pywwt
1467,d53e991974b0eed31956060ab7d1a33b639421d7,worldwidetelescope_pywwt
1468,d554cb9292965bb820e6a33582254f1407168a13,worldwidetelescope_pywwt
1469,d55524af47607eacb63f98c7dfb6c2abdfff385c,worldwidetelescope_pywwt
1470,d5595103ed8cf64da6295cec6e9919222daa952c,worldwidetelescope_pywwt
1471,d57045514502729fb315a496075ab212d21b0e92,worldwidetelescope_pywwt
1472,d571485423c7f0152680ca26439ab18216f29ad1,worldwidetelescope_pywwt
1473,d582c3e8792feca3f2232bfdec8a70a576e5168e,worldwidetelescope_pywwt
1474,d59f8174c63a9ea69d7c4fcbd2bd99cfd6e7b94f,worldwidetelescope_pywwt
1475,d5b548ac8dc881bf5e97daa007ea0bb22723a203,worldwidetelescope_pywwt
1476,d5bbb14dff7b99c032c4472cd1d6acff6519bd32,worldwidetelescope_pywwt
1477,d5bf2ca3cf60ddc7383288ae87002ddcea1a4d7f,worldwidetelescope_pywwt
1478,d5c29cec36af6bda04783268406908621652964b,worldwidetelescope_pywwt
1479,d5ca26a5350c1f44b53e08660561190dea129334,worldwidetelescope_pywwt
1480,d6297125a17d6f32a97c61c45cfd8d85312550ff,worldwidetelescope_pywwt
1481,d6353dbeec2177d95f891f460f439c08128f3894,worldwidetelescope_pywwt
1482,d650c77cd3219e97fddede1726d6f80b4bb043bc,worldwidetelescope_pywwt
1483,d65ba01aede1e4d7d2cba0c93cc61c743af886a4,worldwidetelescope_pywwt
1484,d66584ab43e69cadebd04edf012922ffdecba602,worldwidetelescope_pywwt
1485,d6773ae604cbd03dc0beeeb2b1dbf2344c9168a9,worldwidetelescope_pywwt
1486,d67c89b8c8697f8ba34ee8b3e01aedf225b965ea,worldwidetelescope_pywwt
1487,d686ea6b928a2bfb0f43412dfd02c98b71a0cf70,worldwidetelescope_pywwt
1488,d6a445ce2a2ad4377aec39986408d307e377fd44,worldwidetelescope_pywwt
1489,d6a680a9104860e067436ef7f173b34a7ba3bcde,worldwidetelescope_pywwt
1490,d6b996097a34937b30117632405bcc0562778c2c,worldwidetelescope_pywwt
1491,d6e7516d3ad02864cd9f67db83e0400e2d782565,worldwidetelescope_pywwt
1492,d6f846bd2fe28f23978d00a18da2b347faedc082,worldwidetelescope_pywwt
1493,d70004405509aa3a2765ec7f664f26c414722573,worldwidetelescope_pywwt
1494,d7128807c2a37573c13779a569dab681d104f0ec,worldwidetelescope_pywwt
1495,d71cffb45eee163eab16f277f31da1d6512728be,worldwidetelescope_pywwt
1496,d71e7d80107f9f4359e732a1bc43a66b1eb3fed1,worldwidetelescope_pywwt
1497,d7336cf19c0ce4adddb755362e8bab46c5e3a9ce,worldwidetelescope_pywwt
1498,d746d22562c79366ea9ddf3313c8ca3b95e1e1d7,worldwidetelescope_pywwt
1499,d76265b071a9222df187567af0ddd91a4d03981a,worldwidetelescope_pywwt
1500,d82ae624b4a8f6ea7c4af46f04217d2f4f82b12c,worldwidetelescope_pywwt
1501,d82fdbb78c404806b7c30f4acd523325f8091ce5,worldwidetelescope_pywwt
1502,d831694f1b8474974a50b607ad31abd89e08ac8d,worldwidetelescope_pywwt
1503,d8800e983a827f486c787551c24a8c15c0c20045,worldwidetelescope_pywwt
1504,d8a9aba91b7c91e2f74447488166d55839d36972,worldwidetelescope_pywwt
1505,d8c6fcaa93f9440bf6cd7f58a08ddd8f91d80b8d,worldwidetelescope_pywwt
1506,d8c89dc64655f5ecf2941901a0eff7661fb5e24e,worldwidetelescope_pywwt
1507,d8f8e602556c99846fc9699a7e1cc5bd5e9cb743,worldwidetelescope_pywwt
1508,d91879f05e27328abe92697de02e91b9a35853e8,worldwidetelescope_pywwt
1509,d956e2955282960efa5e7055f3d7cab6c43f1fec,worldwidetelescope_pywwt
1510,d96472c4061a9d8c663b2019adc8ad975172289d,worldwidetelescope_pywwt
1511,d9c99097bf9c141618bd7ef4a41b2064d06e403e,worldwidetelescope_pywwt
1512,d9cedf8ab1581e0c77c8a454d54fa3c989c7fdd2,worldwidetelescope_pywwt
1513,d9e5158996e4d3d541274a2987e310160712229d,worldwidetelescope_pywwt
1514,d9fa7577e7b12f92e8195740413d5e9617f07c6f,worldwidetelescope_pywwt
1515,da2fa1b38ecb0e97495bf765f69403d70688fd26,worldwidetelescope_pywwt
1516,da595ca8620b6616dff6bc4389675cf888ae0d05,worldwidetelescope_pywwt
1517,daa3806fddafb04b4be827c62fdedd1e37fea17b,worldwidetelescope_pywwt
1518,daa4a66c89b962272fcfe3f38231429e4fb87e06,worldwidetelescope_pywwt
1519,db20e9627f588dfb91006e337348cb1498c9d61c,worldwidetelescope_pywwt
1520,db30d575f1989969e4121fea6007e61f41411e65,worldwidetelescope_pywwt
1521,db70c20da496c52f400cdae0f301d7b5940f530a,worldwidetelescope_pywwt
1522,dba56a4cec5f6502dcc452fe0c7d03d82f54d7d8,worldwidetelescope_pywwt
1523,dbb08f804bbc2d84ca6b0ebafe4d5ed66823ea1b,worldwidetelescope_pywwt
1524,dbde92ce3986babd26dee3d477024c49827b5741,worldwidetelescope_pywwt
1525,dbe3a455519c8772a5d192b7026fd4e28aa958fc,worldwidetelescope_pywwt
1526,dc253b88f008e18980cf30357ee118f66db7a83b,worldwidetelescope_pywwt
1527,dc706b09b28c73d31b6c6a8676d81146a6df7466,worldwidetelescope_pywwt
1528,dc789aae32b9228d6af810bdcf9f972987b45b00,worldwidetelescope_pywwt
1529,dcddfbd75def5a0d3621f522309586c43f9397c4,worldwidetelescope_pywwt
1530,dce27f2f12e6cabc93e6ea5cea73f1d98a6e0259,worldwidetelescope_pywwt
1531,dcf2115ba15cf0d37191265e800db0cf97afa4ac,worldwidetelescope_pywwt
1532,dd108070f33803f1a51c09f076839b247bba8fe9,worldwidetelescope_pywwt
1533,dda03400c6d54cc8d8fad21c3e503505140fd29f,worldwidetelescope_pywwt
1534,ddb915a1566fe1176d9d31b8f96b7070d882e94d,worldwidetelescope_pywwt
1535,ddc0fb2500b026bf468cf579c3d354a311bc49b8,worldwidetelescope_pywwt
1536,dde71c164437b12e09676a0ba6ba3b251c58d212,worldwidetelescope_pywwt
1537,de45ee4d0d27b8bc8f6d543eb5d60f3b3a7c5567,worldwidetelescope_pywwt
1538,de9af1de29bef7582191d6c8a15e2cebb34a1d6a,worldwidetelescope_pywwt
1539,debaa09b190c8ffcfcf72879b7fb6bebc2d59b46,worldwidetelescope_pywwt
1540,df081a2650e25a38fb5afd8d1336149b6c2e3660,worldwidetelescope_pywwt
1541,df3e2916fb501a950b85d28934e3b1015e2c09d1,worldwidetelescope_pywwt
1542,df5179d6459f2c213c61636ae316cd12fe1e3410,worldwidetelescope_pywwt
1543,df5bcbf3b265779eb1d82a93c5f0e309e5ba9be2,worldwidetelescope_pywwt
1544,df67ff0f0c3b56e8559c7481e1ba499f4d774937,worldwidetelescope_pywwt
1545,dfbdbf92d681f5ec4c09fd0f0469c5705e123aa2,worldwidetelescope_pywwt
1546,dfc34cf2a5ca9366f039a8bfa71b42d9aed73185,worldwidetelescope_pywwt
1547,dffeb7135a9b9b9cbcc17ec4bd71ad7ddaab97b2,worldwidetelescope_pywwt
1548,e01dab2850a1c3f066cfc6f7a928a728701487b5,worldwidetelescope_pywwt
1549,e044645d573dd15242a9d23ccdcbcd81f12e2452,worldwidetelescope_pywwt
1550,e0584b8341937a4a925eac4908554eb7830ee634,worldwidetelescope_pywwt
1551,e061c0139c9e31ee1d56ef669c8bd2e70a831354,worldwidetelescope_pywwt
1552,e0953825c86f9a87fca73f5301d2b1316b4a7686,worldwidetelescope_pywwt
1553,e0e40a4337bcd6b22bcc9edbce897bfe77397a78,worldwidetelescope_pywwt
1554,e0e75a997fd379f47afb2c22569a48af7bd9b147,worldwidetelescope_pywwt
1555,e116bd70018181f1b73c84aa59c50dc9f97f76cf,worldwidetelescope_pywwt
1556,e159a040b4ac54c61ddf7e1c6ed23797f9c4ed0b,worldwidetelescope_pywwt
1557,e176a077c071d724e8274c073f271b3888f5a6b5,worldwidetelescope_pywwt
1558,e1ba3674ef6ad4ed711c7e9d4994539c8c80b8b9,worldwidetelescope_pywwt
1559,e1c643169cc862fe4e9f48ec35f9fa98bd2f2b6e,worldwidetelescope_pywwt
1560,e20d602b67e9bb56e10ed2ba2b13a4fbb0dc19c0,worldwidetelescope_pywwt
1561,e223391efca4b8ef40bf31d76d191f3e076e3ff7,worldwidetelescope_pywwt
1562,e281ce29f4e29b67c4ca5fcd53b9fa2837c8b3bc,worldwidetelescope_pywwt
1563,e29a4ad9c92faba8025e5fedf56ae263c4fd4bbe,worldwidetelescope_pywwt
1564,e29b249ae402b506793dbe06d3e6319b6f85ebff,worldwidetelescope_pywwt
1565,e30be0289e88e74f9acc7279b1bae9526e2ddc0b,worldwidetelescope_pywwt
1566,e311c269f3b79806d7dba6062f03acf65ab32fc0,worldwidetelescope_pywwt
1567,e31def21008b920bc01b980ca9c2f577b4952ef5,worldwidetelescope_pywwt
1568,e3371201a5d199166d288cff7c63b12fad24baa0,worldwidetelescope_pywwt
1569,e343137fbad9d012439013d81ba1deeaa0577c5e,worldwidetelescope_pywwt
1570,e3c3e9966146e49c36e636d8525350a9fad4bf27,worldwidetelescope_pywwt
1571,e3ca7415e7992ea8c621c3de162abfa71b7fc8e6,worldwidetelescope_pywwt
1572,e4406e09d030a269bd582b9b090a36cb68189986,worldwidetelescope_pywwt
1573,e444d8e42dc83f6d916191bbef21f54a4e1b1628,worldwidetelescope_pywwt
1574,e47d66fd04ca4a16fc242b710c49167400cbd791,worldwidetelescope_pywwt
1575,e486d2a8476f51e1c086d3d33269be7c37f38c84,worldwidetelescope_pywwt
1576,e49dac71dec15464aceb80557313bcadd0178394,worldwidetelescope_pywwt
1577,e4a01f896e8040e41ddb788987937faf8a69036f,worldwidetelescope_pywwt
1578,e4b133e776faa6da00f2b15629c40b9e3de48e5b,worldwidetelescope_pywwt
1579,e4dc041b065f5396712af5439e2e0d11c919ee43,worldwidetelescope_pywwt
1580,e4fcddcb225653571c1b0c6d85804451e05b61cd,worldwidetelescope_pywwt
1581,e531d6b6551c629d2921ac1a5af3f9e18fcc7423,worldwidetelescope_pywwt
1582,e548efd21f2c061f24635637222c76e60a74558d,worldwidetelescope_pywwt
1583,e559964b958d7fe67821806e7b3abeb13ca0c52f,worldwidetelescope_pywwt
1584,e56bb56707a45ad28bb73e0ba18530ac186cd7fd,worldwidetelescope_pywwt
1585,e58d25754fd696750c94da8262200b758dfe9edf,worldwidetelescope_pywwt
1586,e5994ec8e9850deeb229bd3fff57422d3a2178c7,worldwidetelescope_pywwt
1587,e5bb90451d69ce35143ccf018ab0af9da6ad0435,worldwidetelescope_pywwt
1588,e624bac7b91fecac47a785a815087e0a314571da,worldwidetelescope_pywwt
1589,e6aba965a212b7e18a4e3bf8d515a097afe2e2ed,worldwidetelescope_pywwt
1590,e6bf4ce34e0c68a25d54d230006c7c002585da4f,worldwidetelescope_pywwt
1591,e6fa9ddf7d18a9e2f3c2e39cce7bf4b5bf0abd6f,worldwidetelescope_pywwt
1592,e74ca524704626ff5389ef20c43c8c70d1ce515a,worldwidetelescope_pywwt
1593,e75caa31360cfce9280ded108e7be509c0c6586e,worldwidetelescope_pywwt
1594,e7b379f896215b57730b98b9b5ff14f300a4d5dd,worldwidetelescope_pywwt
1595,e7c0c5723b04308452e7ea928405ee8548e54d4e,worldwidetelescope_pywwt
1596,e7c50ff73c3251425b7d237139f739a65e4b9b53,worldwidetelescope_pywwt
1597,e7ca573026d7e5bf61bb4b93feeefe878e3f1257,worldwidetelescope_pywwt
1598,e7d1db118d4d7d5037a59ab1ec00bdb4e732bfa1,worldwidetelescope_pywwt
1599,e871242ea377585cc4d00bcff4bb056cb1328b06,worldwidetelescope_pywwt
1600,e877e2acdaf9f0014699ff03eb09e05ff4901728,worldwidetelescope_pywwt
1601,e87af777472c083ae045fd2925983d490043d15f,worldwidetelescope_pywwt
1602,e89d770c9ebbca786cc956ba475871cda1efff78,worldwidetelescope_pywwt
1603,e8d2bc0a73fa19a56d8026f4372a931e859a44e5,worldwidetelescope_pywwt
1604,e904e19e6da816008eb8624e0f7916463be57695,worldwidetelescope_pywwt
1605,e91b367e398aac823fcbbc2f0e32b1fff0d4cd05,worldwidetelescope_pywwt
1606,e942e89eed5aeaffa5835e9bdeb00767eafd349a,worldwidetelescope_pywwt
1607,e952dff1786254353eaefb08110ff7d31e65bd17,worldwidetelescope_pywwt
1608,e976c1e223bc601026823388fb874975c7e64eb5,worldwidetelescope_pywwt
1609,e998a3b14e05c0caf6ba8c2be4247ebc295b7db7,worldwidetelescope_pywwt
1610,e9d39cc2b1fe2d3e9bd54040f01e6ba4a2a494f3,worldwidetelescope_pywwt
1611,e9d3b58acdd182647955af9cb1aaeea4ee584c09,worldwidetelescope_pywwt
1612,e9e2dd1146b463ed4080544129cc3a5af4214173,worldwidetelescope_pywwt
1613,ea0f26da40160c6176b56f8a71eedb3cd40c63a8,worldwidetelescope_pywwt
1614,ea25a00a7a4561c1aed2db8f7f49e1735f715877,worldwidetelescope_pywwt
1615,ea2d4044d99161088586d565ea5d0c8002444564,worldwidetelescope_pywwt
1616,ea45c2c4bf0b192d622eb45463ced87c663317ef,worldwidetelescope_pywwt
1617,eb1bacf125a7aa4c8bcf696f1764b641f625267d,worldwidetelescope_pywwt
1618,eb6c1272fb1e2d3731cdbef402c5d9c1b5decb38,worldwidetelescope_pywwt
1619,eb9f3b9ee2a0e078fff5cabc2cebf679ec7dc358,worldwidetelescope_pywwt
1620,eba8e2b5ca11012983b3c0c20ef561794a259f92,worldwidetelescope_pywwt
1621,ebe29ab4bb04da42b5f0f6ebacf7280fecb14c9f,worldwidetelescope_pywwt
1622,ec4e2d8a3bf1df6c3b166471a840c5a25058261f,worldwidetelescope_pywwt
1623,ec5d250293e2ff64305f7a0d08cce24eaa2d8fe7,worldwidetelescope_pywwt
1624,ec703d316741f9d059e79e924037a0dbfa6442d0,worldwidetelescope_pywwt
1625,ec95cffe552604d10686db5a97f29212ae123c5f,worldwidetelescope_pywwt
1626,ec9b702664ced6b37901b8bd59b70caef46376d2,worldwidetelescope_pywwt
1627,ec9d891f7695757a81fb45a85f66e189a9b040bf,worldwidetelescope_pywwt
1628,ecc7cc5572541d0ed380705cc76e717e91b4c8a2,worldwidetelescope_pywwt
1629,ecff0df7facdf3e172f11faf1a8a842a1f181f96,worldwidetelescope_pywwt
1630,ed6f88c6f2b12153f7cb62e848695fad0a0d7942,worldwidetelescope_pywwt
1631,edc50ccae838b04aceb265f9869af2e83aeecfc7,worldwidetelescope_pywwt
1632,edeb1acde675090a687a4cced5950ec5b881a188,worldwidetelescope_pywwt
1633,ee6f5b67e880be65cd8a60ad7141ba340953d557,worldwidetelescope_pywwt
1634,eeb5f192883686b3606f3054250f0ae114070618,worldwidetelescope_pywwt
1635,eece652f46ff22e9dcaa6d92bce596901893aee5,worldwidetelescope_pywwt
1636,eee0bddb8080c9c46b90d7295552d3d6a06cab54,worldwidetelescope_pywwt
1637,ef011470ad361ca50b638461935d344392976821,worldwidetelescope_pywwt
1638,ef042cbe8c93bf04ae7d511c1649d9832fbb7540,worldwidetelescope_pywwt
1639,ef84eccb169f29a3571f93c676395d13aadc9cac,worldwidetelescope_pywwt
1640,ef9deaec71aa149fffd68a8945d94415d221b517,worldwidetelescope_pywwt
1641,efc45199f787d947adeb0430aa96e57c6b7817a2,worldwidetelescope_pywwt
1642,efd80f76eaeeaa7fd7f60571ea36fcb196667507,worldwidetelescope_pywwt
1643,efda8e4bd90011b29a63d0fcf9c57501bd876cd9,worldwidetelescope_pywwt
1644,f02b5544836cc3bd5d9c2f59905483aa155c234b,worldwidetelescope_pywwt
1645,f037723df8503fe1904809df27d6da5a08689b3c,worldwidetelescope_pywwt
1646,f081643b087e4683ef55980691b2bf060fc6b58c,worldwidetelescope_pywwt
1647,f09b9c6fb4d1d705a81952db6a446c450b12384e,worldwidetelescope_pywwt
1648,f0cb84e4e83e2549d29a4d480b3629bdf11c2a90,worldwidetelescope_pywwt
1649,f0d1f0d44d508d4fc6e50fdc65b25697d08e1414,worldwidetelescope_pywwt
1650,f10468c1593f8e85cb806813eb23123467c227d7,worldwidetelescope_pywwt
1651,f19d7a80c6eb08302600f90d7a263a4a7a863da7,worldwidetelescope_pywwt
1652,f1b2b81d38a5123968ff59b770bd75d3b75484b1,worldwidetelescope_pywwt
1653,f1ca36c21c3b8658b78d624c1e02e97e3a000f87,worldwidetelescope_pywwt
1654,f1d674402eda7405a9bca1ab9f189a50d1d058cb,worldwidetelescope_pywwt
1655,f1efd08d3d00412a21bc1b27c4f50e1f4c4fd81b,worldwidetelescope_pywwt
1656,f20f1f4d3cd379c7b1474727179cf770f211eb84,worldwidetelescope_pywwt
1657,f212d7ad99f48dddf0bd11c79a2b7a84c8626371,worldwidetelescope_pywwt
1658,f22a67e831352e335e38afa7516a2f02cfd22118,worldwidetelescope_pywwt
1659,f22b707afd10bddfb0411afa4db07f4067f8f207,worldwidetelescope_pywwt
1660,f263cbef84621c552517e74d2b98ef3168a0cb7a,worldwidetelescope_pywwt
1661,f2a932f1231a9cb905928bf7419faeb87258e966,worldwidetelescope_pywwt
1662,f2f379ef5abe6c7bd72fd7b42eb3347f2a273763,worldwidetelescope_pywwt
1663,f33b95b57eeb8f123e964aa4e0b4a3dfde0d2fde,worldwidetelescope_pywwt
1664,f3bdd747994157890961c79c4e8033c857402bca,worldwidetelescope_pywwt
1665,f40701a24ee6d8bef15703048f08e610d94698aa,worldwidetelescope_pywwt
1666,f4094eb5a65f4caefbbc844b65c0ec73ffebd693,worldwidetelescope_pywwt
1667,f40d44fe2e16b639201585cff08bacf9f88ff67f,worldwidetelescope_pywwt
1668,f475d95ffd1175e2dcf5ebff8ac50aef5f60316a,worldwidetelescope_pywwt
1669,f4de0212c624d456301a432a32edc0433020bfed,worldwidetelescope_pywwt
1670,f4e8c22af762919e63677716a60edc145df3314b,worldwidetelescope_pywwt
1671,f4fd7f9a2960a8dcd965c7355d0be8969414e76f,worldwidetelescope_pywwt
1672,f50464e19b8f73cc384c36f6cf01b61f41b36de7,worldwidetelescope_pywwt
1673,f5113c8c3eebe746ae68cb47b56de7d1f2dce5b2,worldwidetelescope_pywwt
1674,f54ffe91164231e0263c07e1f647a35fdb8ac408,worldwidetelescope_pywwt
1675,f57dfb31afe05640ee36e664e19633e48fa7d5e6,worldwidetelescope_pywwt
1676,f5879df6275a044f6ac4e7df0f6074fc3b47e0f1,worldwidetelescope_pywwt
1677,f5907f7aaed6c5a4096a5a19abdaad24c7306a08,worldwidetelescope_pywwt
1678,f59a256a3b94c2c29be9de6a055b4a16b2b86e94,worldwidetelescope_pywwt
1679,f5bcae90fff385f8a640879424c6d2713a1c78a9,worldwidetelescope_pywwt
1680,f5c0090628b941b37055dfd2681bd11201980b0f,worldwidetelescope_pywwt
1681,f5da1a140830305d709c7b2646dc532199f4d434,worldwidetelescope_pywwt
1682,f5dcbd04a52de64cf39da831beb7fba41a41a182,worldwidetelescope_pywwt
1683,f66094891b5a7af3e4a75dd66ef626a7ec43f89b,worldwidetelescope_pywwt
1684,f6bdc51ec882cee90aaf4abe01db553644902833,worldwidetelescope_pywwt
1685,f73ba88839eee57792c6541c6fa912f783c550b9,worldwidetelescope_pywwt
1686,f7503c8b179d217a9d7d4c762ce7ab9b2b78cbb3,worldwidetelescope_pywwt
1687,f76b060b98ef9fc0a74aabb788622c75e9cc1510,worldwidetelescope_pywwt
1688,f77088f76b0587082c45f7ab37b8d43850c3e5d4,worldwidetelescope_pywwt
1689,f7b2784f19f25e831d145a740ab32aa62f729595,worldwidetelescope_pywwt
1690,f7c953e62ca9ae6e0ee1fa6580f9c01bd8ccfb05,worldwidetelescope_pywwt
1691,f82ed893ca7d45d395fc5303c7f01a8a26eff523,worldwidetelescope_pywwt
1692,f83ee4f902ad1f68ad3969d16a154436cce50028,worldwidetelescope_pywwt
1693,f86d91f14690115c0f0922f854382dfc340377a6,worldwidetelescope_pywwt
1694,f8717ba22e708df5a044e700c726b46be6aa45ee,worldwidetelescope_pywwt
1695,f875aeb134853533b649b00281eea16bbec472e6,worldwidetelescope_pywwt
1696,f88a5f73c802f411767017529c9d8095f4ffd9ea,worldwidetelescope_pywwt
1697,f8937bf3172f4fb82ee26d7d1294a74421264461,worldwidetelescope_pywwt
1698,f8c06fd45d7726d20500e1d7838b74b8e4e13c3a,worldwidetelescope_pywwt
1699,f8c4888a6cac09fdb39d916745093d0ff503b64c,worldwidetelescope_pywwt
1700,f8c929153c5403f54572e9346dd0b0810745d07e,worldwidetelescope_pywwt
1701,f8d6448b5c7220e2db19db1b39462dd2d7bea4ba,worldwidetelescope_pywwt
1702,f93a9409ac50aaf33b986d9a33321621502a9cba,worldwidetelescope_pywwt
1703,f93c243ed565a2cc3a1c3c8387eebe52e77a9f55,worldwidetelescope_pywwt
1704,f9a523cf18e6e86a517883b32cb2fd1895b02124,worldwidetelescope_pywwt
1705,f9c70a5f4a8bf65ad650b39abbdd3f3f98f1a81e,worldwidetelescope_pywwt
1706,f9d5a98aa643a94557bafb6b95ecfa8f9df9ec90,worldwidetelescope_pywwt
1707,f9e84e30c8b106bfbf4fec4f6e0b3d75ed8dc6f2,worldwidetelescope_pywwt
1708,fa16814aa401e0131df2a9303bdef2805e41e168,worldwidetelescope_pywwt
1709,fa54ee6815726f66e49a192ec9138e7f891fcc71,worldwidetelescope_pywwt
1710,fa5fc2c34efc35f31ba436dfcd7792904fda7d61,worldwidetelescope_pywwt
1711,fa821c72b8bdc38bad64cf5b195acc2468c2afe0,worldwidetelescope_pywwt
1712,fab2b24c8ef3fdd5bcb9b97308faf05ce5e7e8b3,worldwidetelescope_pywwt
1713,fad155c63c9ab833e6e44dc6b8138c0c03a23a3e,worldwidetelescope_pywwt
1714,fae4144871b2709e5286a5130e6225f0333fd826,worldwidetelescope_pywwt
1715,fb61c746ae9490c1611b57463994902aa40f42f1,worldwidetelescope_pywwt
1716,fb7f8110cbbfd8e40ba03aaa43c68ecca1c56492,worldwidetelescope_pywwt
1717,fb81ad3cddcd08a527652158c205c0b033efa055,worldwidetelescope_pywwt
1718,fbb016cafefd17d14b242f51dfa893d49cb74657,worldwidetelescope_pywwt
1719,fbc03d3aa220633c6aa86f35a70722f81a7ca39a,worldwidetelescope_pywwt
1720,fc6db461ec93314008428ffeb199509bc3133990,worldwidetelescope_pywwt
1721,fc87dc206f03bc4be06e33ff28edd5614a2bdb2b,worldwidetelescope_pywwt
1722,fcc30e3b25c80bcdf6832ac132354fb80a7238bd,worldwidetelescope_pywwt
1723,fcfaf9eafa6cf0cefec8532798f451c6e3ac095b,worldwidetelescope_pywwt
1724,fcff0600fca788ef42d9729a2b6d3afdacd1446e,worldwidetelescope_pywwt
1725,fd05406c41fec0e20451f8e38c03dbc8b025d52a,worldwidetelescope_pywwt
1726,fd069b537b7e0fda9d5d89f366b6e84a215ae6e0,worldwidetelescope_pywwt
1727,fd2800d9bc0e752fc9171c192c96152809ad4718,worldwidetelescope_pywwt
1728,fd528170d2f32f114b6a5cb4434aae2a0aaf4278,worldwidetelescope_pywwt
1729,fd5495e5fc580b0a34a45122e34a4c005639be8a,worldwidetelescope_pywwt
1730,fd5655624ddc65a3e3fb0c987daf3c50aaaa3352,worldwidetelescope_pywwt
1731,fd6a4fc2dae4cf453cf293d55766c207f71aab2e,worldwidetelescope_pywwt
1732,fd9ac5d987f70295a4d44fc2cdd9d6710833eb5d,worldwidetelescope_pywwt
1733,fdfde8564a5fa8da6d0fd9282819e228a6b090f7,worldwidetelescope_pywwt
1734,fe0fc17e42487dbdf18ab188af4ebed7825baa16,worldwidetelescope_pywwt
1735,fe285aba202ff9faf3c19d0d50900bdcf234d114,worldwidetelescope_pywwt
1736,fe5691fcc83ba09adca39ce453e5e5b4357005c9,worldwidetelescope_pywwt
1737,fe6f6495d210c82206fef4874f4d02dd229186e7,worldwidetelescope_pywwt
1738,fe835341db81440ed07ee091576c93e21a21b0c0,worldwidetelescope_pywwt
1739,fea5ca74740b869a89084e610af94f677a251f90,worldwidetelescope_pywwt
1740,fec1f47f4886a935763c1b7e38908452e655e6a1,worldwidetelescope_pywwt
1741,ff78a2a77af3bc1b885998c04c7a20f9e6ed5192,worldwidetelescope_pywwt
1742,ffa8d5b3e1648b063dcc239bd892dd3c503a0da0,worldwidetelescope_pywwt
1743,ffd3458188d4df2aadb9ef371d35d1b34273a015,worldwidetelescope_pywwt
1744,ffd5874f11ed8b6ea39a1cace2c168e641d80a53,worldwidetelescope_pywwt
1745,fffe2721db2468307c2b1cb65f3a867c5b08ad17,worldwidetelescope_pywwt
0,00330ca053e4be364ffd1df7969baac13ccb3dce,chakravala_grassmann.jl
1,00bd3bf996ae853c4852789a1dc854031bdaa1ad,chakravala_grassmann.jl
2,012791527c53ccdb08469b6d84d92f50a680fc79,chakravala_grassmann.jl
3,017336a17302b1a679df5d6a31e855a8d486cbc4,chakravala_grassmann.jl
4,01b2003118e06e7673a87a9f9829bd25a4af6a0f,chakravala_grassmann.jl
5,01bc16b3cb83ca815ee21c4fd61708fb19422b83,chakravala_grassmann.jl
6,01f7a329f4c980dd43a47ae118281ea9c05fd14a,chakravala_grassmann.jl
7,02292b1f2aa20ede2d693fe2144b5b8619b574ca,chakravala_grassmann.jl
8,024003956b2560262b0b8aff09aed12e9c067718,chakravala_grassmann.jl
9,02472f0f7c72a41d5ff0c1dba37b6fa4417ccfa2,chakravala_grassmann.jl
10,03336b821d5ea5cf45919f83ba65e543f0b397e5,chakravala_grassmann.jl
11,0339338de556dda6077cd576dfaa71250476a91b,chakravala_grassmann.jl
12,03ae8e5667f12ddb16fcd7b80bd9a50fe57ff8ec,chakravala_grassmann.jl
13,043acd0d5a9a6c71580e4964e0dc00e6cf37ec25,chakravala_grassmann.jl
14,049584579e8144d64e182fa2beee8a7639ae909b,chakravala_grassmann.jl
15,04dcb9ec03a077a9f0718f6912e7155a1803a06d,chakravala_grassmann.jl
16,059d993121169dbe36d01438285b63b0a06d8e7a,chakravala_grassmann.jl
17,05d6456027d043abe9cea3776af706e4173ed203,chakravala_grassmann.jl
18,05f8b7e30f1d16f14fa8b9a2b1506e5d9bee2809,chakravala_grassmann.jl
19,0646f8c98bd19db837500fc0fe95e47ca7016a9e,chakravala_grassmann.jl
20,064e2d167d96aa61a0fb2d5fe450caf1ee128017,chakravala_grassmann.jl
21,0737421bb69930d5e7792ecf36d3985384a0ad16,chakravala_grassmann.jl
22,080385c53ccefd0c00af6bef262baed825a29b98,chakravala_grassmann.jl
23,08b1bf82a2ac8a52d94d3fa2122dce5450d1e594,chakravala_grassmann.jl
24,08e69820e7fb1c6a5896c51e7ca784236abc8825,chakravala_grassmann.jl
25,092562435a949f1566ead3e415963a9ce42b18f5,chakravala_grassmann.jl
26,092b42d71192ebdc17d738f0a65211f95cb4f3df,chakravala_grassmann.jl
27,096d729a5aec93295f4b1b086e541d772916d0a9,chakravala_grassmann.jl
28,0a4d3b5b48f186ce4fdcbc9e0df0f55254e3e421,chakravala_grassmann.jl
29,0a88ad3f4514dd3a8c62005fd3b154e23b22140d,chakravala_grassmann.jl
30,0acef9da014da142e4895233aa45980e3988ba52,chakravala_grassmann.jl
31,0ad4b72fd9ac0418530e36a4c63deceb6aedc7ca,chakravala_grassmann.jl
32,0b4b83c9232d3b4542496e8afe4a378ad07e7263,chakravala_grassmann.jl
33,0b7b38a4a09ae18834bfa4bd78ffa6980ac433c3,chakravala_grassmann.jl
34,0bc2f267d111258114718a4e348356925ad3180f,chakravala_grassmann.jl
35,0c3584bc2a39f129baf5180a06001c895e347157,chakravala_grassmann.jl
36,0c6889221d6762d101863b1eb09ad23044f8ac55,chakravala_grassmann.jl
37,0c946161eb4be3aee5191fa1fa222e6e861e2569,chakravala_grassmann.jl
38,0cc2105b2fe5d23b577eedea352cc690725efe77,chakravala_grassmann.jl
39,0d4f3c3e2f016ff3f8c0055873fe2daa76210f69,chakravala_grassmann.jl
40,0dcd6073e1046891d70938a4bea47a567e3faa1c,chakravala_grassmann.jl
41,0e2bf7bdf50386d4fe69c42c042cd51cd4e54e77,chakravala_grassmann.jl
42,0ed642df5c3f9b5cd082a28cb0238a63d77a6f5c,chakravala_grassmann.jl
43,106e4c4ae0211a3985cc4c65ade7c8f11e10f86e,chakravala_grassmann.jl
44,10bb44d5f0e79e92607d543ba87b67fccfc5fd2b,chakravala_grassmann.jl
45,10d996642f874f374b244d0cdeda7b8e3243416f,chakravala_grassmann.jl
46,110ac93760c555aea4f927481bd16123a404da3c,chakravala_grassmann.jl
47,113b30bc5f83cd19313ca19f309901d126c89211,chakravala_grassmann.jl
48,11ca8a1a7d716926ab0512ef87a78e51bb1efbbc,chakravala_grassmann.jl
49,1211fa98868470b06d4e679f973156e0f760a8a8,chakravala_grassmann.jl
50,12293b61b9c00c3878c4a62a3b5d2ddc3a7a89cd,chakravala_grassmann.jl
51,13e3fadeea0046c198f4c9423777fb5ea5a2fcb9,chakravala_grassmann.jl
52,13f84cb9a4704f7b18d778343c4e62e4acf37e30,chakravala_grassmann.jl
53,1402898047cd6f357775ca4557d15187815b62c1,chakravala_grassmann.jl
54,1416e124c00a95ab043046001283b0c49cd5e82d,chakravala_grassmann.jl
55,149bfa6a22561848ede76c1f04d8dae1c6dd9933,chakravala_grassmann.jl
56,162f10a587f141b20d6d7ff77d7b49d00211887e,chakravala_grassmann.jl
57,1638100c8cb73ca597cece9d52fd0769970393b8,chakravala_grassmann.jl
58,167a7ac936e1ead51309d6797d84d70a3c92216c,chakravala_grassmann.jl
59,17091a2989ca354f004da0ac67f6378032292c7e,chakravala_grassmann.jl
60,175872d19caaf3768a5f5ba5cf7836efbae0370c,chakravala_grassmann.jl
61,1778045bb9364bbd35117dc8f3f6e6c78408c1d7,chakravala_grassmann.jl
62,184b199cc4e2970005d5d9b1d44685cf00c5176e,chakravala_grassmann.jl
63,18a942df19a524004989e65244e6c853df5009bc,chakravala_grassmann.jl
64,1a72c1a2adedba83db08bb5f19dbb4d0be39112f,chakravala_grassmann.jl
65,1a837fc0b57ede85c6c9d261123734cca9fe9f9e,chakravala_grassmann.jl
66,1bac256f2ea6e3a6b4bd5203c30a0ae574b66cbe,chakravala_grassmann.jl
67,1bc6d675d79bab1459b4ff4160d2eaf0fc631348,chakravala_grassmann.jl
68,1bd61f7d9d54840079170a02500b33a46a526e98,chakravala_grassmann.jl
69,1bd9920e8665594f1e40552dfd97ae26a3440f9a,chakravala_grassmann.jl
70,1c859b44afafad7d6dadfee8b645f979f8a4488b,chakravala_grassmann.jl
71,1ca7fbd6a9e2916b09147fe8532f8c0ad7cc3d3b,chakravala_grassmann.jl
72,1d1b09cd5ce2179880d951f105a7cca633746826,chakravala_grassmann.jl
73,1d2e3bb6620863d0d0bc62c1583ced5d389dd392,chakravala_grassmann.jl
74,1d816076c437da367e4b97e6fc69c2754126e65f,chakravala_grassmann.jl
75,1e9e688e5f809dcd5af29b0c87d2df1684f6c5e4,chakravala_grassmann.jl
76,1edc6b5e5181bbb07a2b3715e3a1c312a4bef063,chakravala_grassmann.jl
77,1ef43b46a6f019eb6b54aa7923bd5fd23bcd8726,chakravala_grassmann.jl
78,1f1f5b1403c9fc3d13ca04ebcebb42688104005a,chakravala_grassmann.jl
79,2016e38a8028a20b4835871de09d7a5d931ea340,chakravala_grassmann.jl
80,215f26ad4d89264daec7c7f9e7d427af31e31571,chakravala_grassmann.jl
81,2189e65c3d8eca1a8360a906b2c73c7b16a2d7c1,chakravala_grassmann.jl
82,21c3a48c7389d8107e28f8f044598233ffb9d50f,chakravala_grassmann.jl
83,21f9191712a07d17ffe59b7224996ef696f02e31,chakravala_grassmann.jl
84,225bb790d62833d7fe3de3a4b92dad6156fa570f,chakravala_grassmann.jl
85,22b1330533f796896499421f97960e9faf4e363e,chakravala_grassmann.jl
86,22bad2c690ac41acf8c70cafda5a775c2a64ecbe,chakravala_grassmann.jl
87,22ed06fab06b2140ed4c5a262d8c1249daff5620,chakravala_grassmann.jl
88,2300b8728c11df09d52f7a011a413d879686130e,chakravala_grassmann.jl
89,23501abbb3b809d81c047c8dedb922417e5fb77e,chakravala_grassmann.jl
90,23b9891529d6139d95bad7be31e1a029b9cb702a,chakravala_grassmann.jl
91,2493c4dafc113727cb56ff902686f82fb0cc0af2,chakravala_grassmann.jl
92,2503ea5ea887c30e57f1693750c41ad0fd80588e,chakravala_grassmann.jl
93,2523f2548287733dbb60df960add153a11b1908f,chakravala_grassmann.jl
94,25b2d7fef94a05ed01128d78f9e81ff4cb8ef0e6,chakravala_grassmann.jl
95,25b928ed3b5c1f4b219896f0b533d5bb54ed03c0,chakravala_grassmann.jl
96,25ded599eb525979c61a58d1a5baa98cd4bc86ff,chakravala_grassmann.jl
97,268bdbe8d77957812ebc79424ffcb4d04602b222,chakravala_grassmann.jl
98,26ddab566d834d44e25e2f1aee9d108bde84eea0,chakravala_grassmann.jl
99,2776111f129f86ef8eec325e5923c6c9594f17c9,chakravala_grassmann.jl
100,27a59f4ebe119aee36539ab921908c04c2136e89,chakravala_grassmann.jl
101,280111c8d5826b6b8010b58e1ce0ea8329e67b86,chakravala_grassmann.jl
102,280f76d3ea144bab9a0e9dae7d9739df7c23bd5e,chakravala_grassmann.jl
103,28264675846e7eb9ec8ab00ad8a808351e2a813c,chakravala_grassmann.jl
104,2844bdcdb0072c065ed7368aebb1db0918b6ee70,chakravala_grassmann.jl
105,284be3a6a07a7ea3f5f867a2c6fe65f9aadd1014,chakravala_grassmann.jl
106,29673fcf2aba533aca7861f35292acf4b4f5a08a,chakravala_grassmann.jl
107,29bf98bbfdeab1153d2da53624fa51a74003f418,chakravala_grassmann.jl
108,2ab467b4b935b48bcf23148bb5686909a4b29466,chakravala_grassmann.jl
109,2b4d96dedb98325ee0f1630dfa83f5a89507d364,chakravala_grassmann.jl
110,2b5e83688268514104dbf1e57efcdc949db076c6,chakravala_grassmann.jl
111,2b8b2d723eeb44b0b1b022a20567517971d316b5,chakravala_grassmann.jl
112,2c1d5cca6f8e4992e83cbb22282e70b5be0ac1c0,chakravala_grassmann.jl
113,2c60a917fd3543cd015ad2027691e58d02f003d0,chakravala_grassmann.jl
114,2c66801ec83e0f7c5ec729881bc8d6be95e4b10a,chakravala_grassmann.jl
115,2c86733482a1af6c4fda6a5f0af3616eb456cbcd,chakravala_grassmann.jl
116,2db1e623766b3e639b8fe597945f54d8d7c523fc,chakravala_grassmann.jl
117,2e75dfa0389ceb24658cb46c2347c23aba2f35ab,chakravala_grassmann.jl
118,2e7f8bd11ba6e22aca926859532fa71547eb45b6,chakravala_grassmann.jl
119,2ea04457e0ce872b9efed36973bf30cf363e2cfc,chakravala_grassmann.jl
120,2ec01344602468bcb1aa0f688a770680da3dc56a,chakravala_grassmann.jl
121,2ee758ec0d536de94d7bd5feec8620c5d4b9728d,chakravala_grassmann.jl
122,2f18d0393f240c6bb287427b49e13ede5b13a1b3,chakravala_grassmann.jl
123,2fbf7f50d6bd48abf63bb3e0dcd4ee5fd0029d5d,chakravala_grassmann.jl
124,315d3b47aa54bbc3d4987a839f7926725d404bab,chakravala_grassmann.jl
125,319b3e66df7678900632a8de2308b1fdf07fe487,chakravala_grassmann.jl
126,32a5f178434d38df3c854e79baaa81e3e84bfb70,chakravala_grassmann.jl
127,32c5f7f7deb97d16e3331cbe3604e08ad4b51b2c,chakravala_grassmann.jl
128,33060499ebfafc9ea5fcdce9169612c4d27ad57c,chakravala_grassmann.jl
129,33395c80d9a9e4e16a2a5dc6ca7872c254739df0,chakravala_grassmann.jl
130,333a2c1f202c582a76c27885de52adfe9d8b99c6,chakravala_grassmann.jl
131,333c8d49ab545cb94bd9a66ed929c50adeee3d6f,chakravala_grassmann.jl
132,339cfc66bf8542c42a95fcfd7713740f5f89015c,chakravala_grassmann.jl
133,33b763a9676afbe3bd7bb1f91ae2efcb7570ddfa,chakravala_grassmann.jl
134,33bb9c39c510138adb32f330f9dabfefacef728e,chakravala_grassmann.jl
135,33ca84ca0ff9e90152d540b18237c7c0a98391e0,chakravala_grassmann.jl
136,33d3033a51810e2cf8d6a23d6d7f31c906bff69a,chakravala_grassmann.jl
137,347fb907c0dd289d57c0c1ceb78a31a133be1402,chakravala_grassmann.jl
138,34b01fa69c2526c6d8d81b1c99bce60674227617,chakravala_grassmann.jl
139,3599039e41c7980c73c990afe242621487472ce8,chakravala_grassmann.jl
140,35f2c6c5cbf6f8124baf0112cc26dbf703da1a88,chakravala_grassmann.jl
141,36ca4c56db127bd4b4f56ca327d0a3c7e44d7b66,chakravala_grassmann.jl
142,36cac09f3c5e728406d706ee5c6dc7d9e45fc048,chakravala_grassmann.jl
143,375e2ee14785d72a3be5a58b956950da9f48a74a,chakravala_grassmann.jl
144,376795c8dd3d9bab3a2752002845b6a82dfe2e56,chakravala_grassmann.jl
145,37ffd8aa7da6ad2c95bd053889de69011464005a,chakravala_grassmann.jl
146,38292290e8038bdde26839883602dca8d4cda48c,chakravala_grassmann.jl
147,38b969e0af50363d7a4414dd10da9c6a11190b6c,chakravala_grassmann.jl
148,39a2a21b52f24068ee0a7abe1f12074023a4bcb1,chakravala_grassmann.jl
149,39bedbfd82f4ad5a07b9f91c5514f9a05d56d1e7,chakravala_grassmann.jl
150,39c323460aa959c2c306b6bf3db141866057cb45,chakravala_grassmann.jl
151,3aac5955f413cc2815a9d97de05d100f9f449d85,chakravala_grassmann.jl
152,3b9c905ebae6628e15e75b59e28816f0ca9744e6,chakravala_grassmann.jl
153,3bf58f469226219e9eb7101332275327487bd336,chakravala_grassmann.jl
154,3c3a92610ebc8885619f561fe988b0d985852fce,chakravala_grassmann.jl
155,3c97f49c63b39b71e87310e688f3d1b3b10cfea3,chakravala_grassmann.jl
156,3cca6063341ca89b79225f62af151a6f28a17d15,chakravala_grassmann.jl
157,3d56e898d2858b78f27ae0d25e3a339e27fbabaa,chakravala_grassmann.jl
158,3d805e2177ecfa9fa14aa3e765a2d8eef7273466,chakravala_grassmann.jl
159,3e7b1b850e9303fefbf17f9bc68bc8ff2e3c2c90,chakravala_grassmann.jl
160,3f38acff3befee5590fe45cc0e5283cd22f55240,chakravala_grassmann.jl
161,3f39465eba4be10949cb59ddc73b56587bfb70e2,chakravala_grassmann.jl
162,3feecd4c1d67c2261038cc0451c68b950e11fac8,chakravala_grassmann.jl
163,40931889a1769072a06f4989041896d1546603ed,chakravala_grassmann.jl
164,412cbfcdf613bde485af7e4324d4626343edf4da,chakravala_grassmann.jl
165,41d6870182ebe913619b97e4193b5401a03c5da6,chakravala_grassmann.jl
166,424ea362a953618d1d0046ae5b945f1d22925333,chakravala_grassmann.jl
167,4337a4076700580a7e35ff2838479bd8f0b20b78,chakravala_grassmann.jl
168,434a29efbe8aa7544317e0f5fa4cf5434643b5c6,chakravala_grassmann.jl
169,4386d893cd106dd260943f89a28d892292560b3d,chakravala_grassmann.jl
170,43cfd772429d2ca89bd3ad0885633e1059a31066,chakravala_grassmann.jl
171,44d5f9db6f0608d10d76c9300c22f6aaba0a3b3e,chakravala_grassmann.jl
172,44fac64529b1d7030f8ca20eecf2ee8478032bd8,chakravala_grassmann.jl
173,454c0e6005133e9799c3de07eed2add7772f5d39,chakravala_grassmann.jl
174,45d04f9fc79e27688974daaaaed23f268b21e13c,chakravala_grassmann.jl
175,45e6e24ff332ffd32ff68bccebbdee53ff307b25,chakravala_grassmann.jl
176,4613363322d250926b2977b7c303da1b3b1d46ac,chakravala_grassmann.jl
177,46af46edbdfa8a490e06f81069bd58ae6080310f,chakravala_grassmann.jl
178,470503435ec22078879473fcc66c3fafd3af66a5,chakravala_grassmann.jl
179,473b3488cb76119de30333e83cac9fb7392d4b4c,chakravala_grassmann.jl
180,48d00ecb39bbf275376928af29969e9a2bf758e4,chakravala_grassmann.jl
181,49134d84e9caada8834d3212da11f1a6526bce65,chakravala_grassmann.jl
182,4930024343dbaf8147033e3028554b09d00470b3,chakravala_grassmann.jl
183,498eaeed8ff8298219ce7324940c50682adee362,chakravala_grassmann.jl
184,4a32b39e718694575eeb041bdc5f36f63df1f065,chakravala_grassmann.jl
185,4ac345d2adcb1cbc12c2b3e17974d465af016cfc,chakravala_grassmann.jl
186,4b45a9f0451d45c1d4953ac22b7be9fe7e11674c,chakravala_grassmann.jl
187,4b613e592a8f947e4e7db3422407919018f6c421,chakravala_grassmann.jl
188,4becffe90e459eb92dfec2e4f3d737d3cbe77967,chakravala_grassmann.jl
189,4c8101b3b953b8b7ca406da06465b05e7bfefe2f,chakravala_grassmann.jl
190,4c9e7413d98359252f7ac49e623e130748039e2d,chakravala_grassmann.jl
191,4d9824507878515dd3d66ae60bc107f82124da49,chakravala_grassmann.jl
192,4d9a53db19c2e91f23570fae74e43a59b51c3b4b,chakravala_grassmann.jl
193,4dd9525e2ad418f207be9cc30ebd984cfc7ecd70,chakravala_grassmann.jl
194,4e42b1de368c462a35c5af4b5f4c5cde7c7cbaae,chakravala_grassmann.jl
195,4e78b3ec90394b0a7cc82afdb3baa9f34cbc6d9b,chakravala_grassmann.jl
196,4e78d72d2dee5dc5e60a135e9892ac68f6c318ba,chakravala_grassmann.jl
197,4eab3514192cc56a9f9656b0a382865890674b23,chakravala_grassmann.jl
198,4f2d02c52d0f45220714abfd1fdbc8b5dd333abc,chakravala_grassmann.jl
199,4f9bbe4fb33eada818c68f956bd3e81de31fe571,chakravala_grassmann.jl
200,4fa6998ad0ee4d1fedeeb79978ee805ff7192dfc,chakravala_grassmann.jl
201,5022c0d4512805df80c1411aad5ea0f1af2a186b,chakravala_grassmann.jl
202,50b2b158cd1893ca6514ada82ff952700b19d713,chakravala_grassmann.jl
203,50f7779663f3c34ca7d78ca09fa4cc427f9db0c9,chakravala_grassmann.jl
204,50fbe9a07bc6237e9e7bd8d8e455cb85b8d8dcac,chakravala_grassmann.jl
205,5155c9d6f04c5fcabcfb4cba8f5af979fedad54f,chakravala_grassmann.jl
206,5203e48a46178740026d25f3d46a0e41f8605a92,chakravala_grassmann.jl
207,5228f2868de087e1f155842f132769cea7ea8d9c,chakravala_grassmann.jl
208,52357b154c93ba3f563f11e5451e2d9d1f12a2d2,chakravala_grassmann.jl
209,5272310111227cd6448d3058669cf62c85b51f77,chakravala_grassmann.jl
210,54206678f45f8a034cdd96df04bfc748a21be38c,chakravala_grassmann.jl
211,545af0ac9dded3dc055e4a24fc2eb13e94510114,chakravala_grassmann.jl
212,54f2a12fa191fba6d5ce124bac187523b5a58250,chakravala_grassmann.jl
213,550e53877ba5d46b47912c8999aa02b820275ccd,chakravala_grassmann.jl
214,5559506914a523f551f9be27c74efc9e271520e4,chakravala_grassmann.jl
215,55cb4d7730d27f210ce9f9f30d0131e07deecfb0,chakravala_grassmann.jl
216,55d26fbe29abbfe9a14abec517e4e1b13518ea16,chakravala_grassmann.jl
217,562f5bc542b991c38354d51935bebdb20bdd7d1f,chakravala_grassmann.jl
218,566b522992530176be7ea5532f584c251e7b5cd5,chakravala_grassmann.jl
219,566bf282c0c5ffdea03b188e5c3c25bcbed77732,chakravala_grassmann.jl
220,56a7b129489b1917817c4bd6e691f8e20f84fd10,chakravala_grassmann.jl
221,56be59e9707358578d21fc6978a469a013710e86,chakravala_grassmann.jl
222,57ae2007b2543d23df62259dd50b3c5e5b9d6318,chakravala_grassmann.jl
223,582bae0001ec41b08a356de2212a402a382bf991,chakravala_grassmann.jl
224,5833b0c0d3be49ca472193d51108bd2aa7e909e9,chakravala_grassmann.jl
225,586964680b8eea783b10c127835d400a221c6029,chakravala_grassmann.jl
226,58ec099be2bf6d6d9651e051abc6b1625af5ae7d,chakravala_grassmann.jl
227,5952dcc5a8519b57b9cf0918a1f21d677dfe5308,chakravala_grassmann.jl
228,5a2f3c3e53e126de0bbaead1aed04a5bbb683c3a,chakravala_grassmann.jl
229,5a4c30ae58585f9e21c8606afbc99954b789005b,chakravala_grassmann.jl
230,5a6e9e5fa7d0c6940ce9b81675d90e92ec8b4690,chakravala_grassmann.jl
231,5b8925abfaa1005b1f4fe5d813ec1ab2d6254baf,chakravala_grassmann.jl
232,5b97ce7c594a732633d1f6d8342fc469b990fa3d,chakravala_grassmann.jl
233,5bb7fde3b82ec09fbe1dc7e933386458bb2a6270,chakravala_grassmann.jl
234,5bfcc6aa4e854753eac4de5d831d3c11f1cd5bd4,chakravala_grassmann.jl
235,5ce6ea47d070121422ed044c22583d1d045e6183,chakravala_grassmann.jl
236,5cfc4bd51d4dd5f21ab8a1846458c0aae160f0ca,chakravala_grassmann.jl
237,5e1ddbbf40eabf68f1641d7241294bf007d56852,chakravala_grassmann.jl
238,5e36bd5dbba880a49d7ec8a125ca253762ffdfab,chakravala_grassmann.jl
239,5ff3a2c3a861a06533e73f3e239aeb4c732d8162,chakravala_grassmann.jl
240,605ca25d7c0653ea2c94b95c964e6e4d1940cf98,chakravala_grassmann.jl
241,60f4444bed3f921d73b78f8aa96e6e7b7ded444a,chakravala_grassmann.jl
242,613e09736445968b594b2e71dae028accc598826,chakravala_grassmann.jl
243,61dcf4994b70a58c1d2f8b5d93e139f05ee18e64,chakravala_grassmann.jl
244,62054db383c1a4b5e8c08eb81627cc521add963e,chakravala_grassmann.jl
245,622db8aef26240ba7cdbb488a8a79d7b3ab42ef4,chakravala_grassmann.jl
246,625c0c93c314dbf472d741997f10b1ef7a8c31b7,chakravala_grassmann.jl
247,62baec6255704ffa2f208f76ac1992a3e042f418,chakravala_grassmann.jl
248,63739a63c543bfadb9a50d48d8dbdb4355775885,chakravala_grassmann.jl
249,65bddde7273f16830c5f4b274d61c505580bd869,chakravala_grassmann.jl
250,663f2ea17efa1df9c9958418cb1a6e5f2f7d6c21,chakravala_grassmann.jl
251,66b45ff22757ee2d2cdfb328ab78fa8985031bfb,chakravala_grassmann.jl
252,67073540d67374c516f01bed85fc97cdd82e9d7e,chakravala_grassmann.jl
253,670ba7542952b082d6603a53bf6715bd19f5661c,chakravala_grassmann.jl
254,673566bff1c8962b6cf03bda46b1b463e2eea40d,chakravala_grassmann.jl
255,67eb5c9380a4ca03fac7f90393a07bafea3c029f,chakravala_grassmann.jl
256,6838f5faf94f909537fef7b0d60b726353554e74,chakravala_grassmann.jl
257,687f242d67ab3d2a79099d250dfd8c7c487b2015,chakravala_grassmann.jl
258,688fdc05d974bd38d0bed2d3a6ea4913999679e3,chakravala_grassmann.jl
259,68d6398ab0ade287134a9db06d176d6bdb300021,chakravala_grassmann.jl
260,6925ca097f0121f0bf28f0e99bef306647a3248e,chakravala_grassmann.jl
261,6a64c5f3442aedbaf74207cd9db8542094c0c9bf,chakravala_grassmann.jl
262,6a932af5ae49a4758b997f0e08ab3d3827663eed,chakravala_grassmann.jl
263,6aafd67d438349722826682991468c07c0a6da72,chakravala_grassmann.jl
264,6b3d28721e3310afa931fab79f5615729d29c88d,chakravala_grassmann.jl
265,6c6026e96c1942eef305e6fa97bdb1280e70d2f9,chakravala_grassmann.jl
266,6cd1062a5399f857111418d73b38ee90212d9afb,chakravala_grassmann.jl
267,6d16b4bb3eec3d2c4940cf885ac1426228c31c93,chakravala_grassmann.jl
268,6d1b6b8ef87216027bd5667f22e5383a347716b3,chakravala_grassmann.jl
269,6d52e4553424956a57823fb1e91950680b1a9ca5,chakravala_grassmann.jl
270,6d82c5eed10c33e5cb9f0d63a20955f1ef9f5c51,chakravala_grassmann.jl
271,6e97f6f3761c2f4a0595d79fa2d6678b1d41418d,chakravala_grassmann.jl
272,6efc0008db0bccf58de36bd705e2401cd6567a68,chakravala_grassmann.jl
273,6f050d5de9f3881b50e3e224e1785472458e3dfe,chakravala_grassmann.jl
274,6f26633b4b9ba397a412e1368e266613706f2e67,chakravala_grassmann.jl
275,6f4568af748ffb7b6812da99b774892f5b47151f,chakravala_grassmann.jl
276,6f5ff7fed16eb11f934bac0910289e8c5ea67823,chakravala_grassmann.jl
277,6f6688d53f29e5bc47b3d2be0022099779e3e867,chakravala_grassmann.jl
278,6f7f7c3d1580a98236e25d48876ce0ad0f5e312b,chakravala_grassmann.jl
279,6fbe29b5f692593089b7aee589c1d05d979e3619,chakravala_grassmann.jl
280,70109442eb7417cd27f03e6f633fcc4fe4b2159c,chakravala_grassmann.jl
281,707e99b256219a4f015abed282d0089e7ec8b0bb,chakravala_grassmann.jl
282,708dd6bd880e74ee66d7a311f9e3aff7759f681f,chakravala_grassmann.jl
283,7101b67a1ce84b469628a4390e6d750ebb15b9a6,chakravala_grassmann.jl
284,715e2eaf15496a398f7e10e9df5dfc326a025f28,chakravala_grassmann.jl
285,71cb113e758c0d98b9d57a720b6353afff1469fb,chakravala_grassmann.jl
286,71f73222d13efbbe6dbdee10713d41ba7d873348,chakravala_grassmann.jl
287,72126e892482b13839ca986bae831994669b84f6,chakravala_grassmann.jl
288,72457141853b4ce7694fcb876d1176a70b19f16a,chakravala_grassmann.jl
289,72958189ca33caa9559e3e16e54a63a80462d079,chakravala_grassmann.jl
290,7380de753f99e357433d7759da2dc6a0f060ed37,chakravala_grassmann.jl
291,73d58c47480ead3f0eb9b4a5a9623b2e14c06b15,chakravala_grassmann.jl
292,7407463719739f97be08f08f2054aaa76ffdd749,chakravala_grassmann.jl
293,74488c70dd55319805e4eb189e82eb2a9c8fab34,chakravala_grassmann.jl
294,747bf71da2583a2873e91066127e6aae6ab98e6d,chakravala_grassmann.jl
295,747edd13272cfab7823a4798446828064ce47fa9,chakravala_grassmann.jl
296,747f85a2690cb0d6c539ac6b2225ab36f39dec7c,chakravala_grassmann.jl
297,7498cbca007646094ae65952a681cd4e3664dd19,chakravala_grassmann.jl
298,74b93662843bc2c31acf20e475a3e2c2b83116ca,chakravala_grassmann.jl
299,75765cfea3267671b869ac428e0068f79cbf8aba,chakravala_grassmann.jl
300,7582aa72bc32da4b3f4fb665709c79f62ce8e513,chakravala_grassmann.jl
301,759a248358bdf5602e8552a52744ed091bac96bd,chakravala_grassmann.jl
302,76c057e288a097e47f143fe104aea7a70f4e3418,chakravala_grassmann.jl
303,76e995259587113a3cb2d4f8923914478d58c075,chakravala_grassmann.jl
304,777067e2c787450a67675d2412fba165826d230b,chakravala_grassmann.jl
305,7821774279ebad4e10de516c3e9289d156457c2b,chakravala_grassmann.jl
306,784519efb682102679dfcfda0a5f7bdda4d57845,chakravala_grassmann.jl
307,78a5982cbda4b3bd63ef1a47abb86e7f8b62943c,chakravala_grassmann.jl
308,79371c1f88da4feddf86952a6aae994618049d43,chakravala_grassmann.jl
309,7abd8997820009ab2ab810e1572b969325d8dbcd,chakravala_grassmann.jl
310,7aef92302100b0891d3670b03ded5051843973ce,chakravala_grassmann.jl
311,7b0b6d42cdd9f0ebf900cb1bb8ec1e5d90042356,chakravala_grassmann.jl
312,7b0d271dab93e75f1cb7d2369e714d342b6c5867,chakravala_grassmann.jl
313,7b0d761408bc07955a3d516eeae37e0b8d1867b5,chakravala_grassmann.jl
314,7bb53c37626093de764ef6708b4f02f28c8b7df1,chakravala_grassmann.jl
315,7bbc28e0b6d28018dca8d91b07e131341825eac4,chakravala_grassmann.jl
316,7bd38c3851a229d40f9f77139adb7567efd8077c,chakravala_grassmann.jl
317,7becadb97c240002a5dd76e2b8baaf7135790fdb,chakravala_grassmann.jl
318,7e0e4a380547f89078b254fa323a168bb21fd8ad,chakravala_grassmann.jl
319,7e1afe3240d61ced38cb6e13307a9b0ab6c63090,chakravala_grassmann.jl
320,7f1f41bb7b80af3b3ca5854271de68c1e948ce4f,chakravala_grassmann.jl
321,7f3c344b3147f195b8e83cc332bc35487abea295,chakravala_grassmann.jl
322,7f74334814a131c80507fc301ac41d5d9efd6ee3,chakravala_grassmann.jl
323,80036835baa171bcc18b7ee23c93700a05ee5029,chakravala_grassmann.jl
324,801cc3df068edd85d55e752d99fb978785b201b3,chakravala_grassmann.jl
325,80686607c4f1611607cacb2275ef46c2eb8ef44e,chakravala_grassmann.jl
326,811a5fc96c7b49329a76801a888426a8bbb02ed1,chakravala_grassmann.jl
327,81bf6daacfcc5e205fbac8e4e5b44535fb0bf0e5,chakravala_grassmann.jl
328,84200a655d0553dde1214264f22f8060bb20e799,chakravala_grassmann.jl
329,842899d2b419d53a5e30a371ba60d12b04b18084,chakravala_grassmann.jl
330,84d70c975e87ef9bcf439fb98cd2530961397532,chakravala_grassmann.jl
331,84f8688450fd0bd70ae6ae6e00d61b9b91182a45,chakravala_grassmann.jl
332,854f7a9047ac1378f27daa86697342a736845f0d,chakravala_grassmann.jl
333,85c38436c9ce8d4227d2c298f3f1061bcd224263,chakravala_grassmann.jl
334,85fbe9c452004b12b660b81fb768a09af9d96b46,chakravala_grassmann.jl
335,86075e1ca2860fc99a56e16ccc949783d8ba6698,chakravala_grassmann.jl
336,863623b03729581ef4f051beb989f2a5a52cf7d4,chakravala_grassmann.jl
337,86a10d23a16ed6f48c8ae31bafbbfea22aadcdb0,chakravala_grassmann.jl
338,8738f506a2a23c778c54d7a06a52dd5162b8745f,chakravala_grassmann.jl
339,87d6e5d71694d8e806eb423ab4814426176ef7f1,chakravala_grassmann.jl
340,88111b1fc1fba2d14e6596f58c9e8c34ef8d59ce,chakravala_grassmann.jl
341,885b4d930e4ba4fcb9ddedb320eabbe892197561,chakravala_grassmann.jl
342,887f0071c63bb1e810a3190d61bf85607db0d225,chakravala_grassmann.jl
343,8889dd4a857acc7668b5cbfc1239218da93363c8,chakravala_grassmann.jl
344,8912c7632d0907cc7f5f92a08d9c0466acd53d64,chakravala_grassmann.jl
345,89bef76b072909a2ae252b5323ff4769fbb5b2cc,chakravala_grassmann.jl
346,89e8dd799ad64e4fc5532a0970e09ce01cee8fd1,chakravala_grassmann.jl
347,8ad01698d9c1f1060043fd54316f5ee0b2563286,chakravala_grassmann.jl
348,8b61caa11bc2eb1965443600fc6fa2573d9dfdc5,chakravala_grassmann.jl
349,8bd31e478f01cd59cea6ab061049e2ad9f7a659b,chakravala_grassmann.jl
350,8c635cfa498f676a6ecf4e75020cda6aa3ebb077,chakravala_grassmann.jl
351,8c97a1c8c5dfbe82a55828d0d19256a03f482121,chakravala_grassmann.jl
352,8cbc23587157b760254827e4dcfaeeadecbcca4d,chakravala_grassmann.jl
353,8cf1c2bb11c048b8c9201cb8bdd6a35d2282b5bb,chakravala_grassmann.jl
354,8dc64ab141145850d9f8ec5a01b19e29bb88f1b0,chakravala_grassmann.jl
355,8dea58467fa49e512a0f09d7959ec88db0835473,chakravala_grassmann.jl
356,8e5d4559dd77b18ae023e9de540d1b5ac34bfb80,chakravala_grassmann.jl
357,8e63f17f4818d18b127491f3e123fb594d704e43,chakravala_grassmann.jl
358,8ecc044febd58952f9e8baebc75c91ee286dbe94,chakravala_grassmann.jl
359,8f69f91c77881213aec131bfc8d733985a734da7,chakravala_grassmann.jl
360,8f98a223de67a19e43414675fbcbcd17e0fc0b93,chakravala_grassmann.jl
361,90ba554674c92686c463ee6328296a68277be9e5,chakravala_grassmann.jl
362,90d66d152a54267fe938204f4cad2bb13983a13d,chakravala_grassmann.jl
363,90db55de63f0b434e036e974f4861b6f4acf45f7,chakravala_grassmann.jl
364,914b6449cfd407cefab908386541d22c1219eb9d,chakravala_grassmann.jl
365,91906a7a232d032c1daef5f17ae708aff72a59d1,chakravala_grassmann.jl
366,91c947d285bd100c809d72c63807c64c8dd0d072,chakravala_grassmann.jl
367,91d6d0d5bf32dd1e4ae6baa54c0674ce8b9aaaf0,chakravala_grassmann.jl
368,92b6002a3591e12efc322211b6f38fd3169bb70c,chakravala_grassmann.jl
369,92de73b91aa15a5cdef1169696131e3f6b3946e9,chakravala_grassmann.jl
370,92fef5d4da43b01b4f96fa54a6b8d239f21a8bc0,chakravala_grassmann.jl
371,9363f7d2d3d7a5fc37846214f544aff6864008bf,chakravala_grassmann.jl
372,939e1028ad9151785a0de7b9ca5d96606f7ec5bb,chakravala_grassmann.jl
373,93b3830f670cf9a2f0da57d8a2e548d74ab1e69e,chakravala_grassmann.jl
374,94b6395d16529fda5c60245d5366e3184627cc32,chakravala_grassmann.jl
375,951442fccf5c9518c58526b0e5134021bd7861b8,chakravala_grassmann.jl
376,9536ca1fb1678c91b7b9f53bbeed2f9317af6c27,chakravala_grassmann.jl
377,955a28c3fd980741367a8d9db0f41f125f587fba,chakravala_grassmann.jl
378,959957dcbd8cabc6ac294b0d3c0172d0c2b21219,chakravala_grassmann.jl
379,9605a64692e998e0998e6b1acfbea2b44be5d956,chakravala_grassmann.jl
380,9613f70a413e69c5c4b860d6a97aedc94dcd197e,chakravala_grassmann.jl
381,963801d1e52bb8835a51c1a2e69b1de0e0bf9a60,chakravala_grassmann.jl
382,968e7681c97e73ca22a2118c1faa208e8d34bb7f,chakravala_grassmann.jl
383,96c5e5d6b85e029131d24c8859736d0448ba110a,chakravala_grassmann.jl
384,9727c1f53e255f09cd35ffb43843ec3187eca9d9,chakravala_grassmann.jl
385,97eac43c7913d52e3038f441933b366512f8e030,chakravala_grassmann.jl
386,98aa78e6771d9c15fe4f71385fe8c6d92c702840,chakravala_grassmann.jl
387,98e390f446d24141828c653ce17f5821ae9a6bcf,chakravala_grassmann.jl
388,996894656db1cfbc768a98e32b05900cf1c688c5,chakravala_grassmann.jl
389,997a25c0ca8ec7b3790d57848a3252d1841e1b46,chakravala_grassmann.jl
390,99c4cef68c1e683dc2544fa1895186058ddec9bc,chakravala_grassmann.jl
391,99cd076bf82154af2a79fd71367434c6e236a02c,chakravala_grassmann.jl
392,9a5d1ecb13ff200594930a3e480929b30a25b0a1,chakravala_grassmann.jl
393,9a6ab7472a55a3bb6b00cf5f600ab66758257edd,chakravala_grassmann.jl
394,9bf38964ba1126bfea91b997e18c497ca97e6076,chakravala_grassmann.jl
395,9cba0456d68337828bcaa53fffd9af3ff9c0321f,chakravala_grassmann.jl
396,9cc48154f044e0c50c1c6b8d5dc5ba7311442eda,chakravala_grassmann.jl
397,9cdfba62a86651a093ff7cbad9fb53a11d72b265,chakravala_grassmann.jl
398,9d24918c50c81d058716187d04435bf9df2d8d8a,chakravala_grassmann.jl
399,9d41dc78b8d32777ef64317be8b320c5645e8b08,chakravala_grassmann.jl
400,9dd564c721b1efd61144fc755cb04b98c2118807,chakravala_grassmann.jl
401,9e40b6eca9a42d11c72a02991345f62d1ea208a2,chakravala_grassmann.jl
402,9e7f457446fc5b4683874c4827547e8c05b6da68,chakravala_grassmann.jl
403,9ea7789485b67adeece246fb7f86b4871e59a594,chakravala_grassmann.jl
404,9ebd44777c05306f6f6a04867af7d66f254b614b,chakravala_grassmann.jl
405,9f14a5ab3c383a0c0f5309534aa3d23592787fe2,chakravala_grassmann.jl
406,9f5f830dcf061708d82bde4853d0322a6e8b2c4f,chakravala_grassmann.jl
407,9fc81a628dcd012a0dfbd3e7795aadcdd1448087,chakravala_grassmann.jl
408,a03e7abf18dbd8ac951187d5c0bd4e492cef9dc1,chakravala_grassmann.jl
409,a0468408a51f475f05704e5091ee361890085579,chakravala_grassmann.jl
410,a0fccb4545503e4928aaa6b6a4a938b2518bee22,chakravala_grassmann.jl
411,a155f4073c3f4e96d7aa35d4b0388fb51b5d01af,chakravala_grassmann.jl
412,a24792ce3ffa0cf48f487986358e598a76803f06,chakravala_grassmann.jl
413,a3257a22dab6791c2fae1e3e49908494014869d6,chakravala_grassmann.jl
414,a3e526cac774a70b83024420c77651e77637ab7c,chakravala_grassmann.jl
415,a516cbb8fa9f4f924674cbeb8fe50859ec4fe174,chakravala_grassmann.jl
416,a53015c264d917887b7b1b28e441f8609448c9d6,chakravala_grassmann.jl
417,a6badb94aac308d59793511026bce912a6d9617d,chakravala_grassmann.jl
418,a6d31244af7a2feac7ee5f2826231beb5f3fbf32,chakravala_grassmann.jl
419,a79bff6d795a371d82c80dd4b33f583f7f3dbe37,chakravala_grassmann.jl
420,a7a697e0d98790f57c68543bd320178604a5a756,chakravala_grassmann.jl
421,a7f7422c709799e67b911a0d9736233bb463cb37,chakravala_grassmann.jl
422,a83275dc63ac8366f34537249f08280774da2076,chakravala_grassmann.jl
423,a9ce73cad2a61664b131b6bc476a28bf63df590b,chakravala_grassmann.jl
424,ab1a41e04ba4f98fb2c4757ed5fc8a2ffb379b9a,chakravala_grassmann.jl
425,ab8965030a70c4edcf4d89210ec0bf7a94f832dd,chakravala_grassmann.jl
426,abf676a758e7aca23446618553be639d814e1bbd,chakravala_grassmann.jl
427,ace55c17a89230f77cfbbf48364bbd51e0c721af,chakravala_grassmann.jl
428,ada01d148fdcbfca19a0721eff7dc520918f7cca,chakravala_grassmann.jl
429,ae1b3c3d69abb444c301d3c1f753e9600376bf60,chakravala_grassmann.jl
430,ae3720494effb4c91e28756c391ed67a5da7d397,chakravala_grassmann.jl
431,ae888a04198006dea404704ae307ee7678d30e40,chakravala_grassmann.jl
432,aed1ff15537b7e4afee58f3d50ee741be5c37589,chakravala_grassmann.jl
433,af5c653d227e38b44dd15506bb20e69c4157d284,chakravala_grassmann.jl
434,af96a96b7b18429b3b6ea2d415ac770510148481,chakravala_grassmann.jl
435,affe14e52dc8527f78f622c2089f6da18cc1c228,chakravala_grassmann.jl
436,b04280feb57d1d4b721b342ec01b2ad3e90c4484,chakravala_grassmann.jl
437,b0aa17e8a166791f823334a8c18f2f3997337f19,chakravala_grassmann.jl
438,b0cbf7b7eef3d7d3f1897b2ff01fcc9b82e91264,chakravala_grassmann.jl
439,b2721a2aebd7dc0a10816220b0c1a0dba3beacb5,chakravala_grassmann.jl
440,b2835770b6c78863a89bb81256200e0af624f11d,chakravala_grassmann.jl
441,b2899b3b048cd4ab68291e15a211210b352b50ce,chakravala_grassmann.jl
442,b324d1c00c9bc6e7896d77c48950ec588f74c943,chakravala_grassmann.jl
443,b36c93bb9397635cd9496caf13520b1aa18b7725,chakravala_grassmann.jl
444,b5402c57d0f37344fb0ea6726f328a3b9a7a9120,chakravala_grassmann.jl
445,b60a5017e19df47f15319654455ff4d1522935c9,chakravala_grassmann.jl
446,b6a79abe2adbfe7d9e0bba6e3bb8e4238349436d,chakravala_grassmann.jl
447,b6d5a0480a6a4a8a4db4af76c949ad09716c3eb0,chakravala_grassmann.jl
448,b73b8b4f67d99731ed80e224f9d1ffc47e8dfebe,chakravala_grassmann.jl
449,b7b918cf8a9aa2a69f5f0ef21a16610f529115b4,chakravala_grassmann.jl
450,b7d8c618d9ba7d2d76213b9324ee8da948a12818,chakravala_grassmann.jl
451,b7ebf602f49d5374ceadb068187d49b001fb7b63,chakravala_grassmann.jl
452,b8219e1dd016d6a8773fda29cf9617d9268aec9a,chakravala_grassmann.jl
453,b868731ad8974a0fb29975f4162335bb34f8c1a3,chakravala_grassmann.jl
454,b8f6d88c30c7a847bbb789de9444ca33179b2474,chakravala_grassmann.jl
455,b8f87c0e6a3e5718853a6a10dcb4835278913ec0,chakravala_grassmann.jl
456,bbe1a1d7692f9ec025b5a83c8fce360d28b542b8,chakravala_grassmann.jl
457,bbebf25a9f5f45e62f28556ee55055de3eb6cbc1,chakravala_grassmann.jl
458,bc61d655b82feac7d7d6a93de76ce06acd24d841,chakravala_grassmann.jl
459,bcde7d6b79064bcd296ecb671a1ef8b193fd77fc,chakravala_grassmann.jl
460,bcfd3af2cddce2e2faefb65802f0444a797d52d7,chakravala_grassmann.jl
461,bd26975d3cfedcb8f937ce3e0279ca968fbb50ae,chakravala_grassmann.jl
462,bd36e7e64eb4b2d8cd41bb451cc7ef1b7bea2a1f,chakravala_grassmann.jl
463,bd4e2bda4d84cb4ec078ec1b290c3fa9228cfdcc,chakravala_grassmann.jl
464,bdbc054e783bd0dfec9beb055d9135e254f784ca,chakravala_grassmann.jl
465,be81e0655df9639d9d44726e4124634beb333061,chakravala_grassmann.jl
466,bfa59e4d99f30007fa3f8453effc7281022a6c19,chakravala_grassmann.jl
467,bfbdf57ac8058388fcdb4229dfeec307bf031699,chakravala_grassmann.jl
468,c04aa3eb37ec55d3028293f3a45660173e65f287,chakravala_grassmann.jl
469,c06baca2a7ca568ed93b0d8932a3e4f272de1b5e,chakravala_grassmann.jl
470,c2aa2e6c94ca0659bd29a1851968675783a39906,chakravala_grassmann.jl
471,c2c6bfa8c5edc67ac804e51fefb709dbce7fbd5e,chakravala_grassmann.jl
472,c30b438d91c66da6efe9f00d1aa4f4865658144a,chakravala_grassmann.jl
473,c36924b173aeca6677fb5eee76afce69d3cd2d9a,chakravala_grassmann.jl
474,c3b89e6a78dca3bcad0ead2bc7ddab1fd8935e62,chakravala_grassmann.jl
475,c458e026c0611b3bfbc4fcf135a84e501f80bcd3,chakravala_grassmann.jl
476,c6355ccfeae634f57b603482f2b5a1279aa3b84e,chakravala_grassmann.jl
477,c80d92dd39bf01e33c97908656c8edde31ff061b,chakravala_grassmann.jl
478,c829d3fea8e3d012e01c7992241d381a4fa8adab,chakravala_grassmann.jl
479,c85d912e78ab1510be473bbe0bf211e3f9df0a0d,chakravala_grassmann.jl
480,c8a71a9ab0c737692fc21731ad1f655eeac8b477,chakravala_grassmann.jl
481,c92e6bc45fc20f9c0a011f5b280452f15d612569,chakravala_grassmann.jl
482,c9e92a2b97494e6d2ed47d26e3be9abb4b232d4e,chakravala_grassmann.jl
483,ca4193b5e88c12ae23cd0280bf4332acedef65dc,chakravala_grassmann.jl
484,cacbf40b382d155756e890b3f49c1a6579de92ce,chakravala_grassmann.jl
485,cb4f426b372ef6ef1af6c4bd187651a6cd21db55,chakravala_grassmann.jl
486,cc12645df589abfbdc8cf552518fdc0a5cc7e4fb,chakravala_grassmann.jl
487,ccad3210e4677e9ad4b5faad7555d5f3cf3550a6,chakravala_grassmann.jl
488,cd47686210694635d8a068d06b2d58c4224baccf,chakravala_grassmann.jl
489,cd55aa0e26abf008e1fb1ea7e0672c7355c7694f,chakravala_grassmann.jl
490,cdfe5fa50701aa19caf9bc97dbbc4c01da7e33c2,chakravala_grassmann.jl
491,cea3871ffa7a625f97d17c5941f23c4f3fa0e8c2,chakravala_grassmann.jl
492,cf497b71ff03200fdf92d0e6b214e2aa0c27eb1f,chakravala_grassmann.jl
493,cff7164627b6a107f896ed7952b64312cc839419,chakravala_grassmann.jl
494,d019b8daa77c8d53bc02715f98332a35e0e49c4a,chakravala_grassmann.jl
495,d1077cbc3b57c02125af73ec89c36780251d1500,chakravala_grassmann.jl
496,d146984d050085859928f3add2738ed4df9caa1f,chakravala_grassmann.jl
497,d1540b3ddb60db71071a3e3ed0e09fea2cff1926,chakravala_grassmann.jl
498,d1b800b5cce30c926309280bda0c871cfccb9864,chakravala_grassmann.jl
499,d1d7d7217233ff199f08a188aa5430d049d5e629,chakravala_grassmann.jl
500,d1e5197ffbb875ca2bfdca6610a503d3c5d6afcc,chakravala_grassmann.jl
501,d333f67ed301dd327c303afa474cd6484d8d6c85,chakravala_grassmann.jl
502,d35448ccb54c2e12b3155a94e4641d11cb97464b,chakravala_grassmann.jl
503,d3b8d7840b46acd86b9d4b4a10e383e1dff51199,chakravala_grassmann.jl
504,d3f1b0f4e82024655783bc2e5d006651cacdfb06,chakravala_grassmann.jl
505,d56151f8485a3ee45b0de4f710bb4f6d9b83f6b0,chakravala_grassmann.jl
506,d6a269a185a640b2ce5fd74888cb7ee0127ebe62,chakravala_grassmann.jl
507,d701a6e31a7ae0b079e51834ea7fa7fb106b0092,chakravala_grassmann.jl
508,d747a7859859ab0f4a3195bcd0138c432fbebfaa,chakravala_grassmann.jl
509,d7823fe2cf5a38f580f19696b33c8643ece820a3,chakravala_grassmann.jl
510,d784b4d36027bea54c6d294076683aba14fac9cd,chakravala_grassmann.jl
511,d79513cf9861927f42bba36613dff3da3c28ca8a,chakravala_grassmann.jl
512,d7ac283c2df6e2ee6f9c73514ca878b4f5efd365,chakravala_grassmann.jl
513,d7ac9b089cc291e43a43a580a8e1616199f35c6b,chakravala_grassmann.jl
514,d8a401211b82065c77233733cafec8c4f67e47c3,chakravala_grassmann.jl
515,d8c71010cb5543b4e1b63f38780258b7c4a7bea3,chakravala_grassmann.jl
516,d8dd49ce29dd9efc9594d5d5ad7baee4c323e28f,chakravala_grassmann.jl
517,d8ee39185f6a962e39d24735929d06c077066a56,chakravala_grassmann.jl
518,d91469d59afbe9673f1696bca024f3b5dde9b81b,chakravala_grassmann.jl
519,d9c6636249f862fbcde47343f2070a0b1ab97a52,chakravala_grassmann.jl
520,da14037dc868176a394c0075bda2f56b7fe9a01e,chakravala_grassmann.jl
521,da19d2c7d8e84ab88a3843383eda1a3893a78fcd,chakravala_grassmann.jl
522,da884681c948c3992b18c7de18837d6e4fb5569e,chakravala_grassmann.jl
523,da90e0cf779fcdd3e4ef11427e4393d30cafb18f,chakravala_grassmann.jl
524,dca1505602b53eff6dbdf12b031800a27e1b647d,chakravala_grassmann.jl
525,dcb6003fbe98dec20c9e847327da16652a47013b,chakravala_grassmann.jl
526,dddf78dd4360bfc045af231415324921c4ed75fc,chakravala_grassmann.jl
527,e0138ceb8e02dfbd9e9bfb0aeaa61fcd7e11b197,chakravala_grassmann.jl
528,e05be50f8a5a30d5b2314a2f155fe4a4f7718b5a,chakravala_grassmann.jl
529,e065135c7196fec8cdf56b382f35c3890e7748ef,chakravala_grassmann.jl
530,e17d6af3667c31b9f20c20b9928357e890221d18,chakravala_grassmann.jl
531,e1f29fed272e1deb259725ff4cc000c8ee868e7b,chakravala_grassmann.jl
532,e1fb80d93ab0b2d7a2e6d5956e1327237d088214,chakravala_grassmann.jl
533,e242eba2b288371ce7eb756d543c653d1c1ef7b6,chakravala_grassmann.jl
534,e2e06d63c2ca35af0f0c472be556333bb2df4443,chakravala_grassmann.jl
535,e34264d22f5eb49e18eb3e41df6baa67fe90c522,chakravala_grassmann.jl
536,e365e321ee2e5ca24516786a5f69d80b363e9796,chakravala_grassmann.jl
537,e3c9f0b65ac555c99c9fb179ec856d979d11e677,chakravala_grassmann.jl
538,e4113569482d61148317382c574b55b4b3405d83,chakravala_grassmann.jl
539,e5e1f8c73f14f9c94892181d656e07b804b87c34,chakravala_grassmann.jl
540,e5f28b779209243083dbbe1cc78c40a526d902e2,chakravala_grassmann.jl
541,e645888e51768f46c0f70d7b4825c612a5b2c94c,chakravala_grassmann.jl
542,e737f3bde2b71652989d6138e627a54aaf696ff6,chakravala_grassmann.jl
543,e7fd9e0cc4f72b65c9b27f876d1781354a8d4dca,chakravala_grassmann.jl
544,e896689b9de1e86d78f0fb0223cbf8a419483029,chakravala_grassmann.jl
545,e9a3307326a4ea80c439b5a80e62542495b1bc06,chakravala_grassmann.jl
546,e9f723e149123a551e88dfbf5e524ce62843cadd,chakravala_grassmann.jl
547,eb06d08955eb275b9a53be587d1a4e9bc25b99cc,chakravala_grassmann.jl
548,ec894608ad21b7a2a1a2269ae98a06538e3593ae,chakravala_grassmann.jl
549,eca040c58081024537b015ec09f32e1ed94a17f9,chakravala_grassmann.jl
550,ecf453a96427667e0b51cd16ed3e982d4e922047,chakravala_grassmann.jl
551,ed641ae373d99052c04bcba969d75045800c5355,chakravala_grassmann.jl
552,ed961c67c116f17cbf788c94a9ff516c2f141cc5,chakravala_grassmann.jl
553,ed96ced6425e483de6fa35cbfba7820dfd192950,chakravala_grassmann.jl
554,edc0376117741d93123cf45e641d9cb5e16017cd,chakravala_grassmann.jl
555,ef09f22422b2ae8a84706959e8eed875434a62f2,chakravala_grassmann.jl
556,ef591129d34b76a3b3f1e18c5804e2d153a5bc48,chakravala_grassmann.jl
557,ef7b1f513369607595157c9667727e1603226610,chakravala_grassmann.jl
558,f075d1bf22607aca9ccce02503a0f94354f6702b,chakravala_grassmann.jl
559,f0f1c3596d4cd50ee8752c3a68ba61f0e7849642,chakravala_grassmann.jl
560,f10c276086e8921b6d23dae631478cf8bab441be,chakravala_grassmann.jl
561,f1163502c8bf7ab67bd1f3adb40c7c14fb27400f,chakravala_grassmann.jl
562,f2113fb73ae0769d80d27fe2bbcb65db396e034a,chakravala_grassmann.jl
563,f21379ded5a0bed608050c1b38998699ed3b7f76,chakravala_grassmann.jl
564,f264cf08cc4d5bb075e4dcbb17dd7d11259efe9c,chakravala_grassmann.jl
565,f2a987954326fadc71f770ea2d5adf3790223155,chakravala_grassmann.jl
566,f2d343adbc6007dac9c9a440c7ff159fa27f6335,chakravala_grassmann.jl
567,f2eb9643b55d68b660225b35da67ab783b19cdc4,chakravala_grassmann.jl
568,f347ff682cc06d5a601896c3b3517d226c2dafd7,chakravala_grassmann.jl
569,f3ae969375f19e8024e8a4f4b3613d4e35cc13cf,chakravala_grassmann.jl
570,f41b841d58ca904ed3854b5c850f3669de8f33e4,chakravala_grassmann.jl
571,f4b3c4ffd4faa3cc7c48433b2c94f94916465493,chakravala_grassmann.jl
572,f4e4f784ce2f32e0a50fa53fa3b537ff68220289,chakravala_grassmann.jl
573,f53719cabb3860921020733f0bfb655d36f28202,chakravala_grassmann.jl
574,f5528248d077e5765ce357f0efb492016dd2e914,chakravala_grassmann.jl
575,f5666d8f489b3add5e397c2789ce286ec88a04dc,chakravala_grassmann.jl
576,f5930fdb3fc922f913ff5148b6144b49804cba11,chakravala_grassmann.jl
577,f5a784f0a90551f3178338a4560e9ef2fde66dac,chakravala_grassmann.jl
578,f6088501ebca7491d9240d030a0bd8f5f6dd31eb,chakravala_grassmann.jl
579,f6787441a748c15cbf04051df1b4b82aebb69ca8,chakravala_grassmann.jl
580,f6f26cfcbb1debcb9b4583858d8ac4b38195873a,chakravala_grassmann.jl
581,f76dd855725881ea45516b99e0f8b6b1fe61d71f,chakravala_grassmann.jl
582,f77bde792d5781d2e1557ff10d05537466802c7b,chakravala_grassmann.jl
583,f7a495e9b72860e336d6fdf8c4db21d5074ffc00,chakravala_grassmann.jl
584,f8403c12c89b99caf7049155b9b73586fe15b368,chakravala_grassmann.jl
585,f8649167f1f66753c0e293d12069bddd58805357,chakravala_grassmann.jl
586,f924a36f77e7c8be8e6b9aa49b4f91559cc6815f,chakravala_grassmann.jl
587,fa26c3012f923212f83e01062090d2ee20d10a9e,chakravala_grassmann.jl
588,fa7ffd30186615c42d48c5d13480a14430a954c3,chakravala_grassmann.jl
589,faab3c1666a930f27c0864c1b6c4368df149ee20,chakravala_grassmann.jl
590,faac7d97bcc39769e98b2e813dedc7a174a94803,chakravala_grassmann.jl
591,fb83d62e6df0984d9a71371570a1468ee90a4826,chakravala_grassmann.jl
592,fbdfd75ae6943f754fe5188d60b8ff345c3e0706,chakravala_grassmann.jl
593,fd562486c382461a41eab24205709e0d3cf0a325,chakravala_grassmann.jl
594,fdca41d51d79c58f5163b74a9c8f821b1b21cbfe,chakravala_grassmann.jl
595,fde14f83893ba7b496a63e260bdef0b1a9b0fba5,chakravala_grassmann.jl
596,ffa376157782e48bf6adffe05f3ff903df3a9023,chakravala_grassmann.jl
597,ffd74d71e7403684062ad41993384f08ef3b139d,chakravala_grassmann.jl
0,0094a4f91d44a8c35142ae35353e81816db5bb7a,roboticslibrary_rl
1,00e00fe01d95134c1c64075957faaa6d3feba074,roboticslibrary_rl
2,012138f7893162c86f2084a14ee2cc267c632f79,roboticslibrary_rl
3,01c62f874b4b630ba2a80b143d4255e27640219f,roboticslibrary_rl
4,01d776b08cea9b75355ab070405e99e19597de10,roboticslibrary_rl
5,034bd370217b7c57f4d4a87b395fc48200dc911f,roboticslibrary_rl
6,037d2fe957edc99d0412da88cfcf618a434ede21,roboticslibrary_rl
7,038243bf3f96e95f4a36d4fdf538775ad943527a,roboticslibrary_rl
8,040c0329c6bd5e989747c059d0a90ec3823792e4,roboticslibrary_rl
9,0440811884ea5f79687b3a08667ade98932aba5f,roboticslibrary_rl
10,04d6914de1016e95e8154150c73f0c123fc57e24,roboticslibrary_rl
11,050625c8fd220a883bf670ffa5f8a9551971038d,roboticslibrary_rl
12,06377a9d8f96eba3e9893a6a7f81b3ce7bb65049,roboticslibrary_rl
13,063b3ee6aa2945f09d92ccdfa98020276caa609c,roboticslibrary_rl
14,071a84b8515a4405ca2955d2417644b9090280ec,roboticslibrary_rl
15,075e990a522b3bc0cc68ca33196552d09a10339b,roboticslibrary_rl
16,076cf7e5c3a9caadd2c3aa3d3e12293a0a81f244,roboticslibrary_rl
17,083562901aa55017b53adf97abcab098b6e95037,roboticslibrary_rl
18,09072eaf7174932cb02f5eab93dfe2ad60ec16c3,roboticslibrary_rl
19,09f2abfbe11b18522e3fe22f898e00f8df54ab8c,roboticslibrary_rl
20,0a006b3b802c4511d623743cb608282e04add99e,roboticslibrary_rl
21,0a1eba305222f65a347b9ddc58b6ddd04fc8d4d5,roboticslibrary_rl
22,0aaead906f699338ca5f890f0af0e23cdf42a06f,roboticslibrary_rl
23,0b1c027863f817c585e41bad0bdbff9d83161bfd,roboticslibrary_rl
24,0b3797215345a1d37903634095361233d190b2e6,roboticslibrary_rl
25,0bf09826a63596eaac18e081f0822b6a9506e68d,roboticslibrary_rl
26,0c0cf5fb7f360761a63bdc8ca74ed6de00dc5bd7,roboticslibrary_rl
27,0d3fa8e47326d28be3aa3ad07d58a1de9095525a,roboticslibrary_rl
28,0eb7b199e291cdab0198d8fd2123892d214e3eb4,roboticslibrary_rl
29,0eed4718e172b488df09cd5f5e1f161bce286e7d,roboticslibrary_rl
30,0fabc30b5fda4a5485e1e43dd750a82f2069e91d,roboticslibrary_rl
31,102896d1e39459609731b7b250a1fbf40dafed7b,roboticslibrary_rl
32,102da905c85fd95597e38fd6ad966f33d3784a70,roboticslibrary_rl
33,10e5b8942058116eac681d4a72cd8d5601953402,roboticslibrary_rl
34,10ee3abb1fbe516b9a836266299eae2102cfad9d,roboticslibrary_rl
35,1198532b41134a4cf7a0783bd87d281800eb6781,roboticslibrary_rl
36,11bec7b5ea98cb7b39f1b829199112c717b96604,roboticslibrary_rl
37,11c868eaeb737b430051149d8bc20f208742ac77,roboticslibrary_rl
38,11d57921bf0d48abc89f3978c31d51bdd74144df,roboticslibrary_rl
39,11f17dd0b3b1640033f83cbf1cd7af7c517c050b,roboticslibrary_rl
40,121f05de9eb818b9731c392269f00d95a3322869,roboticslibrary_rl
41,128a0663f5de29854836b8335862b1bb2ad47018,roboticslibrary_rl
42,136d0c86bb0608ad4f36a3b9e1132abc0629e89c,roboticslibrary_rl
43,14db6ac7fa709d70761d3b3817e85b3f32111f0e,roboticslibrary_rl
44,1503f31c6041da85fd63c8cdf9102da5b680e637,roboticslibrary_rl
45,155a2a5f54641d235732facbe3cc7e4d837b6975,roboticslibrary_rl
46,15feafa5e9f60fe89c1f77f90ea3428881c6f7cb,roboticslibrary_rl
47,16ebeef7ef09ee8bb8ebc5df56d3181880f39b77,roboticslibrary_rl
48,17796f9bc824a76e0184bf83e9d312a71f36e35c,roboticslibrary_rl
49,17d9c6463dc855da48382dd31fc95f1458c4ecb1,roboticslibrary_rl
50,18024513ce88c0d2c79fe97d767a4b77b3b6444b,roboticslibrary_rl
51,18e877ab043df4a8cabdeaa450f906fd501ed0e8,roboticslibrary_rl
52,194782439e862da791e2dbb50b13eb2c6025608a,roboticslibrary_rl
53,195c756a28dbfe1abc6fc20c0efb4f77612a3d69,roboticslibrary_rl
54,199157dfb8ed41f196173eb6fa56640332fb2978,roboticslibrary_rl
55,1a12b8b4fd68494175e9d26847c51dd8358cb2cc,roboticslibrary_rl
56,1a34c5b4c63751d87a8c6acd0e9b95abc191dce2,roboticslibrary_rl
57,1b0d2ed25d0839ad91df45832168a9e9c3699ff9,roboticslibrary_rl
58,1b52f3b70dbd920bc7928d5729c4a28a2b1ef4a0,roboticslibrary_rl
59,1d08e04ae07cba89d8ab0f69beb6ef29e1bb3f61,roboticslibrary_rl
60,1d516ad6165a74874f8414e84a1edf8810ff58b1,roboticslibrary_rl
61,1da8dfdc605cb7a1ab544b00e5a3222eb042ee82,roboticslibrary_rl
62,1e3216ada8d9851ac37b31d8ed6809e454470ea6,roboticslibrary_rl
63,1e41cb48892d3333bd58e9317d28bf7dd00024b6,roboticslibrary_rl
64,1fe80ad5aa0a02e657c2dc8170908b9b3628e278,roboticslibrary_rl
65,20039cb3cea1756770fbac7e6a5c59ffab999148,roboticslibrary_rl
66,208d8c849fa49b48991fb7019ad274d05947f4e1,roboticslibrary_rl
67,22a051131c45e3e02e47837e4b71260ea0710f45,roboticslibrary_rl
68,2335e14cdcb1d5fc10ef880a8e6eeda085aa1f87,roboticslibrary_rl
69,2398cea996dce6c54330d6562fa1079daa1a9d4a,roboticslibrary_rl
70,239dcc1ed9128036aaa638c44eb902a9c11744fc,roboticslibrary_rl
71,24afd1f474a74eba33fef670003d7c56b82109d3,roboticslibrary_rl
72,25f186517c2fae6d179b0e72bff81473b5b09b90,roboticslibrary_rl
73,26571c8b8464577bc11a3c52c35ccfa1cd2716c8,roboticslibrary_rl
74,2764424364974214a76bc2cb0bc0f4dd689acb80,roboticslibrary_rl
75,2792d39fff0f08e70afb838ae41a137a481c48f8,roboticslibrary_rl
76,279e3c595c7093b764e4ec585c46a233ecd8ac90,roboticslibrary_rl
77,27f0eb10de07fe7cc8cf192cb67add711a11568d,roboticslibrary_rl
78,27fe3c4d39c825795f1cab35cb7c26e9486f2de8,roboticslibrary_rl
79,282395b9d40897facc2de2ef82c51f77a98d9704,roboticslibrary_rl
80,285a7adab0bca3aa4ce4382bf5385f5b0626f10e,roboticslibrary_rl
81,2992288cd697954f51f4ad15eec3a624b849ddf9,roboticslibrary_rl
82,2a594756e8efd149e779b9f5d5f3f9a020598b04,roboticslibrary_rl
83,2a77ceefcf32a667105780c6e1459bea06ee2cdb,roboticslibrary_rl
84,2ada8da4377ad13030009fd759c7906b99575410,roboticslibrary_rl
85,2b7efebc896d9e995930715334943c0f5d8a69ea,roboticslibrary_rl
86,2b8f8220a90bf35383d7b6fc0d2b306bd3f1e9e9,roboticslibrary_rl
87,2c1d4b9cae30da0b81972c6b07efda0af17801db,roboticslibrary_rl
88,2c44075c8771e3c7af2948732cb7a3aee7aa6342,roboticslibrary_rl
89,2c8ecd6f1d4d4b831e2444c3912483ea1482586b,roboticslibrary_rl
90,2da1f81077247676e5bfd638db206a3ab7cb84a4,roboticslibrary_rl
91,2e48b2f2cf8a9404e6507393454a0072decc406d,roboticslibrary_rl
92,2e8947f04a561780b1fe99765e23d18eb8314f12,roboticslibrary_rl
93,2e9dcbfeff1b1a8ab7c0b0fbb69f0689d95277bf,roboticslibrary_rl
94,307dacfe4611ff3c3b9a78f5c48b8e3f60285d73,roboticslibrary_rl
95,30c9918880b5a84923f0666c4dfe5d3b90e90b5d,roboticslibrary_rl
96,30cfa608da6cbb2f00a39e739eb40c12141a0c68,roboticslibrary_rl
97,30f08e1ebb9e740a8cb22f58908f6ec02a4b4a1e,roboticslibrary_rl
98,3144bff5bc81b808673f298f6e80f324d19a4a4b,roboticslibrary_rl
99,3154ad264ae38c2d1c68fe7e2e22636cf7033d5a,roboticslibrary_rl
100,31b8f923d572ae2de8f5872997a7f507b289b402,roboticslibrary_rl
101,3218455ad9f09488bfd11206fa9439eabb97b89d,roboticslibrary_rl
102,3243134428c10052c66e9b49ce6e1f4a7e0f92ef,roboticslibrary_rl
103,326fe85a9c60171c43df097e1cb5e1c9412fdf33,roboticslibrary_rl
104,32eaa0831a282fa40939b1cd829dbcde5a1e5ca6,roboticslibrary_rl
105,3363010f717db23521234c38e4eb9f1bdbaf63b9,roboticslibrary_rl
106,3364695a9b944c609a93d53df79fae69d78f0478,roboticslibrary_rl
107,34d147ff79ab73b45978dca3da10b589a04975fe,roboticslibrary_rl
108,35280288c0b61ce3a1a5ba8a819ea9437b88ce90,roboticslibrary_rl
109,35dc4a37de4f180da8b0422c8e64e25f2bc94c51,roboticslibrary_rl
110,36ff7506d15f2a163266beeb863f3e9386b4339e,roboticslibrary_rl
111,37ef4e04369961542b895baba071907dca0fdf3b,roboticslibrary_rl
112,38835afc9d0b807d900950c396e98bd4e288a5f7,roboticslibrary_rl
113,3a15f51ba5040c5251ad0313c4810c2a8d396024,roboticslibrary_rl
114,3a3529f3b8aafeeef9a54c55aab946f80ca09ab5,roboticslibrary_rl
115,3a61e56118d3e86bd338a8c75dbdc5125d5fb98c,roboticslibrary_rl
116,3a8c2b087f5a8ad7ed577a26df1eada8904461e8,roboticslibrary_rl
117,3b6597e8019e108cdabe88b0d81a5d7fcf9ae7df,roboticslibrary_rl
118,3b94b1b51959d55731c6929261aae0e04126b585,roboticslibrary_rl
119,3c522c3abc2be819bdb6512cd5805f0a34d851d2,roboticslibrary_rl
120,3c94031965f3c200dde4b4c5172d7cf748c0f844,roboticslibrary_rl
121,3d950665ff4f8b6997feea35dd14e4210bf83c17,roboticslibrary_rl
122,3ee8a3b7e51f41626b8c500a74492e0291d6f72a,roboticslibrary_rl
123,3f27cf4e4143b1e753c5f1a22f80b994dce713e6,roboticslibrary_rl
124,3f3d2c24c3460be69ed607278086c098188d6ec9,roboticslibrary_rl
125,40a0d6fcba44ae63ae848694a44b6c130f69899b,roboticslibrary_rl
126,42a730b50e192e5e661f488a922b66b25acda148,roboticslibrary_rl
127,430c7b28ed95df85e7a8f833bddac19f04d1faef,roboticslibrary_rl
128,430e4ee8c1151083d6d22de11e06bb02e2bc94fc,roboticslibrary_rl
129,43339a9ae4df19621e04b2c2f6cb62392ab983aa,roboticslibrary_rl
130,448bf0247def28117102a97500bb304d78f8fe1a,roboticslibrary_rl
131,44c61bfa8ef7fa2369127abb20cc061c8fa6b451,roboticslibrary_rl
132,459e6d0271bfa3e8325b90f82aa78f9bafefa750,roboticslibrary_rl
133,46231ffe2462f077b1cc65e9126307e09d30f7d1,roboticslibrary_rl
134,46a76412c97762d977c2206b2ebce1cd6979eb4b,roboticslibrary_rl
135,46cd9a401652e0407b7707aa36c7f794ffdc379a,roboticslibrary_rl
136,4717908f868dd0ae67b73b80746bcf94d23cc9a3,roboticslibrary_rl
137,471b85768127ca68d75271a41dbad1fc19fe9245,roboticslibrary_rl
138,4936cd2a4fd85a925dbe658355baf1eb9333078f,roboticslibrary_rl
139,4969e297c7c6820508b07bbc9a576cbbbef7cf61,roboticslibrary_rl
140,49bb679ca1aa1d4565f7269c1b7c5fe52bdd04b8,roboticslibrary_rl
141,49dcb85288b46198703a8d733df2f44a7cf2994d,roboticslibrary_rl
142,4a8e401b5a3b707fa1c2ce43f349062c8511fe76,roboticslibrary_rl
143,4af433b74a903a5722271fb51b7cdd5940653a1c,roboticslibrary_rl
144,4c00a016d896ccd28ae5be62f0ad98682a5cdf99,roboticslibrary_rl
145,4cde400291f65563d50fa224383d273ca15725b4,roboticslibrary_rl
146,4d15a39f3795a5577e790cdfc2d0481896267c3b,roboticslibrary_rl
147,4d72a0ae9f78acdd74c3420b6b08f3471cf50873,roboticslibrary_rl
148,4d9aa747d62a81340a308723de067663a248bd7a,roboticslibrary_rl
149,4db5228d191bfbf0727b065b4ef462f30813a815,roboticslibrary_rl
150,4e58598f1f98e0cbae838b8002fe576e900c865c,roboticslibrary_rl
151,4eb37e5d22250ea84cd3839507a855c7ee1b6855,roboticslibrary_rl
152,4ee63c11ad056580f8a5e8a3540996d455c3cc4d,roboticslibrary_rl
153,4ef2bdba6ec7ba441b435427b27881c021d51bad,roboticslibrary_rl
154,4f63e50826cae5b527b0afe08b41452923a5462f,roboticslibrary_rl
155,4fc02a15de9542768268cde12705781a3d03a516,roboticslibrary_rl
156,502ba03669680f9803bf058a0203623dcabf310b,roboticslibrary_rl
157,503cb90c2fb85a19a2f44c05e8ff6ff95c14e47e,roboticslibrary_rl
158,5064ded3b75bd0da8933a8bcba494cebe6c95ff5,roboticslibrary_rl
159,50cd81e672e2157a21f769105ec19ab7069b95f9,roboticslibrary_rl
160,516d10bbee6c61d174d99c34dc2801609de1a918,roboticslibrary_rl
161,51a3d3d58f57cb9726adc9c937496eff280d1ea9,roboticslibrary_rl
162,51b440d1ae56b13aa1493f49bb60348298024218,roboticslibrary_rl
163,51cb9846a9f9ff920e0084696dac856e99823f33,roboticslibrary_rl
164,51e96927933107a4f7915601968b911659973347,roboticslibrary_rl
165,524f8d666b1e02deee696ba392fe15ed877176ae,roboticslibrary_rl
166,52e81a8eaa0af7ca2d95dfce9bf2366ea6eba262,roboticslibrary_rl
167,52fc029ad08e740f2dc2ec1332f663051b161b3c,roboticslibrary_rl
168,542f8b29d3076bc8aba16b0f533e5b9870347e39,roboticslibrary_rl
169,54649da082771cc581ac1440caffc10cce9a0378,roboticslibrary_rl
170,5481426bbc4dc658ccf735f68f39d424d9f8a92b,roboticslibrary_rl
171,5497c379daf7395bdb33b33f4593d12f3c1b4919,roboticslibrary_rl
172,54a3c0df2813f094f8324e633545ca0b764f0620,roboticslibrary_rl
173,54c4320bb3e81b1b55d3a8e0a2497073043c9e02,roboticslibrary_rl
174,5673a795d29099c817d04de89badbaa9c2b201c5,roboticslibrary_rl
175,577768832bbc5a689e3e0f5ecc7a5fc27e657f3c,roboticslibrary_rl
176,58536860950f19806753f5f3b9381aa0a88a87c4,roboticslibrary_rl
177,5888698804fed8cafa8abd5fab5e4b1fa7094757,roboticslibrary_rl
178,58d12d1efdfb384dee504f31087f4b47ab7bbc93,roboticslibrary_rl
179,593ec79d0c6e86d855b6b4a941f87055d1c9dbad,roboticslibrary_rl
180,597c5b9bf7578713e38107c16eb4855867677e39,roboticslibrary_rl
181,5992bf6f1f225b86e609daaab9fd98ca51d789d8,roboticslibrary_rl
182,5a1f41194bdba1d74e314bebca05188074e48786,roboticslibrary_rl
183,5a54cc201002676fde57c456a462725187aa46b8,roboticslibrary_rl
184,5a9344f559259c11ffb78c3fa652a17237b3242c,roboticslibrary_rl
185,5aa524ce3a4ed42cc90b067e243bc0cdd3e3559b,roboticslibrary_rl
186,5ac7b594d16a158d1db6ba02432bc9fa266ada24,roboticslibrary_rl
187,5b788dda3e9881118bde0303239e1c326b7eb58d,roboticslibrary_rl
188,5bbd77315ec5b510d0945451f9d339a937c887e0,roboticslibrary_rl
189,5c90fbc088904246c7a0a96d770a14be3d8b63aa,roboticslibrary_rl
190,5cd4ec7a69d449b29dfb19e97554d307307ac9a0,roboticslibrary_rl
191,5db05dc601ace70df3e6cf5d2643cb4901b7c79c,roboticslibrary_rl
192,5dce6f335834e5a347d2792b5d130cc8115a290b,roboticslibrary_rl
193,5e16b42f53bc393af060e208375b5bd40cd69ef4,roboticslibrary_rl
194,5f9793efd7a953f2ded232614cca54b642448c97,roboticslibrary_rl
195,601d7bd8fde70fc7bc1a748a6fb87423bdc2942e,roboticslibrary_rl
196,602aacfceded699e7dcbe4a4fc96542cf8ee4b49,roboticslibrary_rl
197,6092050087cbd021eb013c0e44f2305622a4515e,roboticslibrary_rl
198,609f6d9bfa9a6d5d71d8032117029ed577b900a2,roboticslibrary_rl
199,60ff8a6971756edae34d27ee2f3c4233f76787ee,roboticslibrary_rl
200,61db2f6a491bb07bd5b898f5a611f381e29229a1,roboticslibrary_rl
201,629eae86af08f67d0ee836ccb7437bd05763c47b,roboticslibrary_rl
202,6345fb7c3cafce58e7c298cbfa9ed2a6682f3668,roboticslibrary_rl
203,63fe7da890ddc2819a60f2abb7d8c7b42b277373,roboticslibrary_rl
204,643d578f79e8ca3be0cafb3272abab375bf63165,roboticslibrary_rl
205,6546cb1080d342101bb064a607d1542f00fe68a1,roboticslibrary_rl
206,657951376e2bd5174eefa41e7f5378f3cf9fc163,roboticslibrary_rl
207,658cdd8387397261ebf0f52d3bde74aae0379e24,roboticslibrary_rl
208,65bfa74ea5b71eff838f9d0e4b2d315d26677304,roboticslibrary_rl
209,65cfc4294dc1401eba41c768f1d78f446ec7395f,roboticslibrary_rl
210,670a30cbf114cf9d6bf9dd3ff07c348be73eda9a,roboticslibrary_rl
211,670c838fc9c91723fcb341111d2b69c992524bdf,roboticslibrary_rl
212,6723d6967c5370c99266b6c597977f130a6b5bf9,roboticslibrary_rl
213,67dddab6eafaea4d0595ccf1b43aca26e500a117,roboticslibrary_rl
214,67e11e49ed0a584c277e77413f5b8b52290e5fd8,roboticslibrary_rl
215,68401b94051733b6a6201546643737fc811e0cdd,roboticslibrary_rl
216,68eca9c16707647b07a4078e71066b5edca0b1ce,roboticslibrary_rl
217,6a3ba7b933fed68933229647618a32cfd90d63ca,roboticslibrary_rl
218,6bd0f400d14b7ea43c4d1187691552101f332e79,roboticslibrary_rl
219,6ca263b0149567ecfba8195426d295beea4f7fa2,roboticslibrary_rl
220,6d1a3457dd19902aaf2d42531e3a8f4aee8036b6,roboticslibrary_rl
221,6f05c38152aea4a4576a9cfc4921137c8d905dcd,roboticslibrary_rl
222,6f69d19c7609db3fc8b997d42d1363eba0e27732,roboticslibrary_rl
223,6fa59c9b9f3b57536980eeeb988857fc9edf5b6b,roboticslibrary_rl
224,6fcd429184a4034be2544357b47aeac81ddefe77,roboticslibrary_rl
225,70237953c251d3c7cca0e988a13394582b34eb0e,roboticslibrary_rl
226,71a2fc35f1514072e1607dc3186bb37d7f5028e4,roboticslibrary_rl
227,71cf795fe8a2453e91a8717f38d2180bf25d8ad8,roboticslibrary_rl
228,71d4a8dd66715009226d7f8fe9e1f0d70ed1152f,roboticslibrary_rl
229,724b9693c8c8b95826d7adaa0c2021947eb37555,roboticslibrary_rl
230,725573ef0b2a3cc1d4d8d7f7344990c8dc662262,roboticslibrary_rl
231,72fc89c4bde877f1096e665725f2fc9306e0829e,roboticslibrary_rl
232,73565a705cdf2baac6e555b8ee57def4778f372d,roboticslibrary_rl
233,743ee8bd1b4fb7fb60deb1e25a970c0a0700598f,roboticslibrary_rl
234,74854346cc452e9cd33c70de1d452961f685e5a0,roboticslibrary_rl
235,74d4dccfb86206f2f0c668a7c9aae8ac93e0bdce,roboticslibrary_rl
236,75617e178602f812394cb8cf695ecbbef14880a0,roboticslibrary_rl
237,7592ee01d023ccaeb60b3d0f215693fff5c465e8,roboticslibrary_rl
238,75bd29198cb3f6cef8288f66e6b1efb1f7de49a6,roboticslibrary_rl
239,76936bac1353b0305e3a16c86a2b74444f78920c,roboticslibrary_rl
240,77ca1a1cba4d334251b598aebe546d5ed1f75e5a,roboticslibrary_rl
241,78919a42250c0ef381bfd4a00a1672659211443e,roboticslibrary_rl
242,78f4f6e4e339b08e4c73f9a02d6fb2611091e8cd,roboticslibrary_rl
243,792a2086a635174c4c979fd495080e9a1000b475,roboticslibrary_rl
244,79942d386f367985ddced618f23609f448ea1b92,roboticslibrary_rl
245,7af3afaf873e29624334e3a888001dc40f18c926,roboticslibrary_rl
246,7c4454978300adfbbccd040dbeaa159b42c1ab2f,roboticslibrary_rl
247,7c64c74a1e4c49be2d0e78c59bbd0ad83917b1e7,roboticslibrary_rl
248,7c83e2c7b3bbbc76a9641e3dadf73c14d81aa385,roboticslibrary_rl
249,7cc0c7e7f4df23c550499a0e1234cc52ce4f0972,roboticslibrary_rl
250,7e17a431ff049ace9eeb3a8bd3f71b08a585fb60,roboticslibrary_rl
251,7edaf083c6728f967f79ffeb6d485fbacb5a7460,roboticslibrary_rl
252,7f9fbb9fc4fad45742b939236b6ac9d744aa83af,roboticslibrary_rl
253,7fef19aa2b800549c869a73a0da898a94b2c2cbe,roboticslibrary_rl
254,80897448b43d0a96d699a97307db472c4c6d52f6,roboticslibrary_rl
255,80c00e3f53f54f2cae3567941830b807ed97f130,roboticslibrary_rl
256,80da06e12b6e0658347f9153530de3a84d6094c5,roboticslibrary_rl
257,817d49e010ec6af9e141137e4f9323540b14eb6f,roboticslibrary_rl
258,81a347a16409b47c95787856a37d954626aceb36,roboticslibrary_rl
259,81d4566dae0d4928d2365fa1d8f14cbee4c06a27,roboticslibrary_rl
260,82316ec38e4996a81b3a4324bda21f04bb414e8f,roboticslibrary_rl
261,8240b1744cbb52f0bfac3bb95b89d05b4e5e58e5,roboticslibrary_rl
262,8296c4f9068a36961662fc415ba12366457bfd4b,roboticslibrary_rl
263,82f8ca9e57c4c94b3fe2a5d4d83a9edbcf1d2183,roboticslibrary_rl
264,831ec0098b13e8cbe49af38df8cf2566f476e748,roboticslibrary_rl
265,841ac31747dabcc2dcf5fdd3dd41146b1b722b58,roboticslibrary_rl
266,846114b758440069b50c8326dfd7a991fc972c53,roboticslibrary_rl
267,84c661dd9bdacfbacd0f864a4cf47d59da4f7cec,roboticslibrary_rl
268,8504de1bfb4cae8cd89749481bb96fdff8f3e317,roboticslibrary_rl
269,85db57908546241040ab5fad0193b6c161e76342,roboticslibrary_rl
270,85ed38dbfb034b77572e1e7f67ff8fc8ae11f41e,roboticslibrary_rl
271,860c8f76b0e9b67ab0a959ec75dcc56cd6396650,roboticslibrary_rl
272,863bd9cdecf0e2c6ccd8261a6ba8d68001aa4bfe,roboticslibrary_rl
273,86596806c428c785c5fa80ee07d171059d06dfe1,roboticslibrary_rl
274,86895cb24871a1957887e9374d727895110bf2a4,roboticslibrary_rl
275,8694418314224f180115d64b9175abb9e119259f,roboticslibrary_rl
276,86ab918f6227474c8ef471451a2898880ebc3805,roboticslibrary_rl
277,87a0a7dde802ba0ccda9bce29d1a76d74793baf5,roboticslibrary_rl
278,87cfda2bacd592e6e3ccc580ead4b5e3e340f1cf,roboticslibrary_rl
279,87e8fbea8afe076718896901ea83020fb1b1dffa,roboticslibrary_rl
280,888ccc184372d72b7d9fb8d66159ded286726dd5,roboticslibrary_rl
281,89703cf70c0d5344d62b703b0e26f48a4c25c55d,roboticslibrary_rl
282,8a07851f6d5dc3566cb4a37ef5884de00532c96d,roboticslibrary_rl
283,8b66bf7c3f60e9f0c05236d781d191249e3425dd,roboticslibrary_rl
284,8bfd262f7eaf23e298396ae0d3f7c360f20d2db1,roboticslibrary_rl
285,8cb29869c9275cd77f3126bddaab857ee796cf19,roboticslibrary_rl
286,8cf0864a9d8963f0f041664efaa0d5e92ffe1328,roboticslibrary_rl
287,8d0a724ecabc6523cbc74de08d851fdf943cfac8,roboticslibrary_rl
288,8def7ccdb878d8bcb4782a5066a27dfcbee9cbd4,roboticslibrary_rl
289,8df9ddb86e7d67dd6394e78c5e99687f22813810,roboticslibrary_rl
290,8e0d4169eb4908bc697df0cf3aa36c8d70ce377f,roboticslibrary_rl
291,8e226c2ddce0282d79b2cd1c8729ac2e039b87a0,roboticslibrary_rl
292,8e6b7bc45c3f9e104e0fd78b1d19902a67e7b980,roboticslibrary_rl
293,8e70bc36796d1d2c169a6ae9e3cca9ee8afbad36,roboticslibrary_rl
294,8ef5d2f8db8be7af41ab6d46a33a0da891e61beb,roboticslibrary_rl
295,8fef4595f010fa8b11d35d586b9bf51354960367,roboticslibrary_rl
296,909c7f30567974751ea5097dbbf1dd4563312961,roboticslibrary_rl
297,90d27198049d129ec3f0eeaf9b162ca24e74206d,roboticslibrary_rl
298,9156fb437b9783e4a2da431e2d5d6f60ddf0fcdc,roboticslibrary_rl
299,9174a1ed43da0c604d8afa51f8b303c90bb746f2,roboticslibrary_rl
300,918d8b8c05eed6e0bfde2ae3bb4b75179a0e3eb6,roboticslibrary_rl
301,91df9f231ba08dfd6c540edee2838d75508ca848,roboticslibrary_rl
302,92310630a482b54a818b30823e5ff1ea77c21840,roboticslibrary_rl
303,9243bac4b683ad2e61728a8453757edfc92d16dc,roboticslibrary_rl
304,92d27bc2b5235017021737b8a7dc5f72522a15c7,roboticslibrary_rl
305,92d8e764c9a1970671d0b36389da9d41afa24b33,roboticslibrary_rl
306,930d893aea8910cc3e8888e80f886b72a3d884ff,roboticslibrary_rl
307,9389730fc4d8cb04f8ada75e82ce7a8917c3793f,roboticslibrary_rl
308,946498bf4426c11b2228f3f19464c7d4b0a2dfc0,roboticslibrary_rl
309,947a434cee45f72a50868c30c95e2faaed6466a9,roboticslibrary_rl
310,9689cd4c0b6770a336650e9dc099aadd10a306ef,roboticslibrary_rl
311,96ffb9621432e38a5376e72c216dd8d9be36ca32,roboticslibrary_rl
312,970a23f086acd24ea81a4056e6094dc413d7b371,roboticslibrary_rl
313,978d48653d7de77bdfbeae189827f1e7a2059598,roboticslibrary_rl
314,97edd6ea0cdcf5a10d79ae2b2ec72de7dee4ce81,roboticslibrary_rl
315,97f94b9fb5e34b2f6dfe091fd75fb6fc44b8d238,roboticslibrary_rl
316,992d0dd78b1de40d3f140c18f4180b44529cb953,roboticslibrary_rl
317,9941691be24572c87ca0901ee21a3415cbfc35bc,roboticslibrary_rl
318,994f63f5c72c5dece04ef77fd79e10909a7268cf,roboticslibrary_rl
319,9976c079f0acea5c72abab6e9900ac30c4d2de51,roboticslibrary_rl
320,998ecc153a0e8490e0ba8aebb4c91d81fac352a1,roboticslibrary_rl
321,9a7a2b888fbab9b5b45bced11271fa2928ccec4b,roboticslibrary_rl
322,9a8b8ae6a2bd72d15c21bf0c2ddf97d892453f23,roboticslibrary_rl
323,9ae4c95281edac9ca42de7a0a5f2bbd47c550bf1,roboticslibrary_rl
324,9b4d4005f3f276edb8f399b955be316df0461039,roboticslibrary_rl
325,9bcf3e7eb05deeb7d998aa3a2d10891962003031,roboticslibrary_rl
326,9c438ffc7415f5423a87043e31659e1c72ac2987,roboticslibrary_rl
327,9caf83c2005d64d9c8a3e8d8f21dfdfeaed384e4,roboticslibrary_rl
328,9e15e30369931634d45b0a2992504dae32f47f47,roboticslibrary_rl
329,9e667c55a6f14aa6a1e162c1e44a51abfee22d20,roboticslibrary_rl
330,9ea16f834d3b31d4eed28f6a338dd8060e271610,roboticslibrary_rl
331,9f08f4792362111b901b0706a3dccde3e1aa64a1,roboticslibrary_rl
332,9fb1759e834eb657b065cffc987f519157097caf,roboticslibrary_rl
333,9fe14c4f8eba312a7a7da6d3a8f299ecfbfe696d,roboticslibrary_rl
334,a05e05a4667d7ada65044cddffcda1bb9a2ec36d,roboticslibrary_rl
335,a118941be5e094d17f4efeb28404338ff985eabd,roboticslibrary_rl
336,a147023a04ba9dfe6a739e26eb71eb4aa6539c26,roboticslibrary_rl
337,a1b1d95ef167866dd846a8057ca07f1257c2d6e0,roboticslibrary_rl
338,a1c8bcc7b2cf3230f86dae4070faf75585de3d86,roboticslibrary_rl
339,a23d6c758d736694a70c834e50b58ad70cb193a2,roboticslibrary_rl
340,a28200524bec965c6b57fc2c122460719808d8ec,roboticslibrary_rl
341,a3021b2c36d60f10d71c5eb9a24753999f21e410,roboticslibrary_rl
342,a33742eb4555045f17eead38f5caf8e6700c97ca,roboticslibrary_rl
343,a34e6cb3cf7ee387b97b0fb1d06028fc966577e6,roboticslibrary_rl
344,a35dee1109c6e9857497506452d453aa5456cb72,roboticslibrary_rl
345,a37243cf90566936e6dba8940e5af4594bcf5e6c,roboticslibrary_rl
346,a41bf99aaebf59a43cb043a39ab920b7889ba74c,roboticslibrary_rl
347,a4de0a557d6df1eb77e7c65788fd7c3572db649c,roboticslibrary_rl
348,a5579b93a7c2259be60fd141ed48b16b617a31c2,roboticslibrary_rl
349,a6372c11cf3cedc8bbacb82a9157301841dfdc43,roboticslibrary_rl
350,a696657d30cb08b73e3ba83c0a59256e3cc514a0,roboticslibrary_rl
351,a6983c8bc264b606ad2ce5eeacde8daf4acc3d20,roboticslibrary_rl
352,a707097a1ad099c461b021f06c066b48abe6f9d8,roboticslibrary_rl
353,a7396c533cdbf3694eef5d7a8482aaa5df9db60f,roboticslibrary_rl
354,a74a2013f24633d2e3583afa62354247205c733d,roboticslibrary_rl
355,a765a43c2f6d104160f333b9bf433887e010077b,roboticslibrary_rl
356,a7b641e0d9b032fd6cba37af1a7629a889a1d4b2,roboticslibrary_rl
357,a81b4538a506452c63ad186ac1dc3703be3f72c3,roboticslibrary_rl
358,a877e2e3a39fc21725d6605960b9fb69ae4bc6f8,roboticslibrary_rl
359,a8ad4a600684d58610020e5079a0af4d6003d3e1,roboticslibrary_rl
360,aa56404be85e5394f20fd9415918a7f9dcda88af,roboticslibrary_rl
361,aa6eb334b5279ece8523258957b70e3b8c0c42ce,roboticslibrary_rl
362,aafad084a57814c60d113aa848297cdc06065971,roboticslibrary_rl
363,ab1dad9a9315a8d26c50677a0e2dc3999f0d1fc6,roboticslibrary_rl
364,ab48448bcc977e558c478ef12baed86413201e37,roboticslibrary_rl
365,aba05aa26f05e06808b6b3dc0ebedf7955a6b11e,roboticslibrary_rl
366,acf0ee62145a3bb077dad10e0f22bfd5203e1cba,roboticslibrary_rl
367,ae23abb87c60e8f2afad79c3eae142a069d3dd3a,roboticslibrary_rl
368,aea57c87b57a35f249ba54a1627e92fdc93d4c10,roboticslibrary_rl
369,afe6ec9b7d3608856955ac596656de31984ef620,roboticslibrary_rl
370,b05afe49c459fe3233f8bfbf623ec22fa0845ae2,roboticslibrary_rl
371,b0e5144506c8fb26a4192a7576b1bc14f8f4033b,roboticslibrary_rl
372,b1ca83208dc9d6ee6e3b660403ee419dbb12b868,roboticslibrary_rl
373,b1e70f0efb491df588f2557213bf42d472a0071e,roboticslibrary_rl
374,b2afc76972d4fb1bce42e3d316adb9906d6b09ca,roboticslibrary_rl
375,b2bef925d8adbd580ed8c3eced5f18faed54e990,roboticslibrary_rl
376,b393d8d8a069593927b4a2a39ed7d9543fa10dff,roboticslibrary_rl
377,b46640849a66be8819c4087dd7c3313896976ecf,roboticslibrary_rl
378,b4a025d1e52a5c9ae446677558d3d3a72c9b4044,roboticslibrary_rl
379,b505f1edb8413781858b9a1a40cbbcef7ae712b1,roboticslibrary_rl
380,b509a87437259f94afd167746724049e31357d76,roboticslibrary_rl
381,b5811853db1ade8b96d8708f6d9bdf3367367175,roboticslibrary_rl
382,b5bc94ae43582fc88aeeb49e1d2be9568c55bc7b,roboticslibrary_rl
383,b5d6d97b01833ba48fb915349d2a23924be0183b,roboticslibrary_rl
384,b61880f49a0d3db4b9f2cc1e5561272c45a1c490,roboticslibrary_rl
385,b65fef1716b1b4eb3e0ad0314e0a93963d98c7fc,roboticslibrary_rl
386,b76dc5e13a024573718369e7654009c405b77f0f,roboticslibrary_rl
387,b7f50193071c1ca85ea522c85574674302d9966c,roboticslibrary_rl
388,b85f089646d71895d15b64987453111cc0f5e8dc,roboticslibrary_rl
389,b8cfb57e8fd8aeb4913c5e4b2b1a231a893e238c,roboticslibrary_rl
390,b8f3dec7cafab6935a633ef3e360ce5716bcb562,roboticslibrary_rl
391,ba34e3f59ef48f993b8f78ff084b6cbc739638de,roboticslibrary_rl
392,ba77a37c9b7a5af46463c4c3b264af91363bee20,roboticslibrary_rl
393,baa920e87760ba49dc77e29d09d8699ea5afa40e,roboticslibrary_rl
394,bb04568abe588ba2fcb9e5d7eff4e13c886d65ee,roboticslibrary_rl
395,bb2683204d258c42bff47538cc5c98f919d0e210,roboticslibrary_rl
396,bba274c63d8f733cdcc2cb7c289f2096293049ac,roboticslibrary_rl
397,bc5a8c77c59a7d36319237082fdc628fa684d40b,roboticslibrary_rl
398,bc5d5dafdef52c33be85037db1866db2a545c9fd,roboticslibrary_rl
399,bdc6a442895ee2aacf943fa9fddb9646e6a6f9d0,roboticslibrary_rl
400,bde503ca1e602b50404cec468674ced37a21f561,roboticslibrary_rl
401,bdf0431276d4e175c37d65730679e2fa2c7be08a,roboticslibrary_rl
402,be0fc9a3518940c983a35a3a1749fa7727943ac3,roboticslibrary_rl
403,be750e483b11352a48a6b0d252063828be247176,roboticslibrary_rl
404,bfa07c8bbd554ede887a251f9b324780edc73310,roboticslibrary_rl
405,c02d15a708a957d4e7d260cc6eb7cd0666c881d6,roboticslibrary_rl
406,c05f66bef97b511928961e527eed7d8ae4bb5e25,roboticslibrary_rl
407,c072561f3b1068314df318f2cc8d67bdb9f19901,roboticslibrary_rl
408,c0abf242da666e49074f307f0c46c2386ab60e26,roboticslibrary_rl
409,c0e6fb05dcac9d9f6cc1dec8cd79a44d6a2266cb,roboticslibrary_rl
410,c0f98752f60a3d66160f795585f87a6c0ccb6109,roboticslibrary_rl
411,c11f354a4a0cb74951db4a0b4f0cd68328315d92,roboticslibrary_rl
412,c1a320cb1d32b1c446a4a8b72c3105c27a5a2575,roboticslibrary_rl
413,c1f3094576efbf6fe1e2803b80c474bca29579d4,roboticslibrary_rl
414,c254e72411de0589d48d99a03818c97a81bf4fad,roboticslibrary_rl
415,c2f8621da5625ad9f0e8c3148f888f1f53887610,roboticslibrary_rl
416,c37886bf2ad7bcd639b32d18aff582985131e5f8,roboticslibrary_rl
417,c3a867856e0199a99500c894d26003993c25875c,roboticslibrary_rl
418,c3ab8db548898cbb0d7401ffd67bb505c095c989,roboticslibrary_rl
419,c402415c7d3791f915cac6f78f231d45de248019,roboticslibrary_rl
420,c458cb8bf5e05d530124e3462e757bf24ab9b8ba,roboticslibrary_rl
421,c4612abcf21d204042edd17894abf9f2d2daccae,roboticslibrary_rl
422,c477ec8119d69b37965e3af14e586f7ec6e3423a,roboticslibrary_rl
423,c4984a8cab86088ebfd78d0805bffb2113aa2ecf,roboticslibrary_rl
424,c4b5e40452949ed1f5d87f1b885772c09be227c1,roboticslibrary_rl
425,c5c458ba96989719962094d5d2cbf7522ad8992f,roboticslibrary_rl
426,c60172df40193f92df534984cc877af6b3f09fc6,roboticslibrary_rl
427,c660d46214f8a8587f435a7c0c1735f87d68ba62,roboticslibrary_rl
428,c66dc5dbffe3f547298e3a2a32276dedaf6a9ceb,roboticslibrary_rl
429,c69b8656366d0617797e9bed3b6d49d16e803a37,roboticslibrary_rl
430,c7873a947eaefa84d6dfe1c32247f179be1094dd,roboticslibrary_rl
431,c87911611f8a3bc1289aff13d55bdf698728c368,roboticslibrary_rl
432,c8c9619381362f52a8ab4a7ea674a3f436f698dd,roboticslibrary_rl
433,c8cf1ac803e6f2b0aeff4f81da01b32e2bbd49df,roboticslibrary_rl
434,c8e6adabc5cd0d27333655d54f2d34362bd3c5a2,roboticslibrary_rl
435,c98f8dde695842582b98fbc25782e150b97916e7,roboticslibrary_rl
436,caedc5c112f5622f8400842420e1d5c854dacfd8,roboticslibrary_rl
437,cb5b2deb6600f8d35e9ac386138e832c49626878,roboticslibrary_rl
438,cb95e957e2d14e4f8e7fc3124b85c38b6a529794,roboticslibrary_rl
439,cba76ed3e54676d430205a0dfdf03ce33ed3850c,roboticslibrary_rl
440,cbc5a4c1739b9e8da55a0e15abf25967eac99333,roboticslibrary_rl
441,cbf55a7fb93135836fede914b4551efeb0c7a5af,roboticslibrary_rl
442,cce97c88c999cb98865c6c684fd15732bc4491c9,roboticslibrary_rl
443,cd1ed5713dcc4997782aa7a27946b8b07df33883,roboticslibrary_rl
444,cd7a3886f930d6e94d61f92c888448753d427885,roboticslibrary_rl
445,cdaf551c19cc523dd168c45cd965bbe0dfe99032,roboticslibrary_rl
446,cdce9c27a996c082352ddaaab90441db6f51e10c,roboticslibrary_rl
447,cdfdd5328e9f84b895098a57bdb86b75e436d5ac,roboticslibrary_rl
448,ce37a03da086fb135a74254afdf2042270d55615,roboticslibrary_rl
449,cebe8773df0cffecd746f6d8e3a43854eb665709,roboticslibrary_rl
450,cf069adf69f6dbccc608ee26cfdea4c55441ebc8,roboticslibrary_rl
451,cf80459440ed2ca79d046dccf60a954be8469e26,roboticslibrary_rl
452,cf9b6b6f539754ed453bb3a5e30eec002601db9a,roboticslibrary_rl
453,cfadd10b0decfe8dd93570d35dc8b3a9bce0a9fb,roboticslibrary_rl
454,cfdc965dfa4fe4699aaa1b7cb201813491fe71e3,roboticslibrary_rl
455,d06242e356bcddcf41f659362903cc99fbbaf291,roboticslibrary_rl
456,d09fa603bfb7346b6abaa9d2c8372c00f3432d36,roboticslibrary_rl
457,d0b2712a8ef4e688072d1eecac1f91ba9171b151,roboticslibrary_rl
458,d183fba4b9337b1ff6b13472da1a5a65ee243c07,roboticslibrary_rl
459,d23dc9b460a128c33fa2b0dd41fd9ec201a6b09b,roboticslibrary_rl
460,d27451c590c730eb3ffbc625e6b3bd053b70cd65,roboticslibrary_rl
461,d2a93409906d4f8314d397eda92d309ebca90e4e,roboticslibrary_rl
462,d2af8aa382ee350b62bb45f366b29c08ee3f4dd5,roboticslibrary_rl
463,d2b5e78049cb59036679f7d88d4de4a044a9e9e5,roboticslibrary_rl
464,d2c3c49ba89909e4563d618a51f1bf5bca531659,roboticslibrary_rl
465,d301873c4bcce810b84f913d1803e4beb307160d,roboticslibrary_rl
466,d355822073e58fd8ca77d4cc6827a21acf593cd3,roboticslibrary_rl
467,d3b231f7d25ffc09186a9a69a10b602f593d7ae7,roboticslibrary_rl
468,d4cc20d13bb839f4305c70e1db971a8f5a6f1f68,roboticslibrary_rl
469,d50fcea16907e130715587e30035a396fd25b7c5,roboticslibrary_rl
470,d5ed9a355c7add3f303cb8d1bbb643eae20655d5,roboticslibrary_rl
471,d65931b54d5965d8e71a1ecdc194b46a745b2303,roboticslibrary_rl
472,d6814cceabec2a3934789b30d2423c4bd30a1169,roboticslibrary_rl
473,d6884c761e3f8afd2586d3dbeb1cb8500c7987f4,roboticslibrary_rl
474,d6ccdef46b98b82f7271004aacedf0725581a503,roboticslibrary_rl
475,d70d001db5978f51f80c7bc8a19859c0c11828d6,roboticslibrary_rl
476,d83e6f3c093e21fd27a7f3dedb41431c0c5ed417,roboticslibrary_rl
477,d934098ad02a49e2959ff7fd10b51cefbda27a7b,roboticslibrary_rl
478,d96c8b4cfdbed8ad81015f1879c27d0a79d18688,roboticslibrary_rl
479,d97b3af0fe1ccd72095ed119c77b62dcd425833b,roboticslibrary_rl
480,d9b49632ec867b86a6df56a3d609dc18564d2b2d,roboticslibrary_rl
481,d9ea63978081f6c4d719fb0a641ad9474cf6f67c,roboticslibrary_rl
482,da159a8ff5972ed6d8f63acf58b0967dac9cecc8,roboticslibrary_rl
483,da3aeee98385daea439d98612d486326e414c05a,roboticslibrary_rl
484,dae0295942f7d2d52102893da141defeb8ba1437,roboticslibrary_rl
485,daf04cb101e6b583250141a75cb0f339f4c9d6d1,roboticslibrary_rl
486,daf2eadad424c176f59b0ba837f71519e1a3d8d8,roboticslibrary_rl
487,db3499d0a454cee7436b9a56f77b3ac8fa3f8491,roboticslibrary_rl
488,db39dc01c326a9d7e454b213e8c11123fb1e4220,roboticslibrary_rl
489,dc94c8d6cc35bff89d99279a229765e79624b984,roboticslibrary_rl
490,dd2564ff36b59eeff6378c8723ea1a87562844be,roboticslibrary_rl
491,dec866055d7aac76627bf2b4cec6bb6b9cc2a643,roboticslibrary_rl
492,dedf10fd984a75a6d600d3482fcdbe0539e925b1,roboticslibrary_rl
493,df893b2dd9d04a218eb820b7f9853203f5475a46,roboticslibrary_rl
494,dfaa3990c9cf37ec10aae417bc780608cd42058e,roboticslibrary_rl
495,dfb5be7719f27f16927e7fd55045d242e97e8edd,roboticslibrary_rl
496,e069d223c2ca8d3c87d9b5880007f3c13196f3f7,roboticslibrary_rl
497,e140c7bab8d8bf0b5d86946647527af71e47ca9c,roboticslibrary_rl
498,e14a0ea28954b6092ada9b7655a4ae27920278fc,roboticslibrary_rl
499,e20b03a8e97b6619d137b07ea134b1be3862e674,roboticslibrary_rl
500,e273b13cfaf1f9971b271ef3264af02dbb78280e,roboticslibrary_rl
501,e2a83c295e5c88d0576d64b1927bdfacc20de2c0,roboticslibrary_rl
502,e356441eb8798ed442f7940ec75150eee82599c6,roboticslibrary_rl
503,e36fe25cfbf4c1c48b4d45e4390f05be3e45a9c5,roboticslibrary_rl
504,e4100314106124d2c629e3e280452c02ebd08397,roboticslibrary_rl
505,e4304b4506de162714d629e49a9b28b230f720bd,roboticslibrary_rl
506,e48c45d3a4698d892a104ef1d6d22fa1f04cec3e,roboticslibrary_rl
507,e52190b5dfe4ee23c39da4c81a16df47afc6adfc,roboticslibrary_rl
508,e5fef8aefe6f430c8e8cc83b10b3b2a36349357b,roboticslibrary_rl
509,e6302b90caa892a22d268bf8289f85d28a8b768d,roboticslibrary_rl
510,e6db11d2234075f32afad05d348ed11c61e3a786,roboticslibrary_rl
511,e8151bfebd539b1064c0cb8e5d47cf278b658925,roboticslibrary_rl
512,e829de61533b95c4ab9fcc42a49c49f15b9a05f6,roboticslibrary_rl
513,e872bd0624ddc613808d2ac896883593cb9b7879,roboticslibrary_rl
514,e88a9042b0eb9f6404c3a87f2e4813b3bcfe01e0,roboticslibrary_rl
515,e8cb75e64cff48d162497a9bb1935a4f4cb98ba1,roboticslibrary_rl
516,e92ffb4d7a4c63c4adb44f981a3ed0fda048230a,roboticslibrary_rl
517,e941fb5fd744d883cfe371470710fa36f993ee1d,roboticslibrary_rl
518,e99ec470da3d5de4d04208a964b2e69c9f094dbf,roboticslibrary_rl
519,e9dce98f0cf521de9cec62e24833b863e387721c,roboticslibrary_rl
520,ea39c5aedf787c0afa85d96b489fe65afadbee84,roboticslibrary_rl
521,eb6f35703e7ef5ca2c2aa4b7f1bda4f7b68abcbe,roboticslibrary_rl
522,ebe53b1f22b6c2054bc327b34c684c879bb7ef43,roboticslibrary_rl
523,ebe6c1b4d5b781283521d2b10b3707c53d11ddc8,roboticslibrary_rl
524,ec4bd9a4e62e559fcebc147d925c668c9cb0d5f8,roboticslibrary_rl
525,ec616275fd8876493e3a346647481c1ff3e36313,roboticslibrary_rl
526,ec74fc03684bf784ea3093109d7ab2344ef6f620,roboticslibrary_rl
527,ec7d5338cce62718d8b6666e68b9c5b51a32a495,roboticslibrary_rl
528,ec8c3799708e74ec49da9d0b80a7f0988b934901,roboticslibrary_rl
529,ed3cc5fd29568ba9c25bce44546e37a10c7caba5,roboticslibrary_rl
530,ed7e004edeb6de364435b9d7343ba98a4105b5c4,roboticslibrary_rl
531,ee1a3fc21a4e9a5a85164f58a806755145cc971d,roboticslibrary_rl
532,eed49b43635ba07e64d5e7526bc6a582a87ff234,roboticslibrary_rl
533,ef271f231293d8ad94883bc53c1bf116ff4eff9a,roboticslibrary_rl
534,ef307431bc5a83bfdf2dba6a98fd4f2847ad20a1,roboticslibrary_rl
535,ef52f66568b3c2094ebff31550e221acedf72e05,roboticslibrary_rl
536,ef7d7cf78b2d71df653eb4ba6a0106c1332ddda1,roboticslibrary_rl
537,ef7f71dc23179f5d89d06f3875fdda6d016d28f5,roboticslibrary_rl
538,f020f1f0c825390fdaa99608bbca84df361b9b2a,roboticslibrary_rl
539,f0a2825f98b3fb2c98d6f816697fd1e836bcf5dc,roboticslibrary_rl
540,f0e31e824bb2af8db7e4ed789fc7216008066d19,roboticslibrary_rl
541,f10515f0996577227fda880da324d633c3fa3c69,roboticslibrary_rl
542,f1fb5ff3b836da99d8c23e326dfb4a1599a38985,roboticslibrary_rl
543,f256972fb169df5e6d2d819a9dabaa7746a1c1e4,roboticslibrary_rl
544,f25eb2bb12d7bb4db7a1bb8b816f83332b8a3138,roboticslibrary_rl
545,f30cde2d7b4f7b0cc86f91201f7194ddc5eb9f77,roboticslibrary_rl
546,f3390ec5872def59bd282dfe2a9ed14994fda078,roboticslibrary_rl
547,f37594b3cb941920a2f2185092303c6a47825799,roboticslibrary_rl
548,f3828a0dbac370179cad0b413394b66dde10406a,roboticslibrary_rl
549,f4914320f4e12883c4dc771d94d100df1e5c3cb9,roboticslibrary_rl
550,f5795b763b2fe17d44d22ab2810137a6c3c9649b,roboticslibrary_rl
551,f5d63ddb8d0b181ed2969e019a53b163d277582d,roboticslibrary_rl
552,f5dbc15b53a2aec2b63256074808ce7d1e9c1093,roboticslibrary_rl
553,f61d6ee5250af1962d10cf85b2cae372fdcb4bcd,roboticslibrary_rl
554,f623ad9387bf827f3e2c716eaec6ea658f5d2727,roboticslibrary_rl
555,f6a0ec56b1003e7ba6a48c7af903d0012cab8d2a,roboticslibrary_rl
556,f6a2d2cda153b379624585f3bdc9b6a5cad0e443,roboticslibrary_rl
557,f6b9130c114009520cbcb317e589cf71c4a62374,roboticslibrary_rl
558,f7039941a44ba8c39e9e6cc7a63c1862d88ba770,roboticslibrary_rl
559,f767c36f161634db8eaf7f02b494fd156e85cccf,roboticslibrary_rl
560,f8342a4622ff2661fb49fb3b581640269c8e07b6,roboticslibrary_rl
561,f85ea6c605ac9684e6029496b55744e4e92b5b69,roboticslibrary_rl
562,f8a4eb8948a415658aeccdd906e2cc45d5515a33,roboticslibrary_rl
563,f948d626e98f7ddb1df6f9788bb0aded634a2a2d,roboticslibrary_rl
564,f98def905b392e54f8f8f67784a686edd2ccaba4,roboticslibrary_rl
565,f9be8a9688ea04710e2eb5aeda2105d8d30fb268,roboticslibrary_rl
566,f9bf99b11948890e6a4b0902d466d3851fd36f90,roboticslibrary_rl
567,f9e2522d242961149e577124565f01d9da035cf8,roboticslibrary_rl
568,fa6a9e5ddc5e4cc156216978f070237a42e50d6c,roboticslibrary_rl
569,fca4287e8050c49164cbe93090db839a851ae5d9,roboticslibrary_rl
570,fd1ff93820c7b360e9bf01541d548de7a5df94df,roboticslibrary_rl
571,fd51866a402f815af02b87dac50750e7fcf3bef1,roboticslibrary_rl
572,fd5f77fe6453c417606c775271442fe6597191b7,roboticslibrary_rl
573,fe99d4fee995e0cb0eff3730db637ce0f973dd44,roboticslibrary_rl
574,fea64026493026c50496b618752c550c089b0d70,roboticslibrary_rl
575,fed4a2471387f7a047ca24f27ed09347536b964b,roboticslibrary_rl
576,ff8dad495732aa0bdb170503c3d9e53cbcdf2912,roboticslibrary_rl
577,ffb00f2a0a8772e5b0e57271968f1f64f81cf3ba,roboticslibrary_rl
0,0014312065681bca53e29b3c5c587e88f4f6cc74,robelgium_msnoise
1,00167d154f88950f0795badf362b61229a5ae8c3,robelgium_msnoise
2,001d0b61d8b4cb57ea5ab9bcaf688067760a5170,robelgium_msnoise
3,0022388c9e0c02165e43091c09bc53a2c89b015a,robelgium_msnoise
4,002f87c217a0b9c9428fadffacdc11c8a3c803d8,robelgium_msnoise
5,0050003bff19faff5a6c89d861014e07f2dd6563,robelgium_msnoise
6,0095156173829b3bb9936032998eb40f5d9cced5,robelgium_msnoise
7,00adfd4026ed38becba3d86a2bb4471a3271c8c7,robelgium_msnoise
8,00dba2ad3716341e09fece4badd2649d08b08275,robelgium_msnoise
9,00dbea85905c74655e8f904908869fe2a450f8c5,robelgium_msnoise
10,011281dd7dbd576cdc3e0dd523215318a8edc87b,robelgium_msnoise
11,0128978e8310a09328fb75836ea16ca40ffe9035,robelgium_msnoise
12,014a5a5260f9101bfbbc393f758ce573761f5049,robelgium_msnoise
13,0158b00eac622c4c5e75b27119248c1ad2fdf6aa,robelgium_msnoise
14,0164704a850583edd566479045b732636d634661,robelgium_msnoise
15,01b72d1746d1064329989d475732da7f022093ea,robelgium_msnoise
16,01cb3e5de41cd2379f65d8cc2cd14b1a768f0b4a,robelgium_msnoise
17,01d8a3c63cb4e5b9adf49697da2f036decde95cb,robelgium_msnoise
18,01e4718e072384fdd600435054b7915f3cbea71b,robelgium_msnoise
19,01eb1cce8901f170b47d46c7ca84d7a72497e124,robelgium_msnoise
20,024e9742dc4126237c5db2582e7530334804a034,robelgium_msnoise
21,026362eef5459f7ea1743e49a8fc4fdc456173fc,robelgium_msnoise
22,026d9cea9163fc6b2644382f716372e8c0a26746,robelgium_msnoise
23,027ba2ff4f1365a2c3f3d8f5e6603ad5b14dbe96,robelgium_msnoise
24,029c95f56ec4a809c78fd349caf872de66d3db0d,robelgium_msnoise
25,02acd06eda4aa220ab65e5229ab4635dc533ec7a,robelgium_msnoise
26,02cd5079ec97163bda8d5cbf592ccd8b850801de,robelgium_msnoise
27,02e622e282c3912a0c8d1c893ff5235aff948979,robelgium_msnoise
28,02eb9bd3051cdc47ad70367e848ddc2df4d5c45f,robelgium_msnoise
29,031a960688540338eeeed46d51b09fa797ad236e,robelgium_msnoise
30,032cac8f87527d318bcfc6bad656f750adde0c30,robelgium_msnoise
31,0337082fc55c4a777407f9a85e11dcd27c3eed1b,robelgium_msnoise
32,0350486e92852bd242d01b7ffcca180ef8de2b58,robelgium_msnoise
33,03536b1c7e6786676aed3dad8a77c3549299421f,robelgium_msnoise
34,0363fa30e362e29495abf1e8993342bf9bdf9e16,robelgium_msnoise
35,037ab43f7e311e393bc69908ec8844901a40a532,robelgium_msnoise
36,037e783f4ad0fa79c27584f5aa5b7a4a5bc3ff7c,robelgium_msnoise
37,03bdf76fe46526bda3e6093022394e33dbeab8c9,robelgium_msnoise
38,03d89a50d213e7f10196f68fe32ce818f8318ada,robelgium_msnoise
39,03de1fea87037b5abccda270f20eac270bd06720,robelgium_msnoise
40,04066495b638eb704a1d5b27e6a7b55a8b7d39ef,robelgium_msnoise
41,040c2fe74b3b90db9c8221bcfc05e05b66052dcf,robelgium_msnoise
42,04654940c2245bbb0e8b3ceae56abfa457d2c33a,robelgium_msnoise
43,047aa10b92148dace0eaa9fc2a105d1168c8372a,robelgium_msnoise
44,048034a639b1add4c47f29e144e083db97fb265c,robelgium_msnoise
45,048639daf79c679bdbd6b3360b8d8b84f24708e8,robelgium_msnoise
46,04b4584da72010eeb9bf804343f787a1b2ca2a36,robelgium_msnoise
47,04b7422c531c27415cea042f7ad12bd7c9ded5ec,robelgium_msnoise
48,04c4da9e48b20cea47cb794ac8c0f7d3896bae48,robelgium_msnoise
49,050cdb20be752685e222cfb57a9116228f387915,robelgium_msnoise
50,0513e55e7f23410864addc4115827f23b66683ce,robelgium_msnoise
51,0532e4ad28ec8d982ff024e530bf8527d6334c31,robelgium_msnoise
52,0535a5699bc2ba5a30181ca9fbaf3c09355e30aa,robelgium_msnoise
53,05365e6159cd765a769ca5094b7ace00a5fe56fc,robelgium_msnoise
54,05434451169d4049c99e79b6016aa6f741bc5892,robelgium_msnoise
55,05659a720991c1a517cc1413aaf61cf52ecca595,robelgium_msnoise
56,057323e5b5dd4b7e187b2998936cc28342d39feb,robelgium_msnoise
57,058a57217e9b3a8ded7953582e242a57dba68e9c,robelgium_msnoise
58,05a4561a4e44f3249e9a50b3f68fc79fffa1214f,robelgium_msnoise
59,05d5bca398f48f4beab0e824aea22a8a990b8c57,robelgium_msnoise
60,0618beb00b6335194f3306f7ee5bc4cbc5fd7c33,robelgium_msnoise
61,0630f9e030ac2fcd3ef25304121f8636eb5e72b9,robelgium_msnoise
62,064b7b053ad2a60fccdd8d0d841342873d230e6c,robelgium_msnoise
63,064c8d9a2cf1380e9b1c814653f9a151c89aefcc,robelgium_msnoise
64,065a22a29f133ffb71729f7aee7e21fa77ac4dcd,robelgium_msnoise
65,0670e4f416fe5e1edb0b48edd18eb2c0a9e560ab,robelgium_msnoise
66,06725f434b3fa0412cec671dab08f2980f98bada,robelgium_msnoise
67,0676a815382a6984a98958a53bb772117a8b017d,robelgium_msnoise
68,068ae5c7c31c31f55aae35caeba92a27f0dec8b5,robelgium_msnoise
69,069fba260f13aea1782c5ab9ea88b0e4d7e39e36,robelgium_msnoise
70,069ff47f4c5d90d9c7717ce8a99a3edd1aaca0f5,robelgium_msnoise
71,06a340a68f0115de4ae463825b9831a808c321bf,robelgium_msnoise
72,06eea642beed6e474eea05bceadf70a1eda78982,robelgium_msnoise
73,0715043ad029631c46dfe31b2576cb71cd002c1f,robelgium_msnoise
74,0738bfe729ca137e4a899efe4076cb6619a1360a,robelgium_msnoise
75,076c578dbf49e8340476b8463e022043bc4264ae,robelgium_msnoise
76,07bdabb9e3be556cee97a0a0b2a6b5feb0610318,robelgium_msnoise
77,07cd5ffb0676b7cedffd7c427591d41203256d2e,robelgium_msnoise
78,082ecfa7d1d8cc44cb0cd8b93ca4fef2f751541a,robelgium_msnoise
79,085d317c13f3b64fa8c1a2f78e6663aa311cc05a,robelgium_msnoise
80,085ea67b2f1caf956e6a41774492f21ccfaf62c1,robelgium_msnoise
81,0887a516b429383cb5fadddb2a8e106662942fd9,robelgium_msnoise
82,0897e7a9dd0a9c50e815cf12e806a78c7d6b55b1,robelgium_msnoise
83,089a448c24116b814435a93fc0033f4df554733e,robelgium_msnoise
84,08ac47202e684816935d3b27ad7153c8c43cf5cf,robelgium_msnoise
85,08e73c695df891a482ac07632b29d3df586caa1c,robelgium_msnoise
86,08e83b55e44e8e08eb6842848dc5e4c0f1d4dd25,robelgium_msnoise
87,08f802b7381329b17b6219b0815bdbe1badbc858,robelgium_msnoise
88,0911593b83c09ff0546b2288525483dc0354ae19,robelgium_msnoise
89,091445f7d1bf1be886c476118d2152552455a70b,robelgium_msnoise
90,09428155a67c4eb880a67f3befdf77aa22fca8e3,robelgium_msnoise
91,0981ca69128559f074d425517e44510bda1afa14,robelgium_msnoise
92,09873c7ee789160c53224612ccb30f43b279110b,robelgium_msnoise
93,098a41716b16226cc3b0b9a9ac6cf7cee7e4ac5b,robelgium_msnoise
94,0992f96ef7e6199002599a1d52c2e2c3d0c5c552,robelgium_msnoise
95,09a8967f659e3ab3b28473421d5407614a109452,robelgium_msnoise
96,09c1782c6cb8fb5b1c7935f7bf4cb5919da7c092,robelgium_msnoise
97,0a2813f0cb6683186caba46f0cf490fa0e709a88,robelgium_msnoise
98,0a4b23df11753cbf01989294827930937e7691c6,robelgium_msnoise
99,0a4f494eb7f4f2c4396006fc9cfc3c1ae44243d1,robelgium_msnoise
100,0a539e0648c5aa0da7f8af8b0cf74099b5988b3e,robelgium_msnoise
101,0a726c406bb9d7a6c142a22f035f9a6fd6d25033,robelgium_msnoise
102,0a8a5a8acd9e8a5429a5631ce82a0eb383f0b17d,robelgium_msnoise
103,0aa77f71ea6fa703abdb3349b52a0a2ab302138e,robelgium_msnoise
104,0b03cc5e34004a56b158230e5b7d15d7d0242a77,robelgium_msnoise
105,0b0edb43817d3909dfb0a18f9c13d7c0d55dbbe5,robelgium_msnoise
106,0b1259a716abeda2a2fd0cbb0e1d0633cf3c5411,robelgium_msnoise
107,0b3d1e4510e585971ea3bb9c5d4fa3548bdb7555,robelgium_msnoise
108,0b537eb265928e9bac18b39400e8d6a79e902c94,robelgium_msnoise
109,0b55cd5a02a3d14b6caddf8abd0aa7991da661a6,robelgium_msnoise
110,0b82f6b9b2dedd1f3ec57eeae5c385735112b26a,robelgium_msnoise
111,0be8bcb9aa8ea74a6704204e201b57adea45d8fb,robelgium_msnoise
112,0bedf2547f8fe204185bf32a2c65ca6acff8fc7b,robelgium_msnoise
113,0bf75ec70d74dd4a8b87a120ae725f97102c798a,robelgium_msnoise
114,0c1c4845cc93238b3b6d58d9c4f583f008d16136,robelgium_msnoise
115,0c2bdd18916d628e7f2a85d8f16503cdf566adf6,robelgium_msnoise
116,0c41c8783925f9153d0027ecd53c0edabee744f4,robelgium_msnoise
117,0c8a3ba29617662c37eb6640c0c771b06c0d403b,robelgium_msnoise
118,0c8dd81b22fa600cb64d58819fbe37da11afdf8e,robelgium_msnoise
119,0c9830100f84d61c181cdd87cab763be2772746b,robelgium_msnoise
120,0c98a10d167c5230944eb8d014b43d7bea36cf96,robelgium_msnoise
121,0cb921c258a246a96005524c6cf3ab36dc901336,robelgium_msnoise
122,0d6673c2cb4fbb3168e1d43dffa04bf1544588d9,robelgium_msnoise
123,0d7e3b8ee055ca34331bbc00abc8a5f50371b759,robelgium_msnoise
124,0dca3cfe101c56f3ed8f6e53741285709ab58f30,robelgium_msnoise
125,0e3dc0007f612bffdc166cdb6ab5ad45a0af09a2,robelgium_msnoise
126,0e68ffd0e1b99a96ff2ff79f795e1200cec1197a,robelgium_msnoise
127,0e716224dd7157f13379ab13095291968c02512d,robelgium_msnoise
128,0ea47df1bc3551660eca1471fc0e34a9abdca5a3,robelgium_msnoise
129,0eaf91ba64c1db8f972d3e2fc0091d3d621b1264,robelgium_msnoise
130,0ed96e4479b1689307bbebeed2668bc419f3340a,robelgium_msnoise
131,0f324a5e67cce3c70370845b3997cfc006bc4c18,robelgium_msnoise
132,0f7746585ddc1c3b67f10880de9cc69380be62a9,robelgium_msnoise
133,0fab9dfc6eefb90200f9f5c1436ee44d5c34fe95,robelgium_msnoise
134,0fb1ef354b3d4e8a437fc6cde15e2a847f69c5af,robelgium_msnoise
135,0fdf1855de47af88cf9f37ebb5f6a7f9b0b4e75e,robelgium_msnoise
136,0ff605b8bdc098d7ab6a862d436180f02f016d3d,robelgium_msnoise
137,104f035ef4bb9e9212b6bdf480107bf5c3951dab,robelgium_msnoise
138,1079ad7463a374062dab82d63ef5389d95759d1e,robelgium_msnoise
139,115805fcf20bf81aea7a58f10983e6f535945408,robelgium_msnoise
140,116d4ad2d805102ce4135616959ff2754add9245,robelgium_msnoise
141,11b305687f97ab12b3c82988a61d523a3ffbf3e0,robelgium_msnoise
142,11c725fb44b6a7930aa5ba3b31afb032e58ffc39,robelgium_msnoise
143,11cdfe326a379e047160a86080bc946c08bb68dd,robelgium_msnoise
144,11d55acdb71c06b0e3f692062ef460a4b12cc6b3,robelgium_msnoise
145,11ebc160469914405d3faa9af26224efc6da0f5b,robelgium_msnoise
146,12406f7ba43414232597055df14d15a9afd9ba0c,robelgium_msnoise
147,1243ddc63aac23abbb1968d19ed46e642fe5f661,robelgium_msnoise
148,12700841dccbbca18f2edd6c5b558f207e463c06,robelgium_msnoise
149,129e2fd82657a3e5ed8472d57ceb9094c768cfe2,robelgium_msnoise
150,12a6ce12a74c9b39ec5337d2517b3ef176f65580,robelgium_msnoise
151,12af69c8d449997269f7c1b4a60c0ebaeca4c364,robelgium_msnoise
152,12c2a2d982e16108a0acac99794cbb0ae9bd9d07,robelgium_msnoise
153,12c761c0eb45450dce491ad514e9696a5f8b8cd3,robelgium_msnoise
154,12d16adc0d41ea2d6ccb6e93058992f9a7d185f6,robelgium_msnoise
155,12d8f032e25632c15be7c195c7defe6bab395f4e,robelgium_msnoise
156,12eb9ffb288bdfa29ac72f3039a73553a618bb71,robelgium_msnoise
157,12f65364d1758c40d37b034840398f0e4fce549a,robelgium_msnoise
158,1301b81439c8468d1ff230720b99f5b10d528dd2,robelgium_msnoise
159,130387eb197d3c6f06121be12667ea7720c42c27,robelgium_msnoise
160,133cd40ebcb8bd488fc6fdea6a4b3bc1b23ab298,robelgium_msnoise
161,13432d11e22c339575cd29a0525f9ca11e7ed287,robelgium_msnoise
162,1343b64c032d68726422470cfa7e32693bc958ab,robelgium_msnoise
163,136c44f4f1b82bd7d744de14b5fd0e413ef8bbe8,robelgium_msnoise
164,13966087f7676cedc08fc9d22c385f1b7d89b1bf,robelgium_msnoise
165,13d6d1bd2098380902b2196536bfc1617ff1c8d8,robelgium_msnoise
166,143740030fe2b4e107579efb670c6cafc4ff6f3a,robelgium_msnoise
167,149a7819d3354cbcb7c9b6fb42038a40fc285866,robelgium_msnoise
168,14bc24a3d524e0bd2d9736d0002cc353d191572a,robelgium_msnoise
169,14cb749f4b1f5d2e19e88a5eac42739c708f586a,robelgium_msnoise
170,151685623fb108523d46007c820d782777dcbfb1,robelgium_msnoise
171,153d6ac66e960e576e0c1e5db7de6d632ff99cb9,robelgium_msnoise
172,1550879075efb77124fee2a16590e69cdbd03480,robelgium_msnoise
173,1577e0d3e3d5f62679078f0315677a159627283d,robelgium_msnoise
174,159b483444201e7e7661b20eba59db38f76a7727,robelgium_msnoise
175,15a806eb57421ab832f2f87e07a8fd06d37c126c,robelgium_msnoise
176,15d249a47c28b4abeef75f1346244bd7e349d810,robelgium_msnoise
177,164f23faa532624fec364361311be604b550e2e1,robelgium_msnoise
178,1696c485836ccd09e97b8672fa995ed83b3addad,robelgium_msnoise
179,16a7f09b4e2b32116f9e835583411f870e400701,robelgium_msnoise
180,16f5f96e2091b13938d32084a33e938e0c3e128b,robelgium_msnoise
181,1728f1dc63c74731d110f0c9c392b8304768a3c5,robelgium_msnoise
182,176f2a7db267a09a91d184ed219169bc9b4c952d,robelgium_msnoise
183,177521f96a75f542de19728f3a875872f48fb7fa,robelgium_msnoise
184,17a5703d4e944820bf6db7e5614177f7a2c7fdfe,robelgium_msnoise
185,17ad2fbcae6910dff1384aeb3e4d5023aec08665,robelgium_msnoise
186,17b3b9d9999bb6a3a3fa7ff08688480c748e75b1,robelgium_msnoise
187,18066655b7859249a6fce857712c82bf1b5c88ad,robelgium_msnoise
188,1833d92a2519fcd3c48e954b08137fcd0e139fa3,robelgium_msnoise
189,1875da53b45c494783894e79f4610639b1cb26ac,robelgium_msnoise
190,1899ab51828909df24276361a2af6b220151d475,robelgium_msnoise
191,18a88ee2588a9886da6aff3698f1214a8e6b7654,robelgium_msnoise
192,18e9d0ecc0d98df4b8e2cb5123ef92f1ab7f2569,robelgium_msnoise
193,18fbb6e2afe2827dfd9843bba20a36580e4b93a3,robelgium_msnoise
194,18ff87b428219003639ee2cc90f4f27543637731,robelgium_msnoise
195,190552b86f0a32363574246d0ceae6b2430c2fed,robelgium_msnoise
196,19251bdc1c3368b5fc77b4de10306340cf77e830,robelgium_msnoise
197,1945553b431a606d9291286e2353acc867d50516,robelgium_msnoise
198,194d82e5f340eedb3919b4d958dd133112965f46,robelgium_msnoise
199,196e61b4385e90601027432b4d1ba5084880e70d,robelgium_msnoise
200,19758fd7cb0133b81ce79f09e678ecb4459508d9,robelgium_msnoise
201,1985e359843c0aee7e4f3dde740060b36ed94faf,robelgium_msnoise
202,19c4ce4740458c0e7379a250081663e898cebc55,robelgium_msnoise
203,19d4a7a066015ea4f2f400827431d60bc9fd870f,robelgium_msnoise
204,19ed2b131f6d3db2600d5c570a557aed8a480334,robelgium_msnoise
205,19ff68fc97b283de9654cfb0f6558a9ac53f0b31,robelgium_msnoise
206,1a03eae96f84439675c985854f17a3f7e21ac652,robelgium_msnoise
207,1a227b0b82976e483fed83f4b3ad01ff96b2e777,robelgium_msnoise
208,1a642fd9fbb95199c8f2d65f8782bc62fb58200a,robelgium_msnoise
209,1a6de4be6c22389e211b3b74ef095262e62750fa,robelgium_msnoise
210,1a785901abc07030f5af7f55ac45ebb06d0b167a,robelgium_msnoise
211,1a90f3e1e74dea0a581ca58f7af8960df070bdd1,robelgium_msnoise
212,1a92add316d0d5beab98f05e037ca6de5846b19f,robelgium_msnoise
213,1a9869b1bf9a56aaccc7ad7559af373ae87d0722,robelgium_msnoise
214,1abc2901d656b96fc44b42c3f7b7009f5e11768d,robelgium_msnoise
215,1ad6c9c007d387a8d23e2c24ac7062a45c0ad4c2,robelgium_msnoise
216,1b22ac5ac7a4eebd434b69fd5c9960d79e4fb0c5,robelgium_msnoise
217,1b7973e6cc9c5ef0d91ce09a45a4248927042a95,robelgium_msnoise
218,1b8989180f30277b7ef050acf4756c3f1f082639,robelgium_msnoise
219,1bb9957866434ae1abff89188c6da261862c6bc6,robelgium_msnoise
220,1bbb434c7d8e708cbad2d50c01ed7704a7c7da58,robelgium_msnoise
221,1bea93fe372f429fc22e5074e6d541943da277a4,robelgium_msnoise
222,1c067c70630658754a3ed549aad2a47e3cdd5113,robelgium_msnoise
223,1c27da8ae5d7931238ee63f2c3dae6139bbd391c,robelgium_msnoise
224,1c336475b03c4f785cb97d698ea1e22cc730ac52,robelgium_msnoise
225,1c68160cd5d3e769b766597ff146e1fd5e16cf6a,robelgium_msnoise
226,1cb24d4c4f282d02b032171725e96e7662e96758,robelgium_msnoise
227,1cb3fdfb2a5e8bb1b7005d8bc7f29487c4413dc9,robelgium_msnoise
228,1cd15a8602f966c916d48a287b5f939c50d65ab3,robelgium_msnoise
229,1ce8fb5505b20305413916bc829c9ac4abc749df,robelgium_msnoise
230,1d06b6a53745a082bcddae1a06ac2e81bb540d0d,robelgium_msnoise
231,1d0aea41fd6f9b6365fdbb05dd82b05501dff868,robelgium_msnoise
232,1d1c36f5b156d929b09642b31be5764652e2bfe5,robelgium_msnoise
233,1d3a52a13d8f1630a5cc1dd9497073b7e7322867,robelgium_msnoise
234,1d65d3a5b10451c3264dfa8a6b45f32e07019514,robelgium_msnoise
235,1d6bf5c2fba6cdd26ec688ae41d3f22a135d0ccb,robelgium_msnoise
236,1d74163b2f5d40db480f69a66a6857cd5646fa83,robelgium_msnoise
237,1da76a101892b2d497b2e10f7f84c961402261f8,robelgium_msnoise
238,1dec12c70ec2f3a75664122b7aed96571dccdb74,robelgium_msnoise
239,1df58ed9baf195b1d2ee5c8ed53e463ddcdfc693,robelgium_msnoise
240,1e227c5a020f94286712f9bbde2e4e817e44e707,robelgium_msnoise
241,1e3a662e703764b45089cc5e23006442be2ef312,robelgium_msnoise
242,1e6a4e79e2f8ea1627eeee742f3615e2109fac26,robelgium_msnoise
243,1e7f82d2817a2d618a69b121df77605c8c84a089,robelgium_msnoise
244,1e9effec7bee7edca8d73e57fd180aa32f6eafec,robelgium_msnoise
245,1ea55079c3d3613d0d64ed8a63e6a3100b6cf725,robelgium_msnoise
246,1ea75331b2f47848ee648dd96443ad5235c5797d,robelgium_msnoise
247,1ec544cfd4d0acef33e26d5bd24253f7eb507622,robelgium_msnoise
248,1f2b68f85b6ef3b8b1defaf90b259b40b64f2132,robelgium_msnoise
249,1f50e620fc69c690c3146dd8a0b192778bd2af68,robelgium_msnoise
250,1f72a9d0b3f9bdafb6295df20b4f77b4ec776159,robelgium_msnoise
251,1f9130b16292ece29125f6070429856fbc321591,robelgium_msnoise
252,1f9eb1184b09ce05d8d571c426d8cc3081774748,robelgium_msnoise
253,1fa7939162f69224f27b2d4e57a86f67caff0b6a,robelgium_msnoise
254,1fb064c94faceccf737d5579e9b5df8a59799751,robelgium_msnoise
255,202070e8652f9ced2078d1b1f649f1cfedf6275a,robelgium_msnoise
256,20581cbe8045492ebea8a813c6b12716b3ea536c,robelgium_msnoise
257,20e42e9abdc541e8609de20a80a09b7ca8e5180e,robelgium_msnoise
258,213476a84030cce125f1638329f583124b390601,robelgium_msnoise
259,214459e018e8448e923d11fe55053ed2d9fbb6d0,robelgium_msnoise
260,21cc7fdee65e5f341ab261e31f9f23ccbc82c07d,robelgium_msnoise
261,21e2ab7f74bb933c3674019343f1b86fb76c7304,robelgium_msnoise
262,21e8f5153115c5134f5ceb07a1325c51cf002134,robelgium_msnoise
263,21f92ee79b95ebd359927fdbedefd7133aad2965,robelgium_msnoise
264,2209ddad2f0a8958bc23be87ba3ab8e978e6cca6,robelgium_msnoise
265,220b0958af81e4c83f2203fbaa5bc72a180de68a,robelgium_msnoise
266,22c28b51fcb82681c0f936821a4474fd7672eade,robelgium_msnoise
267,22c4562deec27075d182a992d2e7d459d3aa8ce7,robelgium_msnoise
268,22fd89bbf9f3a6aa1442a6834c8500b8cb85e7c4,robelgium_msnoise
269,2301439be1b9aca105d82cf4b47c4952f0f8ba2b,robelgium_msnoise
270,2319ea8926eac4274e4d6b71264f81390763b226,robelgium_msnoise
271,232715997074e6ffaa587f53f3cd1ca4e799172c,robelgium_msnoise
272,232eb6ce6960791fcf81ecb0d2b30c830142b76e,robelgium_msnoise
273,2344eeab31ba737e21d2fdbb82d859b5d79703c1,robelgium_msnoise
274,23569652672da222c3a012230064a0a441e7b7cf,robelgium_msnoise
275,235c03aefce0dfeb791e5a38ce91d700479c17fe,robelgium_msnoise
276,23b2978001a58af7a101637e6ca5b5cf9030f69e,robelgium_msnoise
277,23fd5029cff7c34b64143f42bf4914c8b82cb1aa,robelgium_msnoise
278,240252d845214e0208bdb2d6dd4f3086e8b82f37,robelgium_msnoise
279,240c1ae5e1f1300e675627ef2a29090128c990e0,robelgium_msnoise
280,241b9fbd6e6828f1d5acba272497b0d89e85f7bb,robelgium_msnoise
281,24415da5e7bd46afb7fdfdcb7b2b9b72b267d00e,robelgium_msnoise
282,248122d05a0e020044f311ff7088440a3d575135,robelgium_msnoise
283,24a328678e967ab344e58c4d6fd00570133b9c10,robelgium_msnoise
284,24dc6c2d523b86f8a017d991340d142a10651d49,robelgium_msnoise
285,24ee31b77d08a57d68febf046b2e1ccb23a0f751,robelgium_msnoise
286,2518014d5e07cd81bad913056f9e62d38a9634f4,robelgium_msnoise
287,251ca50c78ce855173c867becde9c2e23d989368,robelgium_msnoise
288,258924c53cd2d861e3d231643ffbc52edaac64d8,robelgium_msnoise
289,25a4883749e198117b5608db3bafe4b5ac27ec00,robelgium_msnoise
290,25cffc328b7afb7d40d3ab80e389611f358ebdce,robelgium_msnoise
291,25d271df02c1ba0583bffaee1225943608107b43,robelgium_msnoise
292,25f0f1e97543d38c927525f766689df27868a747,robelgium_msnoise
293,25f2d02dc0f0d49599ffb47ba6eb7e6199b5621e,robelgium_msnoise
294,260e6da23d179737e3323642bea20fa67deb4a23,robelgium_msnoise
295,261e2d962f1b4e8686c7705bd93695698b798ee7,robelgium_msnoise
296,2675a06ce54c310ea80eb5989afe5a294d6c7d18,robelgium_msnoise
297,267e673fa08f76bf8b3fdc4de0443201bbb4ca48,robelgium_msnoise
298,269927f1a9b4a795646938d8e8988e1fe5552710,robelgium_msnoise
299,269fc45909712ceb6e87ba3ed31de17e06541eb3,robelgium_msnoise
300,26d5a41b5dce7adf074b93579311643fd704f82d,robelgium_msnoise
301,26db89ba5a190b1a9dabefed21d44bd5e98d768b,robelgium_msnoise
302,27188a6e23b2a0c74f816617686d3da32472e4db,robelgium_msnoise
303,271dd44eb90740af13cf8191adbf690fcdff2c95,robelgium_msnoise
304,27218f07a7f7d7e3d8cfe8d550d71188c863f00a,robelgium_msnoise
305,275bedb4f93eea3ac198ea8dc3a70025256cfad9,robelgium_msnoise
306,27749e2914b30b1ab8278054645677444f10e309,robelgium_msnoise
307,278d295cf5fddf072c0168fd834d8bc7181c6117,robelgium_msnoise
308,278f867ec8be49074c31ebdd14e0160a2b0a03a1,robelgium_msnoise
309,27c7f3fcead72a803c03a2f117c8440324179e8d,robelgium_msnoise
310,27e4c59285de4d5b52684da4bc3302aad67fb9cc,robelgium_msnoise
311,2818c0a99c048c96bf884e8231970fe00cc82402,robelgium_msnoise
312,281acf3a51cb9d13cccb0f8825ec207ecb7445ec,robelgium_msnoise
313,2822ce738361cdc134aa7585e863df415d4c31f6,robelgium_msnoise
314,284dedb6fd7d32f2c177e6eacb5eb6e7b984fb21,robelgium_msnoise
315,28934ba504b53e8ba187d8beca4821beffd7b76d,robelgium_msnoise
316,28ab3055c3670179d544c1031726459a218e8733,robelgium_msnoise
317,28c2a816bae429eb518594c87265e5048d9b4b6c,robelgium_msnoise
318,28d929268dda30185943b5bbeee986eb65fd06a9,robelgium_msnoise
319,28f9c688aed45f0b6eea336287d7e2bd50e5f414,robelgium_msnoise
320,29176abd706da33248bdff2d4cdf18057c4e7aba,robelgium_msnoise
321,2953d51f35e5a7b6188385fa403332429a87ef4b,robelgium_msnoise
322,295fe370dd3f945a481f346a2858e04d47a17ecd,robelgium_msnoise
323,2982dd9e9ebd302c7b1cb6b5698fe3c4fe460c99,robelgium_msnoise
324,29a0e1ea7b010517ec13e07d94e170bd78bd7070,robelgium_msnoise
325,29c5b71ee20336a281bd5a1fe2d540feeb28abd9,robelgium_msnoise
326,29dfc08b3dcf1b1bb9528356589af8bfdc79a760,robelgium_msnoise
327,2a064e7fd820c5567a2849d232c0e0b7176e3ab4,robelgium_msnoise
328,2a1fbfe5b9ee10ed981350db15f5536bc696936c,robelgium_msnoise
329,2a25565230ddc6a5abe6ab3f5e9e2fae96b35ff1,robelgium_msnoise
330,2a30222f9b218b61ab41bcae0c0ccdfcbba4bce9,robelgium_msnoise
331,2a412bfe20b48703b9a809644f038258ede52a90,robelgium_msnoise
332,2a434951b9b0741f7980489d19d9d73792fb3289,robelgium_msnoise
333,2a88967882393f770eafbcc50793ff54df285e34,robelgium_msnoise
334,2a936907017efd4288e6cff42581b7fe63c57b8d,robelgium_msnoise
335,2aa8acbee5aef2c8cfbf6a92b55031d602d4fa19,robelgium_msnoise
336,2ac74a07ebdaccfdcf8f1176ce9de798115864e9,robelgium_msnoise
337,2aecac94fc50fe65972ffb5a33251cb1798177b5,robelgium_msnoise
338,2b348bfef818bb60c0c567200c1671bded2d0dc5,robelgium_msnoise
339,2b3597a1669537cea774890d85c2055e4e8585d5,robelgium_msnoise
340,2b39e9a12d4c3b8a991585269b8f5aa731035250,robelgium_msnoise
341,2b62ee1f932310c2f71671fcec51b5b704e65441,robelgium_msnoise
342,2b7ae1f96357844a4c52d89e0a90c3f5e47a0d40,robelgium_msnoise
343,2b83e66a74cecbf9c56a83385d826f57c3de4f30,robelgium_msnoise
344,2b9c5b11c5ed808b1ace993a58682872fb3bc89d,robelgium_msnoise
345,2ba52bb25588461487b7b1693087f40194e0b39b,robelgium_msnoise
346,2bc63b9064b7fd8f73f24455261ca88198ae04a6,robelgium_msnoise
347,2bccd07995f366aaea47c636cfadf6bc968d59b1,robelgium_msnoise
348,2bf6b2ce15d1aef5aead6ea309bbfda0dd8b65d8,robelgium_msnoise
349,2bffce55c09fbaed2ed6907503ed1e12ae7be537,robelgium_msnoise
350,2c0119e3acc6141d7ef90253adf7181a249a3ebb,robelgium_msnoise
351,2c0a3f8bc09b08cbc4503b09f1ec9b03d5217968,robelgium_msnoise
352,2c2b0fb959f622c617f047c20f30a533c4f1f391,robelgium_msnoise
353,2c2fb1876d22155097aaedbc7a3145abf1ed2367,robelgium_msnoise
354,2c5358ea91807004816a7cc33cbb0b2067efb7dd,robelgium_msnoise
355,2c66615359296df2bd373f89021ac2b90a104d93,robelgium_msnoise
356,2c94c1c7176d29cb75674bcc6af27ae1c3ddf330,robelgium_msnoise
357,2ce1380523722066da43edb7512bfbbc1ebc6f00,robelgium_msnoise
358,2ce407b57380a120fc308967c05f5f399bad6bb2,robelgium_msnoise
359,2d3aa2d1808a6f9077aa354b25e5be2019e492db,robelgium_msnoise
360,2d5c409e49065b38644ac7aecf59fd9a5bce6f11,robelgium_msnoise
361,2d6b23ecbd878f685876254f54cea2ae580dc0cc,robelgium_msnoise
362,2d862291227964e1bc03c0cd2f29df17efb2677e,robelgium_msnoise
363,2d93e9abe02e396d1176dcee123bcb8487732221,robelgium_msnoise
364,2db081600daf1ef4478f9ea9070fe7e6d8af1e4c,robelgium_msnoise
365,2dd41b7a019fc5bc082d1be12ef80c486a49e77f,robelgium_msnoise
366,2ddcee280c2e5c919be17eb23552d902f41f306a,robelgium_msnoise
367,2de9a5367969e796cf847fed2772b6aeb5799adb,robelgium_msnoise
368,2e0904c107630af431e0d69170794e10038b0e01,robelgium_msnoise
369,2e162156e26240105b5450f6d52a4be79522eb24,robelgium_msnoise
370,2e2c8d109b83b650bf53a443bd9209535ac62252,robelgium_msnoise
371,2e7f90dd2112ab9b84aa490546d72e40f81b9126,robelgium_msnoise
372,2ea5fab90bdcbab0bf1daea2ef6400de38e9536c,robelgium_msnoise
373,2eae1ddf82fc5354e52ec7001b04988f48dcba6e,robelgium_msnoise
374,2ebbedf5d87587382eb116cb6fa38d66a32391da,robelgium_msnoise
375,2ed1064a6bd7f8876c29de3136352b2e79c8a556,robelgium_msnoise
376,2ef4812ea7442a4403de0dfaeae4d79e632a7c8d,robelgium_msnoise
377,2f3767491aefdc5eb7a9b2dd9882d6179ab37cb2,robelgium_msnoise
378,2f4438b9ac3105298bbbf8c394bf7c6f0d8cdfe1,robelgium_msnoise
379,2fae938b840a5f46ec5c67fc33c821ac6e07098e,robelgium_msnoise
380,2fc9365a8ce4a6b6040a4ee257f0b9bd77dba936,robelgium_msnoise
381,2fcb7bdf71cbdef89e392e8f9bc2b0aa07a67bed,robelgium_msnoise
382,30379eab38ced8df650fd2be6a5d766fe1299c01,robelgium_msnoise
383,303a89e14d5cfd377e58051f54013c1c205be6c3,robelgium_msnoise
384,303da0f9b9b55436651ef95287336425a5161b61,robelgium_msnoise
385,30664789f64f475ed780623641a6a913365ca484,robelgium_msnoise
386,3069225d83830695ce16cc605bf9664f684c4cf0,robelgium_msnoise
387,3076d2da4acd0f349958dd6263958525d625413c,robelgium_msnoise
388,30ceced9f967170eda53d312cc90c202d66bbd9d,robelgium_msnoise
389,30cfad0bc90202da2c2a2a1e571e7e6836302a04,robelgium_msnoise
390,313b8aa6339b6d5165bae0593ed534cfa6d37021,robelgium_msnoise
391,314d7b0fffe32533969ce35d9cd8b99ac9c7c219,robelgium_msnoise
392,3177738982042b19ba7e3332826e0c99b4fd6b24,robelgium_msnoise
393,317f0bbe9f65bd563bcbfd61063697d606680400,robelgium_msnoise
394,3192b19a5d3dbbbb78cb5d68fb20c7ff7f23a694,robelgium_msnoise
395,31a27f0ca0444b50d319c73459cbef3b142523f3,robelgium_msnoise
396,31abab5f9ce05e2f32779e0bdb3ef7822858aabc,robelgium_msnoise
397,31af3cf3605c3d3c02a48b2d1ac4555ce48cbb65,robelgium_msnoise
398,31b6a4da56ac12bdbe30c832bdff85dc5a79384b,robelgium_msnoise
399,31dc4c6a429fb4c0a1be5c374e746267b7b82310,robelgium_msnoise
400,31e85655db91f0729f2768524312306ea576e219,robelgium_msnoise
401,31f5fa5bcdfa1b73cfddf04d6627295ce6ebeea2,robelgium_msnoise
402,320425608d23d31ee531ff7e353fbac3def648a7,robelgium_msnoise
403,3210e1684d1cff5771e70b610040083e2828ba2a,robelgium_msnoise
404,321f7a4181c8d0c4231ab38f75edc8c9d49cdf76,robelgium_msnoise
405,32223b5ee52aa1c695c57fb094e36cc75ca4c342,robelgium_msnoise
406,3224164ccda6568f0b1af51c6d21ab6c6207df20,robelgium_msnoise
407,323c53d2e2edf1e18b562d329d02ee5e08f55838,robelgium_msnoise
408,32ee32604082ea60c4b4b1cd789038ffd2ecdc92,robelgium_msnoise
409,32f7be10b0b5405d256bc91c6bef3d8f939fec99,robelgium_msnoise
410,3306f1e1dfcd1a824823db262a9130013a01f16f,robelgium_msnoise
411,331a7c76e9576c8327dfe3551ec83aac5bd77636,robelgium_msnoise
412,3332e521626e098697c96f24b4ce1876c6fed657,robelgium_msnoise
413,33429b84883da0837a16e9936e798fbe45a048d4,robelgium_msnoise
414,3398e2fbf8ff1c34c785eb2552d51a97a6ee6c8a,robelgium_msnoise
415,339b1ca47487f3b6bc547e2e744e2c89f312e8b0,robelgium_msnoise
416,33e5a13782e0f74bc63c0e53943fc8dd0fee86d4,robelgium_msnoise
417,3428c4fd776e6434c2d8c64256140414a6c352cf,robelgium_msnoise
418,346da2f8846c8eb497b5392c3f7001674e0bea8f,robelgium_msnoise
419,3486566841c8ffa6b001fe81c37d23b93bf84a5e,robelgium_msnoise
420,348f1f4a91c40cfa20ee3c632782b058d4c1a614,robelgium_msnoise
421,34dea83dbb894d2dec147f0b07426298a6b5cd11,robelgium_msnoise
422,34e2732549b49f34a533f10e3244107b518b2fdd,robelgium_msnoise
423,350c19723e390009d6e0402b194176489453dfdb,robelgium_msnoise
424,350cb5a5b0a9d1b8cc46088e9ffb87ed8e913731,robelgium_msnoise
425,35231dceea6c3084d1ad4797a5a940fd0b449674,robelgium_msnoise
426,353f4f7d2aac1d5b17d3e85319bab8e938187f23,robelgium_msnoise
427,3587de959da5061c575b96eeaa35fa4e294d55d9,robelgium_msnoise
428,358e06de040d48923fa19e13314536336b9db106,robelgium_msnoise
429,35a64fe1998428e10027b07d30ecd9d51b55953e,robelgium_msnoise
430,35f7ac8803f17e4756983852daa5abdaf08b54bb,robelgium_msnoise
431,3653282456e30dbfe2685a15077d519779b78410,robelgium_msnoise
432,365c96d531143287b92e350847e9020c5ccf8fa4,robelgium_msnoise
433,3664b51dc23b043e8ef893f38c0915630d0c6de3,robelgium_msnoise
434,369d152aafab432fe2d0801249c0ab2f99c7dcb7,robelgium_msnoise
435,3707c2296fcbe430c716376f62c95799beacaa6c,robelgium_msnoise
436,3714126192942075cce9189372c04362a54825e9,robelgium_msnoise
437,372133f600189cad0b24d82bc2d4948c13a65680,robelgium_msnoise
438,3724f33bb24c18b9e30d717cb8a28e462de0cdd1,robelgium_msnoise
439,3727d03c971b8f91f1683a9ba20df7e4a37d4fa1,robelgium_msnoise
440,373862aca733035fa6f2fd76fcb21c770e5c5c1c,robelgium_msnoise
441,375031164b3efffd9a9d31175f9f8158f17e3dfe,robelgium_msnoise
442,37af078fe645034ac4da3e476104c8edb09fac37,robelgium_msnoise
443,37bfb4df94f77e3d4d478b1a2f5a11f6336cba27,robelgium_msnoise
444,38139107a8a82cfbe85d24245929d4eb997d59ee,robelgium_msnoise
445,3815a58e65435109412296c4ed51c1c0e67b6e08,robelgium_msnoise
446,3862ab56b6aac85d353c32c5dd16b6e039fa1e61,robelgium_msnoise
447,386ca97b855acc1e4dec18052e4020a339366133,robelgium_msnoise
448,3881b84958ecaaf818e3ba75689aed9db10fcb06,robelgium_msnoise
449,389b9552d12c238321e95721ea6311e8f7305410,robelgium_msnoise
450,389bed178018025dd18aea10cdbc4297428bb98b,robelgium_msnoise
451,38ef9af1d8cb17bc09dff1074366c3a4cc412ceb,robelgium_msnoise
452,38f9ba3faa870e42411e2c800aace99506d11e0c,robelgium_msnoise
453,3900c4a4c87a75d2625d76682e7938432350ea27,robelgium_msnoise
454,393c0aec009e552bab7b0de822c6672034eb2de2,robelgium_msnoise
455,396b14947511615e7b3882bd2e0fc0de0a788fea,robelgium_msnoise
456,397fe06b24d954613f5afd55cd23dd4f162d702b,robelgium_msnoise
457,398f2178deb47a90e941c6bc843e6fb2c7cdef49,robelgium_msnoise
458,39a5e8dde14f71869645835a4d3d660beba16744,robelgium_msnoise
459,39ab4435f118b11c26e5bdc81b117736a6ca6460,robelgium_msnoise
460,39be02ba1146da2eff3d81615cffba7d3d7769e6,robelgium_msnoise
461,39bf6e2dfefe2dea49c73cb7a7b43e78988ec6a9,robelgium_msnoise
462,39f89b9ca5add69a66f58a1942f66dae6eb3b8fb,robelgium_msnoise
463,3a121317522dec50afef62b9b192049e0aeba169,robelgium_msnoise
464,3a48c6fd4999c02ad578064c01c7533400897976,robelgium_msnoise
465,3a64a3afa5e1a73bb87cc8587d975ab5543778bc,robelgium_msnoise
466,3a6f501ca1deabed832c64eaa23b3bab56c5664b,robelgium_msnoise
467,3a72249cbfc5752355ad99f7558ffd1dee3313a9,robelgium_msnoise
468,3a7776ce2947ba04d1033533084e2c15edf02cf5,robelgium_msnoise
469,3a784627c89ddaea51afae52deb12192c7b8d6b3,robelgium_msnoise
470,3aa6cc8e1df639680bb911d7f1710994eaced678,robelgium_msnoise
471,3ada27ea72750de41702b912de370f957d081b4b,robelgium_msnoise
472,3af55634e27ad3eae6b6b38008a72468c87aa56f,robelgium_msnoise
473,3af7902f78565d6edda5a9b658d77cea83152dca,robelgium_msnoise
474,3b19e18426219da0cac099bc489fba2e1b411c81,robelgium_msnoise
475,3b331b5b5b00066cfb00f5847ab94fc5da3d74b5,robelgium_msnoise
476,3b34710737b9f528c09c91b3c1f1168e3076a41b,robelgium_msnoise
477,3b35a8f25ef22d945df85a9e4ca772cfe509576c,robelgium_msnoise
478,3b4a88b778a572b8b889d3149b9ec418283a565a,robelgium_msnoise
479,3b506253e83db05706c8a3d7674b4ebb0aa7513d,robelgium_msnoise
480,3b5d8bbc8fe0139be43c7955f9d7da7267138d66,robelgium_msnoise
481,3b7d9026dfd7976fb0fdc87189a74e5dfd3584dd,robelgium_msnoise
482,3beff34431a0fad497ff40a4298d3bcf2830db86,robelgium_msnoise
483,3c68aa8fd964ee4871b65cd53e394ae94df83161,robelgium_msnoise
484,3c71977cbafdca7821859f61717e1b491262af12,robelgium_msnoise
485,3cbe544bdfc1b1efa169714d315f7b23c14f92ed,robelgium_msnoise
486,3cd839b88fd3c158b37f7b49e44b086458c6a7ff,robelgium_msnoise
487,3d072b4ec8e3bb1c298a05e3f09ee1b27b2dd43f,robelgium_msnoise
488,3d2bf38cf8be8d6fe79d82c7cefc03bc94a2c816,robelgium_msnoise
489,3d56dd7a8ed49f15a2cce396720c3bd3cc2b9eb1,robelgium_msnoise
490,3db4b651b2ef94e7932eb7f012fdceda310d0eb2,robelgium_msnoise
491,3dce075520e4f885bc827ad5ce1d43e81fdd570c,robelgium_msnoise
492,3de2b0c1505c3c32b20f82285ca96e5d5dfe2fb8,robelgium_msnoise
493,3dfe6f2db3a6b120d084ce2d6a0504b7c6af3807,robelgium_msnoise
494,3e2130c717d441ba0e4338726db2ba6c34b6e0f7,robelgium_msnoise
495,3e5f4d8f5ece9b3eecb7c4aa8baec8a0ce5b5381,robelgium_msnoise
496,3eb227db7e553ed6a2b5a52bad49f068c143129a,robelgium_msnoise
497,3ec3fa82223196d6f768b000a320e671489ab876,robelgium_msnoise
498,3edae59a1669d8f9027f490e4cc6223bf0f7ff86,robelgium_msnoise
499,3ede8762d051b450508a5fbe86969ad1e18eadb9,robelgium_msnoise
500,3f961b7e26e0cecf115876f6ee8ddf7e654b062f,robelgium_msnoise
501,3fc7575ca1a58738d759528e3fb945cf89eed870,robelgium_msnoise
502,3ff0d136a5e6fbd4330ab798ac8a0506b0ecfaa6,robelgium_msnoise
503,4002cc4f01d8fe302b4665b29cda58cbfef1e91c,robelgium_msnoise
504,4015b9f318ab7df2f335cf56459fe6a447f5f1e0,robelgium_msnoise
505,402a4ff287e6e309700f169c55579635428ccbb7,robelgium_msnoise
506,4036463e5607410ba94e7e8507983cb1c8c3dabf,robelgium_msnoise
507,40641d2c15fef27688d122f967e51d4671d08775,robelgium_msnoise
508,40899bf72d37c4318a1e073cbb1bc1850876adf6,robelgium_msnoise
509,4096d9e2d3d7f9d2c7d8eb7c15829acb72d7729e,robelgium_msnoise
510,40c19f7462cd6105239ef5aad3a0d8c76f6718e3,robelgium_msnoise
511,40c3801106aea0177a9fc2a78531df3b7352d7ad,robelgium_msnoise
512,40c5b6793fdcc01bc0abd876bf8eea287adec7be,robelgium_msnoise
513,40c9c8049ee770a49a96a7c6b83d378027c6faf1,robelgium_msnoise
514,40cc1c6812e204d375f5304494559dfffc18d5cf,robelgium_msnoise
515,40f8dd31a9e79aac5017712ede653ffee28d4513,robelgium_msnoise
516,410e5252947b2c9ef370674f478ede3a85192a24,robelgium_msnoise
517,4112fb9a099a978e25558f7f7fb9baccb122d2e8,robelgium_msnoise
518,413da63412bb3bd6928ac279fab6ad7a72be4bf0,robelgium_msnoise
519,41423994152cc9b1189144b4b3492fe7cfe9a4bb,robelgium_msnoise
520,4151c9bbb6bc55c1d027270095f53b8c5f953f07,robelgium_msnoise
521,419c477ed9585507343d0342d6c54efc4a540110,robelgium_msnoise
522,4234d97e9112ca354dfafebeb01aceb97f1cc7f9,robelgium_msnoise
523,4240857ef2d744b995598339ec7e49abec906b78,robelgium_msnoise
524,4248aeea35ed29fa87d436736dfb8301ea779a01,robelgium_msnoise
525,424d3fe76916a43ca3eba657f7bd61f1d13bfc82,robelgium_msnoise
526,426013e1ddb93fa74c966050a2d3559bd050a1e9,robelgium_msnoise
527,427387e5409eb22dad98151a224b5e7f3da4528d,robelgium_msnoise
528,427afa142cf7d0f53fc6a7b6f60d830bf1de1d67,robelgium_msnoise
529,42830a21d8461347b2263bb91eab2962426f01e8,robelgium_msnoise
530,4296b73cfbd44d3195ad40b0f6837154ec4e214e,robelgium_msnoise
531,4299e6728ffe5b724db385aa86e4c0314e3bc94b,robelgium_msnoise
532,42bce9c47b7ecfb237e8457f0330c5f527027258,robelgium_msnoise
533,42ebd222aae0ad954e90aceb8c000a0113bc1384,robelgium_msnoise
534,430fdb5176c54970de9a39b8222cf4527ec69538,robelgium_msnoise
535,43418288a359713aebfced1a9361f4f83dfb1f9a,robelgium_msnoise
536,43452f3a6c480ce0532f7fa59b717da278859214,robelgium_msnoise
537,4353c90133efe40ac21b69bc38ee8e6b05e7cff6,robelgium_msnoise
538,438f1592835290611b0ff0b5361428d59d750e09,robelgium_msnoise
539,43e866875083ea816511d501a1b6b816272e140c,robelgium_msnoise
540,44107b4599623bebf9f7f8cc8585b7c2b33b5296,robelgium_msnoise
541,442bc79f33a376851ebb0005c2f744617a23a09b,robelgium_msnoise
542,442c4703d73a928e2b5df6ecc6caae3f2b5b6ebd,robelgium_msnoise
543,444c34ac0fe39d7986eede374a8044ec5cb853e5,robelgium_msnoise
544,4499c8e3cdcd436c92d53430f50e61ae6ef7e7d3,robelgium_msnoise
545,44c68d43505624c2d1743f7a8fd2e66560d40f65,robelgium_msnoise
546,44fd6d4714d25fe6d65970c6721c78e59c815eb5,robelgium_msnoise
547,450e4e64e61d74d009e83f3560dc1f314131e11b,robelgium_msnoise
548,4546520ff399672494b989095837c560b0389ca3,robelgium_msnoise
549,454f90f13103523cc6632db8f588b354fd744f96,robelgium_msnoise
550,45a4ea2fbb5bc940fbc73839532e9e516e9d6fd6,robelgium_msnoise
551,45b502c7a2a1c7d1b5f4013612bf916e2994d074,robelgium_msnoise
552,45cdca15c3ed15ebb19cec7d0471a8dd55524bcd,robelgium_msnoise
553,45f55b2d600068d5bca1d32300cee22719828a10,robelgium_msnoise
554,4609bdf85b6132cf00edfbf65230392dc65615db,robelgium_msnoise
555,46708c59a79148fd4b9f5db8a6afed4ab0866822,robelgium_msnoise
556,467dc66809a7dd06aff5aebb96e0ce42b3acea19,robelgium_msnoise
557,46a3103f1150f0a5f82383d90db4bb50a5813137,robelgium_msnoise
558,46e18553048d371987da7fb52dc2379c91ca07f8,robelgium_msnoise
559,473ba196bb8a4dc59a85becfaba3db2e23675a43,robelgium_msnoise
560,4748b30dda9408ae3bcafa13e1719e78d30ece3e,robelgium_msnoise
561,477337dcc5b8755289af76a1bc86f61116037758,robelgium_msnoise
562,47b599379a452a56d300486cefc3f7d9e9a97a95,robelgium_msnoise
563,47c96e690636d813c1d47a8d0099410488957c79,robelgium_msnoise
564,47ec8f352ca7c0cd41900c530ab083dc3bfb5f11,robelgium_msnoise
565,4801a43cff5a45cbf03e25fd1bc5e07cc1578e6e,robelgium_msnoise
566,480a19f7844620993063919c95a3d2230cdbd7c8,robelgium_msnoise
567,48335d0ce7b9ed28330f3123d86eb6818e2a6f59,robelgium_msnoise
568,48372e286f6d31b61c43e784d92676158e19cbab,robelgium_msnoise
569,483ea6c11e147120d07cce862483d36db5e40afc,robelgium_msnoise
570,484dc4a562321eee5e5f720886f9ec98443c4747,robelgium_msnoise
571,485f76c6fee45e1235d97dc423e9823ff3c03433,robelgium_msnoise
572,486364c4af07ad8a960d92ecb58aa7f846b8de30,robelgium_msnoise
573,489e7f84fa53678aed77a33a61214d7228f2e81c,robelgium_msnoise
574,48d48fec8764439a1a4c334ecbd02f8211486a96,robelgium_msnoise
575,48e703c03218f8bc452cd3123b8f3cdff4700246,robelgium_msnoise
576,4927540944e3d81428ee53f2372ad05fbf7b5841,robelgium_msnoise
577,492b4a31f0f181ba2904730b3f0e8d9404607bc4,robelgium_msnoise
578,49424e82683e36d009cfa70170273561ce93c7bd,robelgium_msnoise
579,49641cedd6c2173a4a6933c8f23365bf1b7d66c9,robelgium_msnoise
580,496b2ab014ec6a0e536907813972269e54f8a1b8,robelgium_msnoise
581,49afee8967cca9fc2d6ba8e4a996b13d78eed65d,robelgium_msnoise
582,49cce86e56f1c199a6cb199dc73cb8a136d76716,robelgium_msnoise
583,49d669794c3223efbcf5576be12d2ec07183f8c0,robelgium_msnoise
584,4a185cbcfcb51dac78d71215d3295920d762cd12,robelgium_msnoise
585,4a2c407ccd44ed4f7dbd4597f42217ead1553603,robelgium_msnoise
586,4a6e88735c0cdaabe924751bca193350954c63f3,robelgium_msnoise
587,4a6f99d9a28ed60f614930eb09223c37bbaa0403,robelgium_msnoise
588,4a7140e69735687c5897e6658f1ce6d35448f007,robelgium_msnoise
589,4a783e6ba190e21ef59654eb1111f4e56b301431,robelgium_msnoise
590,4a8bfe159f07c0aa3e53326fd41213a8780190bf,robelgium_msnoise
591,4aa1f8c33c61479fe8b4d5f7326181b2826a03d7,robelgium_msnoise
592,4abd1143d028c89870aeddfc71736df24892efba,robelgium_msnoise
593,4ac7b14b6c382c2748f3f8765d5c033f04043d86,robelgium_msnoise
594,4afec7fb8230e30842228eb3e0ba6be5491dbefa,robelgium_msnoise
595,4b1c24e2260729143b8738df7d05fcb0af70e50a,robelgium_msnoise
596,4b2331dd5c3d90bc8d140339e97bbbb4961ef651,robelgium_msnoise
597,4b508efc2f561d4f98e44014abc481798c5d1a5b,robelgium_msnoise
598,4b82b2b521e1b53112a58b0415f8b726d37efc40,robelgium_msnoise
599,4b87e81e5a1c703948f1addb312867930cb1cbbb,robelgium_msnoise
600,4b9c9bd1037f8fd7cdc7a33e53fb25e75ad1dbe1,robelgium_msnoise
601,4c246f47b78b2711095e1ad14a5b16e5935e6751,robelgium_msnoise
602,4c2b557936cc24fc0f360372fb52c962c882aeab,robelgium_msnoise
603,4c72b8addec4a56c8a83cb2fb2ad3be47702b108,robelgium_msnoise
604,4c8f23a3f6d647e97fa7cd4a70f876b18e4dfed5,robelgium_msnoise
605,4d1ad2cff5db925a23838231e1aae15f131a2e0a,robelgium_msnoise
606,4d349d3a6664df57058d3793b60fdf426f2cc72e,robelgium_msnoise
607,4d42dcfd6560afaa6b03dd69b8871470a6ca1009,robelgium_msnoise
608,4d49514befe0631ca6e87b3845d50188baf53d52,robelgium_msnoise
609,4d7a06c053e4f96ab583d72ff88d620808e086d7,robelgium_msnoise
610,4dde429817d0d352fcc02aca0ed94d7ece7157dc,robelgium_msnoise
611,4de72460755495a2f8742ecaf0a116268b1ef13d,robelgium_msnoise
612,4df1e5af13cbdffe5c4f1e2b94a96fea97828b6a,robelgium_msnoise
613,4e1b951fdbf4411bb48a41a8f99f75280fa69d33,robelgium_msnoise
614,4e2414d72903538f6774f103ace4d348c1f8727c,robelgium_msnoise
615,4e425c756da9463f4a5f2703b861c8248ffa677c,robelgium_msnoise
616,4e4c70826d7549052743504b95ec1f05f3603bad,robelgium_msnoise
617,4e76608545b8ace251ed0e09136754fb45103406,robelgium_msnoise
618,4e9f76076f2b5105c759d0c7fcc9a1c2636a64d6,robelgium_msnoise
619,4ea1de353139de8243c0a5b2492697d1a17ce0c8,robelgium_msnoise
620,4ee1ed63b18d4fb4d6c6079d886f78d78576f2df,robelgium_msnoise
621,4f00ed19dda064c6d2a9a3575d707cae0beb93fd,robelgium_msnoise
622,4f0f324023b1afbcc268051049ef717975776b9f,robelgium_msnoise
623,4f55f69a7fc86e5ad790dd5b7bd794b7bd9884fa,robelgium_msnoise
624,4f57e2d432155da0b4f94d7ed31302b11ef38a69,robelgium_msnoise
625,4f74fed305cd282ebd4932915acf0c9be2fdd9cb,robelgium_msnoise
626,4f7f1b2b8e0a77a7767e8ecfb30d5be283f04743,robelgium_msnoise
627,4f9cd27758a6108b124e28ec1143aa0b1cc57f19,robelgium_msnoise
628,4fa696ec00298a4139b7fc1cf835c7329dc7caa0,robelgium_msnoise
629,4fc9f3591475057b6ff45ec8d97b1cd577bdac34,robelgium_msnoise
630,4fce011978addd9d798e20da17e19395d6ccb9fb,robelgium_msnoise
631,50426e8d9749c2a41d525e953a5e84e04c1450b1,robelgium_msnoise
632,504c28eac791493b9698546cfc264085cb1446e8,robelgium_msnoise
633,5052842a2d5a0968a61bc98484d6b1d11416988b,robelgium_msnoise
634,50787e29ddbb93eab9e226825cb4d1d0cabb7a9c,robelgium_msnoise
635,5086fe90238af84d4cf01f717832bd32997d4b0a,robelgium_msnoise
636,50b0908cae6de127e05624822c10ec3055b29254,robelgium_msnoise
637,50b257de0ceab2d4ab2e15021097121ec2727820,robelgium_msnoise
638,50c4843083a101e7e42bd8f93c2885d1dfea0b88,robelgium_msnoise
639,50cc6994e690d42acfa3bd80de46851b9eda83e3,robelgium_msnoise
640,50e59ee4e751710cfa46fecd7433e554aff1f572,robelgium_msnoise
641,50e7999503763d393c719085a754aecd701278e3,robelgium_msnoise
642,50f7262ecd07305acf079c9803247dfa7327d98a,robelgium_msnoise
643,514173484f9e5218b4890c1b2ba45ebc30ba9746,robelgium_msnoise
644,515258665de26e8c398ee7387f8d7545a526a6c8,robelgium_msnoise
645,517d4c9106a809b381f11d70c80fd5f4ef3d32a5,robelgium_msnoise
646,51872c0302c02b680e565a9b9408f0f918e8dd50,robelgium_msnoise
647,518a40606115668bf8619dfb005fe5d5f39df88c,robelgium_msnoise
648,51dd0e91066e07f4a64cf233e7068265daae5b91,robelgium_msnoise
649,51fcbd5aebe594fa1d7833eaae53ccb03d974555,robelgium_msnoise
650,5206e5ea0113ef1463dc2805e94c5cec80176f0b,robelgium_msnoise
651,5280756cf377d97feeda32135a58de4fb1e502f8,robelgium_msnoise
652,528a672a4c8824fdb57e7a30827ed832c64acc2c,robelgium_msnoise
653,52bee5d19534835dfcb5363bb6db2bfa9ce26407,robelgium_msnoise
654,52c7569809af52d387b657019171f3d3d6cffb80,robelgium_msnoise
655,52e4406adbc1e7d414e8347cb1a7ee80bdf07a99,robelgium_msnoise
656,530b07b917372df2b48f59dfd0bfc142c8111c9a,robelgium_msnoise
657,530d7aba992c4f21ebbe21bdaff385f82c07671c,robelgium_msnoise
658,5318db44c864fe14187358e7b98e321f75e8e9be,robelgium_msnoise
659,533bc26cb241efc7cdc52308fb52be38063c32f5,robelgium_msnoise
660,535141161180a1d87342543afc06c3a2be36320c,robelgium_msnoise
661,53594479b6b00505bf2899d2b857d673d1538b23,robelgium_msnoise
662,5369f7975a89ac82e7682a1ee51d97f920e5687d,robelgium_msnoise
663,537ab94acc3bbb01db2e28b7fd71aed0f49dc666,robelgium_msnoise
664,53a296c84a6a267ffd7cb7b9903bb44dad807dad,robelgium_msnoise
665,53e79f366c9c5e23263f1220dd6c999685834ae2,robelgium_msnoise
666,53e7b66592c2b3547015e03ade1f76b5fa3cc1fe,robelgium_msnoise
667,540e5cfcc9f4b914639aeb5462a37e4a608a012b,robelgium_msnoise
668,54867b1f4f8f8049e05e189eeadd44b19de79312,robelgium_msnoise
669,54aa078b7b7c8b6432aa93862e4d677fd51256ea,robelgium_msnoise
670,54e37f0c9bcbcba3da9b6461ac5f0e9ec5c76f98,robelgium_msnoise
671,54e5c34f92bc54034543b31e5bca14f609c376b9,robelgium_msnoise
672,54f036211fb75428c109601e822fa40679389fff,robelgium_msnoise
673,54fe612fbddb8703157b5108871f741875555c6f,robelgium_msnoise
674,54fea50ee2a9d17ca952f4029e2d6b76de3c4e94,robelgium_msnoise
675,552080d5f843c0b9a3dea4655adca5ff9fdecef2,robelgium_msnoise
676,5553b0eef338808154043327f46bc7d7836940ed,robelgium_msnoise
677,55562d6483b5421086d8d8eedf2942760f93812b,robelgium_msnoise
678,5561570b9f2bd42d0398b3a6914360e9b11d6c25,robelgium_msnoise
679,5567a2b34dd05ec157cf4d9ef88636f38438e0eb,robelgium_msnoise
680,55a2a140b06f823bc6d09a4d1415c97cf754c228,robelgium_msnoise
681,55b09e46589fbb3be2c6a405cc213feef874d7e5,robelgium_msnoise
682,55bcbb515f05f7ef8d0e7d8778fbdcfb0964cc44,robelgium_msnoise
683,55c367a3757ef83b7187060e5ef1dd577a6d000f,robelgium_msnoise
684,5605748a973794f85eb2b1824169853259b89c01,robelgium_msnoise
685,560ca7781c82855b03b5919de09cf86c841b6081,robelgium_msnoise
686,56a1e2a561b30850dfbe7af0203d2c019fadb425,robelgium_msnoise
687,56a681f9b82ec5e32f97431577108c9ad738e3ee,robelgium_msnoise
688,56e091e180315bde1df540aeaf7865a7fe8a2453,robelgium_msnoise
689,56e60cae349403715cfaf9c91e3bcbeb1df7735e,robelgium_msnoise
690,56ec51c743f389cef1728c3311a4b5fe6d0ff005,robelgium_msnoise
691,5707481aa2c5ebbbfa29c6744e3b6ca6ad773ffa,robelgium_msnoise
692,570ee11ad2338146534acb84fe129d88027183a2,robelgium_msnoise
693,5756a0dfc21169ceced1eebd05137921edef4a3b,robelgium_msnoise
694,575c28a20559ca51cdc026b15a7a30ce175f24b3,robelgium_msnoise
695,577bfcd0711815a20e57d5e537247f9576726f2a,robelgium_msnoise
696,5787e360eb168f681b93b5418b1549fc69ceaf84,robelgium_msnoise
697,578b8385b82ffd747bdb40b2f9fc4cf027ad09c3,robelgium_msnoise
698,57b35d58ec14b414c8bbf9c1b724cbf93da117ab,robelgium_msnoise
699,57c173fc007704aa811e7246998023f5efd3f887,robelgium_msnoise
700,58123b0282d52540b7e91528fe3bec217846eadb,robelgium_msnoise
701,5842b142128032828805d5601af9c9310372af14,robelgium_msnoise
702,5858299ac4bb487041ba31299366d4e99c60e104,robelgium_msnoise
703,588e029c3329f4d3a5691abd630584aa26d22a6d,robelgium_msnoise
704,58d619f34717bedcb8bd4f87c470788bb4fe9e4f,robelgium_msnoise
705,59042e9a273dc932e4f2def468a1938d31274a86,robelgium_msnoise
706,590744005ec0109cfa63bebf4959bb18f2addb1e,robelgium_msnoise
707,594a2ce19ea95914a5ebe3aac71291842ddbc251,robelgium_msnoise
708,5965cd80be704bb4fbd8a4cf19c5b56adc311b18,robelgium_msnoise
709,59a0dc430600c404952d99d87f90561866d59f4c,robelgium_msnoise
710,5a1f2381815d5a262427a9dd75e9f7079d96c9e9,robelgium_msnoise
711,5a35fe0349156311bbb5e8c73a80f4e3ccb082cb,robelgium_msnoise
712,5a8287fed95ff42c2404814750a463eab44e17d4,robelgium_msnoise
713,5a8bceb9ef4bfdbe1d3ab5dc89a8230211d4d62e,robelgium_msnoise
714,5aa488ccc829986c785d4918c56b03191e14fd7c,robelgium_msnoise
715,5ab32f8580632d666454d6f7477b36e263d33d12,robelgium_msnoise
716,5adb1fe06146d0654efe946acafdaeebffe94467,robelgium_msnoise
717,5adc1a13c0c315745cd3a1bf1580dc3231bb91ad,robelgium_msnoise
718,5ae8ac8820bcb1e5641a9862f9357468a37d930a,robelgium_msnoise
719,5af6f8b08738d97c0ac4731caaf7f56d0bc2a10b,robelgium_msnoise
720,5b12a782b67e9138898259f1729e1d805a6d7eb0,robelgium_msnoise
721,5b632c037dc299ca3bb1dff2ad4bfe9fadc1028b,robelgium_msnoise
722,5b636b3aca359155d87cc0d289c94d73a2fc9bd5,robelgium_msnoise
723,5b728353529671b63e1e04a341dd9d468672047f,robelgium_msnoise
724,5b9393f88ffec7ffb06d0e034849defc767f1ab6,robelgium_msnoise
725,5bb5b8d683f7c1ca2bd5934bdeee20b07b03ecdb,robelgium_msnoise
726,5bb98ec54864d023abea24f052726b14ea82a79f,robelgium_msnoise
727,5bcd6f08f5080728581506f4c7da8c695e1d0b0c,robelgium_msnoise
728,5be58a18fa0c5efd87cfb2e7f1777246207cc24d,robelgium_msnoise
729,5beac9e1d97d064bd62ca23ba4acf9c7a9680e1f,robelgium_msnoise
730,5c130d07b09a1aa55ba4515bf0513663cee3c09a,robelgium_msnoise
731,5c14b91f599acbcaf6dad0191dfc807a0541c629,robelgium_msnoise
732,5c7397046294fea0e9c8b0f5413bdd2b6c3a06ec,robelgium_msnoise
733,5c756e09fe9fc82f137742b06a2a7d0357b64fab,robelgium_msnoise
734,5cb35c7aa795c42f6643b4b6d792aa13a7a4821d,robelgium_msnoise
735,5cc11f61734949f0f5dc558a75dc002ca224c9aa,robelgium_msnoise
736,5cee4e3f1f37372f08b3d0138cf22bad53bcf1fa,robelgium_msnoise
737,5d010f675b82d71f7ea1e72877b8e777f0ae10bd,robelgium_msnoise
738,5d3aeaed453c8e1c56709d6f13582d7617fe2b50,robelgium_msnoise
739,5d3fc45d884caad7238e0b970fde36aed1adfeb3,robelgium_msnoise
740,5d71921169d7a42b98fad1aa26a54ddd477d4e8f,robelgium_msnoise
741,5d9ad6e553c9c7d7ddfcd32be24fa7dbbd4f801d,robelgium_msnoise
742,5ddfcfdf27a9b09038b472d21fbacc384f227ef7,robelgium_msnoise
743,5dfab331c6782966f7958d72d01cf0443e61165e,robelgium_msnoise
744,5e1e49bdbf27eba6da6222d40b79cbf0649a49e4,robelgium_msnoise
745,5e2cf7426ec475f6da74747e50525a8d05e7b17f,robelgium_msnoise
746,5e41742e1f9d44ca0b009f067d28a1bdef91097b,robelgium_msnoise
747,5e534bee51ee04b0eee7d9c13eed2ff61d4e8d44,robelgium_msnoise
748,5e5891d289266007f8e5e078329bfb96e1717335,robelgium_msnoise
749,5e91d65deac2d9ba8e85fc1745c6e6e118b59105,robelgium_msnoise
750,5ead8c35f3bda299f975919f9d070cfc11abb652,robelgium_msnoise
751,5eaff96cb9876057bf10775d96012df66d7308cd,robelgium_msnoise
752,5ee47cf1640386a927c2743e1fd8870247826f8b,robelgium_msnoise
753,5ee988c4c4a760b433e7fd30dfa011dc505e5386,robelgium_msnoise
754,5f0bd2282f595ef588a2cf9ff08a308b719a4683,robelgium_msnoise
755,5f15990614a35f7d3788c4272fda753e4b143bc0,robelgium_msnoise
756,5f2fb0901950866e570a81d29498eace4d7c3e74,robelgium_msnoise
757,5f52af03685b17522c28a5278e8f3bd5f37a2795,robelgium_msnoise
758,5f59d4f7053a967417c3a47a71b948ace1b71f85,robelgium_msnoise
759,5f63392b91e1172fdf6947853a176c697d2f5710,robelgium_msnoise
760,5f6ddd1c48687f60b236a6ea843a982df35af8bd,robelgium_msnoise
761,5f873682bafa50c77dec0c74b143bc4d05dc8226,robelgium_msnoise
762,5fa6de5ea2ec76aac4c9726706d4402748e9ea9c,robelgium_msnoise
763,5fe25ad9ddca57219817b933982eff402948176a,robelgium_msnoise
764,5ffd050e90887f8b4df5abedcde076b8f4b0e2f3,robelgium_msnoise
765,6020ccf938aa4ce626263c9a679594028e8aeee3,robelgium_msnoise
766,607bd7020c32a99a3028d966c1a70817b80997da,robelgium_msnoise
767,60d85d45fafe728d1a08367f4026a0ddbdedd76d,robelgium_msnoise
768,60f75aaf667b06710dd631df604c3606e896701e,robelgium_msnoise
769,61227a5e01dc03acd1164dd7b8548bd2b31c1541,robelgium_msnoise
770,612703e685d7c62c8838c239f6c44942c8d1c619,robelgium_msnoise
771,614c6983cf1c2c07f737da4fd7bb284f2c1d2aec,robelgium_msnoise
772,61684d9cda9f0d416f4726007b8d63a906f406cf,robelgium_msnoise
773,618d4f8d3944a5aad4e65c2622eec03f83bb27ec,robelgium_msnoise
774,618dcae92530ea7ac783fc744fa38eb63a3f9c2f,robelgium_msnoise
775,61b2a16d76b2d275e7b30f7ba4d318b8450ab166,robelgium_msnoise
776,620f291108f18323271be336a6d053dd0e0a4c63,robelgium_msnoise
777,62a18ac5b7c94194819024427c8c44fc543d485c,robelgium_msnoise
778,62c849f79aeecd27c6647542458920076cbd78da,robelgium_msnoise
779,62e7f4190d2feffd9511e66e06368dbba6dd7006,robelgium_msnoise
780,630346a1d4206ec0f333246038a756e9ac820217,robelgium_msnoise
781,630977cfedec8d1a0716e62e95cdcac02764c61c,robelgium_msnoise
782,63593b1caa10f2cdd9a47a79fbe93d80a2951151,robelgium_msnoise
783,6369be4413f9ae1c42a5fd8b79b891a8960a5ecc,robelgium_msnoise
784,6388620d8f06dd311f65357de8b3c1f07701f0e0,robelgium_msnoise
785,63b0a18304bdb4a1b35ca6a9b476646fdec3b08e,robelgium_msnoise
786,63cc90f5be05e7ba57bb56155c87a01e7e82b176,robelgium_msnoise
787,64126cc2c2c5bcd78a39bc89125f8dcaac9bd2c1,robelgium_msnoise
788,64137c62d32d0a7fcf5bae233938b7a5693ba0c0,robelgium_msnoise
789,64188ff5581599592af05a057bdc7a549d63c6d9,robelgium_msnoise
790,6493155992cafdee2284e80bf7f26386264e4028,robelgium_msnoise
791,649625de4743306162d1e5c42aec04bc0ecd657d,robelgium_msnoise
792,6522baada6c2e869a6e194b4baf96a6c208b9125,robelgium_msnoise
793,6533cef4bea99a9cebaf317bdf8676ade5b84675,robelgium_msnoise
794,65490a57783ddc7c1b41b4e5675e11ddc8090be9,robelgium_msnoise
795,6552acc926c9643f1f95b3ffc8b2c7c2641d39ce,robelgium_msnoise
796,6558e9661060b2a820f68478cdaac78f033394db,robelgium_msnoise
797,657558c633c37172d19e2c9422b0578bb5ba8079,robelgium_msnoise
798,6578b75412f446fcea0985a8b337f5540c47469f,robelgium_msnoise
799,657a6df63421e8f4126923c844149cedc11712e8,robelgium_msnoise
800,65930aaf686e8aae42f3f3234151454e9b367844,robelgium_msnoise
801,65b2b7f437f476c45792abc5f09cfa6b73985f3a,robelgium_msnoise
802,66078dd01c256c265dc880e25a72a43acfe42444,robelgium_msnoise
803,662e6a858528d685fca1191116d7e708402aae10,robelgium_msnoise
804,6659e3d71992e725eaf301814e61d0e48a995535,robelgium_msnoise
805,666e2498e75fe57422c2bb0430de3f9de093e316,robelgium_msnoise
806,66919e6135606b687fa52d110880daa3cb0186fc,robelgium_msnoise
807,66b52b1439718850765ee069ce5ba5c5495d85b8,robelgium_msnoise
808,66c584df3f1e00cd24ba6ff5356f9aec8316066c,robelgium_msnoise
809,66c82b301fb242f8313fb1002ac21a719dcea1cf,robelgium_msnoise
810,66d4f60026814434aa93b30a2e922c9cb6ac8478,robelgium_msnoise
811,66d9264384aa70cea0381f830f6e6eeb5e5c86e0,robelgium_msnoise
812,66db80e0418647cea9298ce3eccc885867949cda,robelgium_msnoise
813,66e39b44c8c6e0144045d9103837f0e8b7335df8,robelgium_msnoise
814,66ed9caa1252cc15aa11cdd7b4fe2a2fce69ec67,robelgium_msnoise
815,670f53597bc5064032e74e3687b835ca9d6f3adb,robelgium_msnoise
816,672fc292418e5b6994e01c177a1f95bb56b6ccfb,robelgium_msnoise
817,673186754637aac12fc01e1db30d09f87f9177ca,robelgium_msnoise
818,674ddeeb758f342678ca22c1ef65a2d6fc649bd4,robelgium_msnoise
819,67973b61fa5257adfa0be26782193d477369b57d,robelgium_msnoise
820,6798a67951dee7e66291e372219eb672ad25fa19,robelgium_msnoise
821,67dbef7dd585890fda87f417c1e973252394d8c4,robelgium_msnoise
822,67ea5f570c84beb1e98308244197f1ed8d54bd3d,robelgium_msnoise
823,681a486eb9e03c8305d62c1532161296b0537aed,robelgium_msnoise
824,6846e9fd669917ba57fcbe1d92d87d7804aefaa0,robelgium_msnoise
825,685c56dee3de4174f7cee1a47301b8a232406c8d,robelgium_msnoise
826,6861a05d2e807e3b5811aa2434961b5c5aee8120,robelgium_msnoise
827,68dddc1bf1c903b30dcf1420b4c265e5b36405c6,robelgium_msnoise
828,696f7e77360ea510ec2e97cd2fc7cc89979d626a,robelgium_msnoise
829,69a45beba0e3774f55bc545488d5f991e6304a4e,robelgium_msnoise
830,69ac1061f852f8f3a53c4aeb0c904d6578505bea,robelgium_msnoise
831,69cfa79c1ab19da33a0b60dd21aab03ee2e0da88,robelgium_msnoise
832,69d05021ef1d661690b75b90b3a905630c6e2554,robelgium_msnoise
833,69d1b8866fcd443a3026c6cfaaa6a9175a9ead54,robelgium_msnoise
834,69dfbe02e4dd89555c0eca60ac7f13631d924046,robelgium_msnoise
835,6a1369602c29722fa08e9d31256f2eb26dfc264a,robelgium_msnoise
836,6a18307d217d4b7db182e603a87a8e4d348052d9,robelgium_msnoise
837,6a466b0e997d34be792946cfe61e15b21eef7dd0,robelgium_msnoise
838,6a7d0de95436e07bccb2906e07e1941a1c482829,robelgium_msnoise
839,6aa4d31b6776529989ea712609f1f8bf4059941d,robelgium_msnoise
840,6b0145e6a7c9d49a5d4444eeecc60c84179996df,robelgium_msnoise
841,6b1f87992d8585c873cd95f673e0d6d695efffe4,robelgium_msnoise
842,6b2cc0de407d88ac6cb3eb3ba9aa2cf7ae309726,robelgium_msnoise
843,6b3831ca0bcb6f40d05c05a1d16e86a0026519bd,robelgium_msnoise
844,6b3f4969a181afd96f0a5b433ebfdd9c8c6cee8e,robelgium_msnoise
845,6b5a9d5ba800837f74275b767b6146473e771a3c,robelgium_msnoise
846,6b725264b0af1732555b356dd45ee167b45f5a7e,robelgium_msnoise
847,6c01168384db9fa13b2eb3b2cac6e2cca01abed9,robelgium_msnoise
848,6c20937b89d968886c372785e164a61c1ca534ad,robelgium_msnoise
849,6c340a1ece124531540f245410cc4c972e2a57bc,robelgium_msnoise
850,6c3f45ada206522d977b7e3e20b8bf0c6c62afb1,robelgium_msnoise
851,6c706c77fd10dc22665708953287ceee5ec6407e,robelgium_msnoise
852,6cd81701caa3fd8f7255003897008960d59b7c7f,robelgium_msnoise
853,6cdaeeeb6f6e27d43a7f39fff72e655627dc7918,robelgium_msnoise
854,6cefc25aa9504494b3c8d84a9d57ece65ac87ebf,robelgium_msnoise
855,6d2fbfd3face268ebdd2446ccf7cc7a10c3331b3,robelgium_msnoise
856,6d3786772c325bbfa2033c77201b26aa45a78538,robelgium_msnoise
857,6d3a3f1e2de3bef31c66f25d9dac5478430a1bf5,robelgium_msnoise
858,6d40a83dd13f35f39f6bbcd5a6e8b28400faa808,robelgium_msnoise
859,6dc273f98295e26274d804ccb1bf69956a87e8bd,robelgium_msnoise
860,6dcd64f0a1feb463223a8987adc625c46f478a79,robelgium_msnoise
861,6e01bc69963db45242be4d9614cb5574c29ce6aa,robelgium_msnoise
862,6e4c1258432b47cb6e1d3f9d4942c2ec0389d51a,robelgium_msnoise
863,6e65cc45f9cea33feb5eefda27958dc4aba91679,robelgium_msnoise
864,6e6e245c186bbfa260225f20565bd7f4b80b8809,robelgium_msnoise
865,6e74676cb388be9c2519a637d59bfd0b7c0218ef,robelgium_msnoise
866,6e80365444e5286bc5759979802f7051b0eea840,robelgium_msnoise
867,6eadf6f94e5aabd9301baeb9ead5f8f88e27e18c,robelgium_msnoise
868,6eb5dcea880ef588b7e0dee9f3f6a5a8b5be8e04,robelgium_msnoise
869,6efc0189f713c04df03c44fda2ec6ac6eb75cafc,robelgium_msnoise
870,6f160b13a2dbd37bb15ad1f5cf8a31dff393ea85,robelgium_msnoise
871,6f1bc20dd167ba12b30344debcc0c503f7965643,robelgium_msnoise
872,6f24bb624ac0a16e93c884b148a3750ea7681bd6,robelgium_msnoise
873,6f5e33a6ba1af57ff509a536a19827273696d8ae,robelgium_msnoise
874,6f61eb804700cbe938413bf30e5eee6d476c3bca,robelgium_msnoise
875,6f77383c43d56ba22ecf4ab360949487a7b80816,robelgium_msnoise
876,6f7923d19224ba6ce8c31136cc7b9252ad3942ab,robelgium_msnoise
877,6f815e9e1ce377f3d3224d332fc466c616a392f5,robelgium_msnoise
878,6fa39ab41de9f2bd8710c835d15ee86d19886b2d,robelgium_msnoise
879,6fb51cd7aaa1de74cf6c12a78791284a20ad154b,robelgium_msnoise
880,6fdf7d90adb6217d305bc27e6aad99ade6395c7c,robelgium_msnoise
881,6fe4a6b1b7457014b4c7ed726640c4c7c6ac47d1,robelgium_msnoise
882,705f9b6e79084920dbde89020731204ef20fb223,robelgium_msnoise
883,7087fed57b80ad89d0ef11bc0936b0bea377b222,robelgium_msnoise
884,708e37f5bae8cf26f668dc033fa6023bfd54fdf7,robelgium_msnoise
885,70985620beaf8423626c5db839c51cba6890eaa6,robelgium_msnoise
886,70af6ad8b77c5b94c09b91863b63b4d29aedcd45,robelgium_msnoise
887,70bc9efd2120c20ad329181dd9a0f2a932c8435a,robelgium_msnoise
888,70c19dd349ebf0ad807c8c0d9e01738fd41cfdea,robelgium_msnoise
889,70c83dc82a20bc7a42126fa7e6040283615f7802,robelgium_msnoise
890,70e43ce8bcdc601d38e43155f8a4088c2b248541,robelgium_msnoise
891,70eb14cb4bce0e1b57bd242d88b6a051da5660de,robelgium_msnoise
892,70fb82fe5fe22ed3a6e584f7d07b9ae3de1e6658,robelgium_msnoise
893,71231fbe95781125c85570d7f29ab9436ab49291,robelgium_msnoise
894,71418eb5a038b6c994b366a448d33462bed24351,robelgium_msnoise
895,7152ccb5567fe2216722c2ba49cd6b88f07d1de0,robelgium_msnoise
896,715624f9ade3fb30487a4b9bc0f98070af25379b,robelgium_msnoise
897,718834439ce1e6f22bb87427eedcebd0992a3bc9,robelgium_msnoise
898,718efba3278b9f4ec08b259b97dcf615b388f363,robelgium_msnoise
899,71a4f6a2bbe6cc43ce409be38b10df186836af17,robelgium_msnoise
900,71c1bb08535d6b78ea7f25cf7b9f9204e152f448,robelgium_msnoise
901,71c989921835c043660253b955aa1354e7e3a804,robelgium_msnoise
902,71c9b2ccd3dfe24069277992847b05c47dcaa804,robelgium_msnoise
903,72145edc064aa189125037420c2bb88c913e3f8d,robelgium_msnoise
904,72612d7d487b21c998f57b76f3746df6ff0cceb1,robelgium_msnoise
905,726c39528f15d3f826c793e06c4e5988946f65a7,robelgium_msnoise
906,7282d06eb2835bccb2b44ba7cca5a9764ef91b14,robelgium_msnoise
907,729720143b76fe197442a8393d6b4248500bfbc5,robelgium_msnoise
908,72976d0d179d41dd624dedcdd901896fc41e1546,robelgium_msnoise
909,72be1165d30d1806b0df96eeb519d1d6b30c4e20,robelgium_msnoise
910,72be8a1cc23a0c6c0963a3967bef07b2b3f2e268,robelgium_msnoise
911,72c0925733db5a209cfa5e8d7ec3bd9b4ea1079c,robelgium_msnoise
912,72cbfa4ecc24938d7aeefb66b72862d8804f2ecb,robelgium_msnoise
913,72eb8d7418b0abfa57ea9e47681e9f9bc16a2e85,robelgium_msnoise
914,72f2ae87ea96653b17ef9aded84063d0ab0a3ff7,robelgium_msnoise
915,72fb00ba3e7666524fd477af8519779a1c4468ba,robelgium_msnoise
916,7301f3e8a092c10075853f4c8c51558cd48159ae,robelgium_msnoise
917,73116a1d0275a0b838476588cb146da9d36f36d8,robelgium_msnoise
918,731f1ea5e65b1fa21af6658da7ded851d66aa522,robelgium_msnoise
919,735ef1fe9338bfcf0ad76cff970743953a98b4a2,robelgium_msnoise
920,73700317bea9a3481bc18356b55659370588a068,robelgium_msnoise
921,73b949065f372424be94a67f87ad72bcd547c310,robelgium_msnoise
922,73e1df77e2f6817aee4398f424fb5f0f4b0a655b,robelgium_msnoise
923,74220b79f760df59172912a221ad93e4cf6ea079,robelgium_msnoise
924,7430e3cef801619d86744cc8e5e75a9edf6de250,robelgium_msnoise
925,74d917cd6355a05e151b11e010661d82cd52c0b7,robelgium_msnoise
926,74d9b3f300db16dd1ddee86eded2ef1f56b632f7,robelgium_msnoise
927,74e21cc49ed9cb45efd2d8dd7095690573d28610,robelgium_msnoise
928,750ad446ac5c4137019a86e721602bc1c8c5db27,robelgium_msnoise
929,758fb7f066f130b338f1aa5bb96682f5d0d08a75,robelgium_msnoise
930,760032e5fdfc2a5d1cb06b1080fc96f9460d22b9,robelgium_msnoise
931,7679fea7860f099aa64dfdfcff2a8ad77a486644,robelgium_msnoise
932,76c72228417434c3771626184a16dd6a812aa098,robelgium_msnoise
933,76c91f37e6906f23b03c9a31363191295ff42704,robelgium_msnoise
934,76ff24f9b84e2344544918e9d149a70be4ff443e,robelgium_msnoise
935,770c0bab036f63278131eb11f14164f548ac2de2,robelgium_msnoise
936,7722f86cf4e138929d112ce7001400cecebbd565,robelgium_msnoise
937,7725b05b00d1db639b47c15351b7b861b8cd0ac1,robelgium_msnoise
938,772f0bae74c881d916d143a601a963e8d0cc0551,robelgium_msnoise
939,7737cb4b4a2ac60cf580cf16cbf61a7674672172,robelgium_msnoise
940,77e1b3d37c085e38661365c5f82e1ef387fecb80,robelgium_msnoise
941,7829aeb134f143ef0d1f0d23af4d2610fd846873,robelgium_msnoise
942,78bdde37923e7f8e628b6f9fb28c236251d22605,robelgium_msnoise
943,78cf7605b2cd729630832c395866e998ac9a2e05,robelgium_msnoise
944,78e4d42602b101663ee4d4a082b142d013ca9cce,robelgium_msnoise
945,78ed5df68b359ebc7c06e58b52513517250c7a05,robelgium_msnoise
946,78f464e5a60135656981d5357f4051120f450101,robelgium_msnoise
947,7901e5dd7291308f0ebfd65f017624a3e0964d9a,robelgium_msnoise
948,79786bddae7c4e894fa87b5fc9966e6459e7b22c,robelgium_msnoise
949,79b1e68d54bbc7984ed8aaa388333c4f20040060,robelgium_msnoise
950,79b29e17e5318af30643c26e54b5dfe0f2b419e7,robelgium_msnoise
951,79d0cbcccde6a97d858ca64457804ffccfe1c66b,robelgium_msnoise
952,79dbd95e50a19d3163905d4bad439ff8bd891d7c,robelgium_msnoise
953,7a02b9f6399f7a3bfaaad250ff82d6e6c8b342cc,robelgium_msnoise
954,7a218504854ab3dbbf70c272f84e58d506166833,robelgium_msnoise
955,7a42233046a6832898df326274e8e6d868018e71,robelgium_msnoise
956,7a5b71ab4fa39807fad3fe1974d88f614f79f885,robelgium_msnoise
957,7a6551de9aa33a36e080b1465f074619b0057643,robelgium_msnoise
958,7a6cea9e36db4857b0539f751bdc9763e932b72f,robelgium_msnoise
959,7ad042278d62f4235a4326b3889d93cff5ac92d5,robelgium_msnoise
960,7b1b87e42786bc2bae0a9d4ccb2e046f07724298,robelgium_msnoise
961,7b259f02e2cfceee7dc03738bad61f609ab9fe91,robelgium_msnoise
962,7b3096d17de6b8577b93e32c54be9305fb262f54,robelgium_msnoise
963,7b48c84ddeffcc99a68d724a2231ec8aa96f5316,robelgium_msnoise
964,7b572cb4fee6690ce1fe0b0ad684501a71a428a1,robelgium_msnoise
965,7b78d568249d7dd0447413a28b31417f21d42696,robelgium_msnoise
966,7bb524644e6598a425e3d56996096b902b6db4af,robelgium_msnoise
967,7bc1a700e569cb1cfd0a78b33181da28dddeaac2,robelgium_msnoise
968,7bec56351ec3be87c1c89a1b637b945f8bbc4189,robelgium_msnoise
969,7c0552e8bd750a9739616dc794ce3d0500af3071,robelgium_msnoise
970,7c075690d710073ea0afeaf804b8c2d354ffffca,robelgium_msnoise
971,7cd19e5b1a601e085691c7ddd75ad6cff1e94cfd,robelgium_msnoise
972,7ce67ea00f942a44d5800555277bf9a72d3e7b7d,robelgium_msnoise
973,7d0ea04bc1e6e7ff69f32cb6b60af3ba2b1d6219,robelgium_msnoise
974,7d4b3fd1fabd850b015bcf05384de14b69091112,robelgium_msnoise
975,7d716cc993f9751664fb9c267f21e93667f69163,robelgium_msnoise
976,7d7bbc63491cfa6dc3c2c2463fd49e9b5b3f7e2f,robelgium_msnoise
977,7d82e34aa9fc53a160580012b57120004c7ab5c3,robelgium_msnoise
978,7d9c19886439334116e4fbea8d7357f32492ab57,robelgium_msnoise
979,7d9e03a07e4e80e50dbdb67d8ac41f8d563b55ef,robelgium_msnoise
980,7daf47e510c855a5cc84895ddd4b06302b9ef19f,robelgium_msnoise
981,7db5c1220248c17d72ecc764ccac3a95ede9d0f6,robelgium_msnoise
982,7dd2ba32cbcda874c0c6541326435f20f8420f58,robelgium_msnoise
983,7e28274e7c418b6bc9704588f011f5b3c8a91f5a,robelgium_msnoise
984,7e3bb7c89d35a2b003a2185849273671d2ea82d8,robelgium_msnoise
985,7e3cff225d709cb89fddddeddd26ddc13af9d69c,robelgium_msnoise
986,7e4d4ffeb1bd0f60f39b8b90259c6c849659cb94,robelgium_msnoise
987,7e5895e84a3a60383599228a6d682a4f3436728b,robelgium_msnoise
988,7e795671cd71fd62950ba65c3b3384ffa89c6484,robelgium_msnoise
989,7e8a3c661e3896300e36029b6d7c4bef1eacefaf,robelgium_msnoise
990,7eaa5575c5834e7ce2c22dd562a012c0387d2b64,robelgium_msnoise
991,7ebe05b53f00636338b57df999fe73f545d1c398,robelgium_msnoise
992,7f0f0ee002923a1a6d07d8db56b2508cc3e34971,robelgium_msnoise
993,7f11d3de9ba1d98895dcfb1c8b1cf8d0ab2d8464,robelgium_msnoise
994,7f1529f570bd1e39f207520f85f6be84e6b1fe5a,robelgium_msnoise
995,7f5930333af6b4643fc5c1dd5c25e10fe8bf84d3,robelgium_msnoise
996,7f838c3c92b72be4fdf74953ff11e17925ee2b4b,robelgium_msnoise
997,7fb5ef2333bea4652bb457dca1c3a2d671e8fa72,robelgium_msnoise
998,7fee0e3de1c69dc7df853db030df8378a03db880,robelgium_msnoise
999,802141a6e92b0c9a88c63f6e674d700ad92883da,robelgium_msnoise
1000,809a479fda69332cd3b645c2625851eed687c095,robelgium_msnoise
1001,80cbb008ca6ecf8f8ef70b96aa9569326ba23e44,robelgium_msnoise
1002,80e1672fad5da308f67382fe3e067e1f7e2d8fac,robelgium_msnoise
1003,80e7e7bc5cf2002f6f4c53a4024b5d4d927d5a0b,robelgium_msnoise
1004,80e9d45c24ae2ee6d5c5a3a5a214abcf3bd9eb64,robelgium_msnoise
1005,81325cc7eb785f0e7da286ab292b1354c21a5d6d,robelgium_msnoise
1006,814a660f4d6f1b35d69241e735d59d0433f5bff4,robelgium_msnoise
1007,815eda948564e42e4d94fedfcc1fe16382b4ebb7,robelgium_msnoise
1008,817ac2c66b7b22152eec0fc9e6edff8edfdb27b8,robelgium_msnoise
1009,81966095af0018b3062038e2c102613762894900,robelgium_msnoise
1010,81aa6b909751ad55beb1203f36f98bc6fb5c8012,robelgium_msnoise
1011,8239ea96d735436e89dab3b597afcdd6f72db9b4,robelgium_msnoise
1012,823ce87b8de90c9783e83ce65d6099a2e97b5ac7,robelgium_msnoise
1013,8242f296fa22b545922a54bf8bba81aaf48c7dca,robelgium_msnoise
1014,82464c2a2f1db353b8e692d1ee8a59fc6d41b515,robelgium_msnoise
1015,824ac72c04428d01f311d681a36bbd955f124b62,robelgium_msnoise
1016,8298d4f1a073674fe08fb805ae8a8b128a31d8a8,robelgium_msnoise
1017,82a62e1a57248279237baa9c18dc633d1187e317,robelgium_msnoise
1018,82c3834e9b08613da337653d3a4e88c726585992,robelgium_msnoise
1019,82c4655f1db0612750e191a3757e2ef1794735d0,robelgium_msnoise
1020,83120ec78cfea6c2d21fbbca477ab4942b19d38f,robelgium_msnoise
1021,831987d395c5921c4212662511d7862422117874,robelgium_msnoise
1022,833f0ef8bc28e85dbcb8851783c9252d91ab5a41,robelgium_msnoise
1023,834d8e21f02fa5ca148d4e6f68ed541fea922ca9,robelgium_msnoise
1024,83543488ad0bdda3cd6c994454316a03ca18ec8c,robelgium_msnoise
1025,8354cc7fa0d44feca0b385f6b9d951a78828bf23,robelgium_msnoise
1026,8366eb139718274b766c773695259a7228bd406f,robelgium_msnoise
1027,83d202ccf794d509e7c72e94c1fcc489ac15f06a,robelgium_msnoise
1028,841fcb8cd7508ed8d3ac0f6a4b26525f27a9f631,robelgium_msnoise
1029,842f291a3e62a3e484f457ccff62f1891e692dcc,robelgium_msnoise
1030,8449b2db2fb76b3e5caa29896c13acac37b62abe,robelgium_msnoise
1031,844b535b86ef739e927f13117cc555a15f6ae633,robelgium_msnoise
1032,8450a9e85851d43857d6ff45e3c5c0af9f058efe,robelgium_msnoise
1033,845162523849ab5588db3b5d5c556c1c60c2f50f,robelgium_msnoise
1034,8465a676d7f0c8028ba18212a1f5fef1912ad21f,robelgium_msnoise
1035,84a2ca5635432559f4f011584c93ff01776651e9,robelgium_msnoise
1036,84bccb17c6a06e817a8f302d7ca740652782697e,robelgium_msnoise
1037,84c6aa1ac4a88da0dce65e33b71cc662a9bd4c92,robelgium_msnoise
1038,84e4a963ab21d5f84aba1683eab1a41f11bcb32b,robelgium_msnoise
1039,84f4ce07d94703ad35de9586192b36511be84eee,robelgium_msnoise
1040,85356da53fce7ac0dd69294d537dc4b090ae300a,robelgium_msnoise
1041,853e0a8f5cdc7f3d7eee46efd0acb821554e0ff5,robelgium_msnoise
1042,855baeeadeb1b9c48915fb84c102608b037704d5,robelgium_msnoise
1043,857cf1934342d40a1b475188d2f0d29f8637686d,robelgium_msnoise
1044,85bd023e83b3cce21553434370ce6b07a48e8b09,robelgium_msnoise
1045,85eb687512b8139ecbaacd3fb3a653f1bcf22788,robelgium_msnoise
1046,86000eae2ae933a6cfa8661d8d29f74337e4dd52,robelgium_msnoise
1047,8609913f88307e8778dbf4a8e14f4f7792dbcc4b,robelgium_msnoise
1048,861e08a7715f661311793c3158c084237dc382fd,robelgium_msnoise
1049,86790faf33d8387f9b7f3c4b24b8cb6f67606952,robelgium_msnoise
1050,86a55fbc018d2e7f994e0b3c2cf065d0e0cedb02,robelgium_msnoise
1051,86a62d79d510dbd780274ba5367ec1f3ae4cd2b3,robelgium_msnoise
1052,86a99c2d12efe90f0fb3ca3250d641c459ca0b8c,robelgium_msnoise
1053,86a9c76d9996d79f2a8d72070873691631563b14,robelgium_msnoise
1054,86ddf80008baa680447a05a37d409501067a661f,robelgium_msnoise
1055,86f148a7fe533746e99eda4b24580b1a0dd11dfc,robelgium_msnoise
1056,872d1e6bca4dcd381150d09cb5a7399dcfa24c99,robelgium_msnoise
1057,8741c943311edee8f972a026c3189d631654f4a7,robelgium_msnoise
1058,8753fd49f59391062eaf9408112bc6430125d8cb,robelgium_msnoise
1059,8782f689cf0d479bf2525a65b678711c4edb94e6,robelgium_msnoise
1060,8794641916d6ec926b86e1aa60046906a690c6f0,robelgium_msnoise
1061,87b130bac501976c8413ca01a60046efd129d5fb,robelgium_msnoise
1062,87bd7716ab364ebc3c7ebe787c02870348de9a1e,robelgium_msnoise
1063,87d8988f2f8eac5adbf3b33b3d7fc7decaac36e2,robelgium_msnoise
1064,87e6a9e120b1d5fffa4800da73a6bce4e3edc401,robelgium_msnoise
1065,87f0755c432eda9c021738253118b7ff50facfb6,robelgium_msnoise
1066,8816cfc5654bb15936bb081b7a1ad6f93baa5c05,robelgium_msnoise
1067,885e85e23f9cf1402eca837f127e1b86d9cc861a,robelgium_msnoise
1068,887ce316544e0bb8eab33b140adbc25fccbe86bb,robelgium_msnoise
1069,889c0eb8bdddeaece7234e37ec17fad369727853,robelgium_msnoise
1070,88a762e4d7148b554df11687e144b9392a78b65d,robelgium_msnoise
1071,88fc2b5af8797c1e2fd1e7a6739c20eece0eab20,robelgium_msnoise
1072,899b6cf3406a35e26d9119b06cce8029b0278269,robelgium_msnoise
1073,89a5957c4918e72241d8af850892e5aef949bc53,robelgium_msnoise
1074,89b2f47ece011bd5290ff4d8ab1b07c5a85c4f4d,robelgium_msnoise
1075,89c49846c8383ce59926c7338651f4d9221d1da1,robelgium_msnoise
1076,89eaf6188ff4be3b3155494aed69591c0f09f219,robelgium_msnoise
1077,89f0c0f259679f6e6fe9d0ffed233a78a9c70dfa,robelgium_msnoise
1078,89f15bf79612ecb1e0c647a2b605b9c2f2400a53,robelgium_msnoise
1079,8a0862aae506c3de51f325bb221f6626372321ca,robelgium_msnoise
1080,8a596d5ec83a44cc46d88b0d4b1e3f52c7b9818a,robelgium_msnoise
1081,8a7856a9ad435eb18c30887b8113619fc76f747e,robelgium_msnoise
1082,8a82b415545f95c3c25502b58d74f7a42e1c4bdc,robelgium_msnoise
1083,8a9f73ebeac09bce1757fc7ad708b62b4f799fb4,robelgium_msnoise
1084,8ae9bcadb92aa9fc04552f6e67045986c1c80ff2,robelgium_msnoise
1085,8afdaff00d10c7e82f884392aff9512dbdbf3f67,robelgium_msnoise
1086,8b14fe49b2359e5f3a918815bc908ef292c83b91,robelgium_msnoise
1087,8b4506de9334c829e0ccab906dbf2d0ab325cbf6,robelgium_msnoise
1088,8b4a194bc31701aa5ca980da8056f7f22afbf7ed,robelgium_msnoise
1089,8b6621e08e43799b8af81fec83ca673235e22112,robelgium_msnoise
1090,8b8246c602f5db7b720736f80548224a524e7355,robelgium_msnoise
1091,8b83138672eff4574dce42d71dbb8178bc71fd01,robelgium_msnoise
1092,8b8e7a2ec6884e705d0a16c7c471651bdeb9e509,robelgium_msnoise
1093,8b9bef1ac7be9a1ab206c946be1c546a7002c612,robelgium_msnoise
1094,8ba1f653fe8f15eaab42d2a919525ac87ee8dd8b,robelgium_msnoise
1095,8ba51dfa009e8e60374ca19edc40a4eb7a7394a7,robelgium_msnoise
1096,8bb2f8b12450eee5eee1ea98d58121a42655300c,robelgium_msnoise
1097,8bb3c20243a15cf6737f7d222d27ed315569b8dd,robelgium_msnoise
1098,8bbd1fdd9ebda42e029d9ba66176646e5a9ff316,robelgium_msnoise
1099,8bdc32425e2193cfb72c9c3e7c669507e19e105b,robelgium_msnoise
1100,8c0fa113caa11997f80b0464389b1218bc3e2bd6,robelgium_msnoise
1101,8c1960388775dcc75ba828dc7b7bebb80aa4d5b1,robelgium_msnoise
1102,8c259625f4ea801bb1cf5d09d82692f2abf84efa,robelgium_msnoise
1103,8c39550c87f3f68f2adacb3a002ddd880561238f,robelgium_msnoise
1104,8c446640fd0a404fb61f837b1c4a7111f5e64af8,robelgium_msnoise
1105,8c57c738b867323f10d7e5ab5b699969041bece7,robelgium_msnoise
1106,8c850851fa1dc91a7287dd35a2611d5b9732ee6c,robelgium_msnoise
1107,8c9519cece303f34f625513babb3e6dde0a3d38f,robelgium_msnoise
1108,8cc08108280b9fa5f05565ca12a5654faae9438d,robelgium_msnoise
1109,8cccd8914dba5996633019b3e8fafca9a1e9bb5d,robelgium_msnoise
1110,8ccf65160e37e5d292ce4ba37b63e037ccf56ada,robelgium_msnoise
1111,8d0c3623051ad563648db9c6d5f707a7930950e8,robelgium_msnoise
1112,8d102836259a5d481595b84ac4ee4891e3093819,robelgium_msnoise
1113,8d1088bea0ae5f1c3685b0ae4d2cdd935b0d3791,robelgium_msnoise
1114,8dbfee8e1cec29ce3a7207d681af95a0859de710,robelgium_msnoise
1115,8dd2d413a54784f22eee9edbe4dc1aa0d48d4607,robelgium_msnoise
1116,8e24e5fdbabb8283d44442914755ad231a6c99a2,robelgium_msnoise
1117,8e59edb3d8b317bfd4ee8e7fec35c27ff434e682,robelgium_msnoise
1118,8ea38508f084dcf84ad6cf0172eb5bc23847ad14,robelgium_msnoise
1119,8ec91d60334a52a3f0c03c69dc79b4f28291aeed,robelgium_msnoise
1120,8ee2dd87ff02c2ae3ef7377cbcc4f1a9fad17af0,robelgium_msnoise
1121,8ee816c3c18ddcf772b2d3cfa80d4c2fd901487c,robelgium_msnoise
1122,8f017cc26ac26a2bc8d619c24ac5effc9439741b,robelgium_msnoise
1123,8f1811a63012d174a551c7fe5dc14a614079561c,robelgium_msnoise
1124,8f560cac577341d3856e52897c9ee47de3c0161b,robelgium_msnoise
1125,8f5a7431e219cf99044b6d9121968716ae5228cd,robelgium_msnoise
1126,8f77674ebcbefe322e3b11055e76b96e8a907786,robelgium_msnoise
1127,8f7f1efe19837d1ff1e7097110d7aefde2d5d9b0,robelgium_msnoise
1128,8f8d838b045509d99707407bbe266b55c0a31938,robelgium_msnoise
1129,8fa813bbc34be2986295f13ad7a1c4e63770e408,robelgium_msnoise
1130,8fdee6d33b68743e818b0caea2192cb867c58ca6,robelgium_msnoise
1131,8fe7c2e1b94995ba3ca8e3204cf4298f23d8d692,robelgium_msnoise
1132,8febd3195322b80983a1e274ee4f63ac410a645a,robelgium_msnoise
1133,8ff772d0995fb3f9b60b7d196dbe8590decb6547,robelgium_msnoise
1134,9015d7569ecf9e2180739cf8b266da724bb3c92d,robelgium_msnoise
1135,902900a1e3984f2285d5c755b7ebf1922b4d017e,robelgium_msnoise
1136,9035f6f7e17717f2c0d004e0b18f77730dc5d3e2,robelgium_msnoise
1137,904ded4ebbff98123736544df541117ff13af86e,robelgium_msnoise
1138,905e311db09d45aa965fa62d3693629d2247ee51,robelgium_msnoise
1139,9072855cde2426c7ab8e2f33237ba72c80abdb87,robelgium_msnoise
1140,907504e92801ee0edc746dd3b5a141d2c3a7a82c,robelgium_msnoise
1141,9086273240cac09405f312b5e5008faaee963a56,robelgium_msnoise
1142,909a16fb0640f5611f63dcd37b99f4b0963fa7ea,robelgium_msnoise
1143,90e2dccaae8824fe0c062ed563163c835c0f4090,robelgium_msnoise
1144,9104e171497ca533eb256b7706d826ba7c00d610,robelgium_msnoise
1145,915eb53953c422c3e725cc96928551518ecaaa43,robelgium_msnoise
1146,9169dc4f379364b12a02289f299051b433220ad2,robelgium_msnoise
1147,9170fe5d9b1b1a0712c45ca1241e972447b4402a,robelgium_msnoise
1148,91989c01c31bf7bf83a69dd4efffb81df8f9458f,robelgium_msnoise
1149,91b76fb688cd9adb10b47852263fa5578664de74,robelgium_msnoise
1150,91e7d40cf2f65b2f884d9e69b5b4d56b977821e0,robelgium_msnoise
1151,91f2540e2df17aa487018bb825338eb6c28c7de2,robelgium_msnoise
1152,920076e01f8a32f0d103521e43c2e0b776993642,robelgium_msnoise
1153,9214aea791c95a085549930631e45859a67d8078,robelgium_msnoise
1154,9246c6c564bb5c5a248fc1c063e1b12712d047d7,robelgium_msnoise
1155,92d89aefe9916e6a729ecb9e9d14f45f0f6423eb,robelgium_msnoise
1156,92f03fba7be5463b52b13c5993dcab54149e45c9,robelgium_msnoise
1157,92ff14cabe06269c561f25220fa0cc125e8a6a2e,robelgium_msnoise
1158,930c7029af57b433c4883330ef1cb328477854bd,robelgium_msnoise
1159,931cdb1ffe9840af4074e4d4552c12ff04800251,robelgium_msnoise
1160,93268ffdcd6865d88e357cdd492bf40cdb7b66ec,robelgium_msnoise
1161,937c1f42355100aad8c291f94995905d4c8d9d7b,robelgium_msnoise
1162,9388c676a7bec600de8402b5cabaefb97e0a1a4d,robelgium_msnoise
1163,93aebc6d32700dc9c3688ce2674b85a996dcbdc5,robelgium_msnoise
1164,93bad233c9f1b6189843234d466b780f755fe405,robelgium_msnoise
1165,93c242e7a55fdbd1f4c96e32d62c3d9f84366111,robelgium_msnoise
1166,93e72e2feb82c0020a48e03467b16173808a3fb5,robelgium_msnoise
1167,9455387e5a0dcdff16e8bf2eba17b8422d8ff836,robelgium_msnoise
1168,945687c7e9061fd75bcd72fe9f21121c5772dec6,robelgium_msnoise
1169,945f4ed9b275853cc0ee5f68477b3c46fff9022b,robelgium_msnoise
1170,946094582decf6bc99808594b3e20c6d97200e41,robelgium_msnoise
1171,9480a4eb09836afb1c8823e253e160bd4a0b5c38,robelgium_msnoise
1172,94d82e2bad350e73f9204d0f6a9972f7373a639f,robelgium_msnoise
1173,94fb0e6930163f53ac99a3c9762c42bc2460748d,robelgium_msnoise
1174,9505d091efffc831dcfbee33a7608e2737c1052b,robelgium_msnoise
1175,951494b939071ae9fd9b823b6ee4cb187a15c080,robelgium_msnoise
1176,95345070d6df4ba10017cd5cbfb863f6127a014a,robelgium_msnoise
1177,953e6c2b6d80dc9d3cc9d6023162a7de4b61c29d,robelgium_msnoise
1178,9540dba15a63c23740c56f86688e404be83ce4c1,robelgium_msnoise
1179,9558d6f15c2f0d8642f240a3ef3eb68b9b5b0ca1,robelgium_msnoise
1180,956418d58efad8f9bd5663bbd676ccec436bf9e8,robelgium_msnoise
1181,9564d4fae352cc882888d1457b461838aa65040b,robelgium_msnoise
1182,95861fab544e8b24fba5fd3efc9d23867a99f0f9,robelgium_msnoise
1183,958a7a94153262cc213d193985f4857ea452c641,robelgium_msnoise
1184,9597869dcfeec40511337175c4777c5c3b50bec6,robelgium_msnoise
1185,95a077c3bd59610c5e1fc4aa510a1162e44e2b59,robelgium_msnoise
1186,95af7fcb1e3c45f90f72ebae9529adff9bd7f3e6,robelgium_msnoise
1187,95c4c93a3bc749e2eafac5aa34aac54d8f5ec298,robelgium_msnoise
1188,95f80f79c978d0637b5d44182d70a4de7e88babb,robelgium_msnoise
1189,95fbeb7be14c19be98c6618edb56220a2687d0b2,robelgium_msnoise
1190,9602373e0e5455ad9a913e26d39f855750e5128d,robelgium_msnoise
1191,9616cce02e12460ecef45f7f200e323be91b15e5,robelgium_msnoise
1192,9638ae2c5e00555afcc2ba273a670893d129638f,robelgium_msnoise
1193,964b9689a5fd30f0e96384bf09112b081b0a32b2,robelgium_msnoise
1194,9669cd9bdcdfb18576f2b7d8d0774eb096e81893,robelgium_msnoise
1195,96a64f6551b729a2f96e8fc55fe6c7ef8fb63f97,robelgium_msnoise
1196,96e589737a198103df6e19bc645cd2f6c4d11a03,robelgium_msnoise
1197,97076d053f1b6231625125ad658c5b6a694b5210,robelgium_msnoise
1198,970e038e4030218136336b2a1ba8c5c1119ea75c,robelgium_msnoise
1199,976aa5a4bd46df90e49c49f44b43a91b3a58399f,robelgium_msnoise
1200,977a00b6b66a48dbcaf74a30d31e507c5d2fc08d,robelgium_msnoise
1201,977d90c8b078ee406cb7f35b367facd9bfcd595b,robelgium_msnoise
1202,97819f44cf57c490e59a13be80b9b0a18e91b498,robelgium_msnoise
1203,97970725ffa78cdd7597849c3644aa6b9969d030,robelgium_msnoise
1204,97bc02f6ced1f9a956e765eedfd8c5c6cc0fd208,robelgium_msnoise
1205,97f19eab6a669d86a1c18cb5aedd844bf511a0b0,robelgium_msnoise
1206,9810f7fc594ad4e3bc2edff6a06c8579b6d99c15,robelgium_msnoise
1207,98245253101d109c65d0f4e6896e02c4f879c52d,robelgium_msnoise
1208,98447565171d87a959689b72c5a158509756d385,robelgium_msnoise
1209,98a97a3de5c8f93dfc356f2d612f9770c7f73a2b,robelgium_msnoise
1210,98bece81cc5ae70a2ea934af4c3fd9785a8c3feb,robelgium_msnoise
1211,98d5220a36ebe3c8962d302ff816fff19f80c89e,robelgium_msnoise
1212,98d7b4195611acdc7518a3036043982299aa822b,robelgium_msnoise
1213,98f5f1157717f213773d0967c1564d405a5000b8,robelgium_msnoise
1214,9900bcf612ea4a13103113bb773e2537a709c418,robelgium_msnoise
1215,99084bd7e46e4e864e74a2a4cbac20f8bdc5d2e2,robelgium_msnoise
1216,9914e663a9ad1f914786f1ce4be6af05f60cdd62,robelgium_msnoise
1217,991ccfa2019e02f3911f64d6d9409d2f9955f367,robelgium_msnoise
1218,9960657ba84eee5937e3c74979e12e5761a5a1ac,robelgium_msnoise
1219,997f7726821e5ad824bc13bc9b3a1dbd47388a90,robelgium_msnoise
1220,998f7244692624ad6ed8aa842cbeb8942ba7aadb,robelgium_msnoise
1221,99e5c1809ed62fca9ab5a3d20519b8a65e02d0d6,robelgium_msnoise
1222,9a2cb23b5b5ed8b7038e25bdf487f9285b9d1f85,robelgium_msnoise
1223,9a49b6de2a37f87528338476c499d270700ffe22,robelgium_msnoise
1224,9a67c559c5aa322d3d7aea6657f49e5e4e57cab2,robelgium_msnoise
1225,9a805b72d883485dbbf321db425fcd0d9dce2d8d,robelgium_msnoise
1226,9a86fe8697879b87cbdaf0cd5b8c989e10bd5c86,robelgium_msnoise
1227,9a9bbbd3a259c748af6d901877b354a5048ac390,robelgium_msnoise
1228,9ae03eebfb0541649ad2e0fcd4b30c9020428d73,robelgium_msnoise
1229,9aeb79c977d91fc226d9b9083b62fcaa06bedbbc,robelgium_msnoise
1230,9af93d52bafedde09f3183d0ef9a2af9668f3f5b,robelgium_msnoise
1231,9b05f418ce62d1b042af265998a769dbf3a3980e,robelgium_msnoise
1232,9b2ea4c43219ec7ddc3648fb374d597e017fa722,robelgium_msnoise
1233,9b70628a11cef49ebbbca464ace9b52e0aa5959b,robelgium_msnoise
1234,9b85f296bb4b4c3a047e58189e03811671cde1d3,robelgium_msnoise
1235,9b898a7b94f423dfc6c301c6be10d2838a0417d5,robelgium_msnoise
1236,9ba433fb8f37798380ac8219eb44d9e4e97c8bd9,robelgium_msnoise
1237,9ba852f7f9816d3e11d85243cff0ed7b154b916f,robelgium_msnoise
1238,9bb742e241aa7b27d0c0cf2bafc823804df494b8,robelgium_msnoise
1239,9bfc4d78c917d4c65c67f53dc47fb09077491ae9,robelgium_msnoise
1240,9c2beb20d1fc5f19aa0f71f6bf79bb9edd2d2eb5,robelgium_msnoise
1241,9c320f42a1b58860c3766df7a75c2dac2fa099ea,robelgium_msnoise
1242,9c3c3ae1df82c41ac74fef41a75302cc1689ecb5,robelgium_msnoise
1243,9c934ec0f32487ce7f4a85315ef0cf42ad35d2d6,robelgium_msnoise
1244,9c9633e4ea8cfa6c864ca4f7798befca7294dab7,robelgium_msnoise
1245,9cdabde88f8226f07eab3dcc79277ddf6567eab2,robelgium_msnoise
1246,9ceeaec52b0d5a38536742e6269c36ab47af51f1,robelgium_msnoise
1247,9cf8207e47504c685ad9aec706d3d951aab462b2,robelgium_msnoise
1248,9d3278e9034280c91db90ca5afdb30e0534e3f0f,robelgium_msnoise
1249,9d4d2d3993fa0a6b55852a62dada6f0780a40d9e,robelgium_msnoise
1250,9d7d806131dd8a152afe34f21e4c18526e5deccb,robelgium_msnoise
1251,9db09c338f1470c8f0300bfa7935cc16122b135a,robelgium_msnoise
1252,9dba9cba71a2a1d6dc15efce3ad79b21a1fc9d77,robelgium_msnoise
1253,9dca8ae15747f7f915b58e97dd76f308b2419253,robelgium_msnoise
1254,9e600c612653baa227dcfa943a233869bdebc596,robelgium_msnoise
1255,9e6046da0564742dba383ad478417ed5d980f230,robelgium_msnoise
1256,9e758b21c1d3b0e1d221ecc648ba9fecaeca1328,robelgium_msnoise
1257,9e7e87806008d577f4f4b0798768e5233ebd1f00,robelgium_msnoise
1258,9e838c83b1af0fdfb0a4d8bd0d4e900ef4ebc785,robelgium_msnoise
1259,9ec01220924870e657f5e734748c20ae831b91d9,robelgium_msnoise
1260,9ef1eec2a140b85812cf4a5f38d3f4a75441d589,robelgium_msnoise
1261,9f072a168153c7c8602bb4ba943f442326562941,robelgium_msnoise
1262,9f4d0596107e1d9f2cd2f70e06349b513bd7f493,robelgium_msnoise
1263,9fb0d04f9d3e9f822db5a859aaf36d0a34dd924b,robelgium_msnoise
1264,9fcf6e3520bb884e05c06b29cd289a76347fbc8f,robelgium_msnoise
1265,9fd3296168595af2f5900c1d700fe4048ebd6f53,robelgium_msnoise
1266,9ff0590967d180e2e595da99b88549dbc6fe8c45,robelgium_msnoise
1267,a01e726335c4dd09aa809861651bdc31dcb72876,robelgium_msnoise
1268,a042dfb9f5b737d0eeeb7563760c6de00d070a24,robelgium_msnoise
1269,a0505eff4475eb7856339e88ea5f772a590c32ae,robelgium_msnoise
1270,a07c6e2fb742a61445e9ee1a474e2c785b23e1a1,robelgium_msnoise
1271,a0adbd1220c75a075b2f835466a2ed7f5055f669,robelgium_msnoise
1272,a0b73d3a47e31378f5df87914494b3d0b2871a40,robelgium_msnoise
1273,a0be3e238c82211e157b7b699b3c903cddb9530c,robelgium_msnoise
1274,a0ccba3759cac7533171d9217a232a358cbf0079,robelgium_msnoise
1275,a0d75ac2d361b2bef8c9e38b0db43e2e0ef653f7,robelgium_msnoise
1276,a0d7b0384e922d2ef7d128c0d0dbd14799b32a1b,robelgium_msnoise
1277,a0dc90f1e3abf7f9fd0b757145648d7043900583,robelgium_msnoise
1278,a0ed3af81165fe0bf894eafe46fe694a04692082,robelgium_msnoise
1279,a0f13353a56e654725fb9c5d199e99a83ae4fecb,robelgium_msnoise
1280,a10525f886210eb104776b2a0bfe659c857f5ee6,robelgium_msnoise
1281,a1072f8a0e0939ce490ab90773002adc4aa6d74d,robelgium_msnoise
1282,a12b298cb0fb194dcd68f5aa4648872f05b72b42,robelgium_msnoise
1283,a133a7b957e0c441ad832557763bd6be947b7854,robelgium_msnoise
1284,a14e48196fb5097adb6e0e4facd7ff1e70540874,robelgium_msnoise
1285,a1559f57b8e5b35809bf2c728addf8da8ad3bf28,robelgium_msnoise
1286,a2225e7555d320d82c22cd1f12db90a9076b1e4b,robelgium_msnoise
1287,a2426ec01b82356331247d6a295ea081f1de3db7,robelgium_msnoise
1288,a250045cf045f1befbd7f00cd9b314b2178abc03,robelgium_msnoise
1289,a25980dba5e019b0705ef15d093847f523f651cb,robelgium_msnoise
1290,a263e86e9ee641f75ff85efc368c99606316f40c,robelgium_msnoise
1291,a27ba7f08fd8a7e4ca7dca5b24c106b8cfc48440,robelgium_msnoise
1292,a2971075a33dcf9bf6a3e913a09f58bd717bd681,robelgium_msnoise
1293,a2b19aa3e3c5a50044ac503204f2742e8c9bcc9b,robelgium_msnoise
1294,a2d7ebe60487c69fb9da90db90ef64500cbdc584,robelgium_msnoise
1295,a2f31c9ecf8260892860daa9b38edc99ee133a3d,robelgium_msnoise
1296,a301d790f37e13f555b602c32b02148f9630b9da,robelgium_msnoise
1297,a31b901d8687308ec0f18087a75aacfd3e80de0c,robelgium_msnoise
1298,a31cef571a0ccf39a74801456f7aeee9f4b03fae,robelgium_msnoise
1299,a3273d82bbbb013ba5f1ad8f859077aa43d5e95b,robelgium_msnoise
1300,a379b53a785b4fcf6ad2efc62286a823b13f4039,robelgium_msnoise
1301,a3aa3a5016d6ce0967aabf4eda8eb729a88d0e63,robelgium_msnoise
1302,a3b4a0549284a7df6251122594727aa1011b6858,robelgium_msnoise
1303,a3cea94145f04bdd81b789a0dbabfcf92b5303ce,robelgium_msnoise
1304,a3d84e10e23281295765df0cf8ea917afb808d18,robelgium_msnoise
1305,a3ef67a23a636d7bab012349e1308c9e52742388,robelgium_msnoise
1306,a40888a331154358165994e3f98aa182e68ac50d,robelgium_msnoise
1307,a42130a87e3cec55c2d4cabb1b6285c6c4ba197f,robelgium_msnoise
1308,a4457a3af9a2984aaabd750708bd2265c3fae5b2,robelgium_msnoise
1309,a447400c8dd731d3888a5c67a12067cddd808484,robelgium_msnoise
1310,a45cd30b926ca960c47e1199500e74cbfa74ea57,robelgium_msnoise
1311,a4694c6379990f8575b0b6b36939b8a4f3adfee4,robelgium_msnoise
1312,a47c0f7811682d0318baa7fa27e834ef51f2a4aa,robelgium_msnoise
1313,a4bf41e700dafe1857e3d66ac9a6a5a884198956,robelgium_msnoise
1314,a4e450b5ca97dcc1eaf5f06281b7ad1695d9ed50,robelgium_msnoise
1315,a4ed1a8c21b084a583589ac415cbd8f97837a330,robelgium_msnoise
1316,a4fb8ea2944cffeef64ae6935f455cd699da330a,robelgium_msnoise
1317,a50aa5771de0b20bfeacca08123c6b19eea5171b,robelgium_msnoise
1318,a53456471b0db3aa1e8e6eb4b9330bce0fcdab4f,robelgium_msnoise
1319,a54d001bd492c8e4c05e2fb2243fe99ee90e65f8,robelgium_msnoise
1320,a556141e9944934bbd2eae3571accbd504d41960,robelgium_msnoise
1321,a57582273723b9ca79f6dd92c36c9c4a2246c7bb,robelgium_msnoise
1322,a5a8b0adcc25e9e3cb5426988d87956fa3d1a061,robelgium_msnoise
1323,a5b1b759a7485064f8ee4aeabb21a91e0105f181,robelgium_msnoise
1324,a5c8d9da7f2441fe73f07071a5759ad7f1adb144,robelgium_msnoise
1325,a606f7592b0784f4db58a7865c8e75e798ba30df,robelgium_msnoise
1326,a611b92453b65a082b1f948dce7cc65fdff93c59,robelgium_msnoise
1327,a6123f0d703c61e3138cac6c526b1d5a96da2d45,robelgium_msnoise
1328,a630f0ce1e651fe0e64f2b8e204e73671fe2ec9b,robelgium_msnoise
1329,a639b9022e208e4367b56558ac8a7f971166177f,robelgium_msnoise
1330,a670ecf4b86a3914e2a1e6fb4471675d638761cf,robelgium_msnoise
1331,a698980da378970aead5560c2fe1ea6433c39543,robelgium_msnoise
1332,a6b02ddf5445cdc6a164bfefc337f61a8ee90774,robelgium_msnoise
1333,a6c91e9cbb392a555c1405b3f4ead6ef3ff50dbb,robelgium_msnoise
1334,a6e75b2f920a009a8aaac7d118694c78e68be9e5,robelgium_msnoise
1335,a702892ebe80fae14c95bed78c687da27ccf75c7,robelgium_msnoise
1336,a74f5fdf5940fd5fa23c9e5811475277c212d583,robelgium_msnoise
1337,a750186941b87cda016f891bfc2878e046fb81ce,robelgium_msnoise
1338,a77b74bbfdbf6ebd9af7202d10e959dd226a0ee8,robelgium_msnoise
1339,a77e7494554297c9060bca25017e7aa355f71e51,robelgium_msnoise
1340,a7905c2c892fe7cf170a84f29a20edfd386148ad,robelgium_msnoise
1341,a7dee7e3435165d318472b26c10fe7c31bea8ee6,robelgium_msnoise
1342,a7e12e01229f265d853345e52040703a9d12daee,robelgium_msnoise
1343,a7e16e48b7dffb355798cdad63b6d1ad85899b4f,robelgium_msnoise
1344,a7e6f3eeb9a27d50921983718505efec6746d1f0,robelgium_msnoise
1345,a7f32ab931bbd7f861593623e70ed2ea7320c440,robelgium_msnoise
1346,a7f9a5052a38d629e8870c9d4d7ad847b0ae148f,robelgium_msnoise
1347,a7fcf42cd2bfa6d338d3b90319665854ab96e214,robelgium_msnoise
1348,a8288e0a4d3dc9c2b247c78b95445a752cb07292,robelgium_msnoise
1349,a82ef22d57a9e8dba69d1b11342c0c3c160f62cd,robelgium_msnoise
1350,a83db4d3986c945c66aa373d5bc04582db6cbfa9,robelgium_msnoise
1351,a85eefa591fceef1600de059d7a0be82f0f1fd8a,robelgium_msnoise
1352,a85f68e78d388395b80b14d5942009645501a654,robelgium_msnoise
1353,a884a08aa066d6ff1511d8b3a61ea2fd5f28db11,robelgium_msnoise
1354,a88f378189a96a3148c77abf611aafa6c7b67e91,robelgium_msnoise
1355,a8971e17c2fe5af087aa4b9a0698e3d08b8d1199,robelgium_msnoise
1356,a8cf1879f9bad5ee389ad4d7ee158210133b58d0,robelgium_msnoise
1357,a8e98efed187ad3eb48c7cc3bf08b270b1459e4a,robelgium_msnoise
1358,a8f00905868ce18651754d9e29979750d2c9fe66,robelgium_msnoise
1359,a917781d9d84b876232a49facecf2631caa52609,robelgium_msnoise
1360,a95f2e503c370103864af8055dab3e24361c0188,robelgium_msnoise
1361,a98cae303428d91b8fd0bf9a0bda8e6d7356eabc,robelgium_msnoise
1362,a9afe35b83e2aaee9df527c580724767c703923f,robelgium_msnoise
1363,a9b8f5d0384978a49c212ae596e1c36efc350e6b,robelgium_msnoise
1364,aa214125d36d8f74eaedbb74579f63827020e4bf,robelgium_msnoise
1365,aa405f7d3cab72f02cdf6ae8589f9f271b8f4426,robelgium_msnoise
1366,aa4a64b76b44204f1d5f5c5c518e23f0b9531b83,robelgium_msnoise
1367,aa5d6ee8b897a2edec966e49d36aaaf6ca2f6f0e,robelgium_msnoise
1368,aa64535d67918894db8421aa212f5ce05f66f9d6,robelgium_msnoise
1369,aa71d9e2e27bdab2f61f59aa92a292a3c4640381,robelgium_msnoise
1370,aa75fce358769985b03e0e66eadac5fc6a7e2c30,robelgium_msnoise
1371,aa7769621a8e5af1bada189a730fa1c906174a1b,robelgium_msnoise
1372,aa7a3f468a05cdf786ec082fbba541c7cd7b76e4,robelgium_msnoise
1373,aaa6a27cb0e447858c12c750105e719ef387491b,robelgium_msnoise
1374,aae88c79d6db413c79098dde9c0469ab858c9e42,robelgium_msnoise
1375,aaeac91f308a198e13da99efd66d3fed9efdfdea,robelgium_msnoise
1376,ab464c9c07950cc2d5afc832f9d83dde4172c608,robelgium_msnoise
1377,ab65ac277c94adc21e81dba73d46038965b40c97,robelgium_msnoise
1378,ab6eed4b2eee11afeb5d77ff1d5e1234530e7192,robelgium_msnoise
1379,ab75d388594bb9717ade9d95d0a4e33de6392e59,robelgium_msnoise
1380,ab896914afb7273e44480066a8b3980c8bc713b2,robelgium_msnoise
1381,abaa8c30da4f93412ecd62ba76d101d64976afa4,robelgium_msnoise
1382,abaffb4786ff62a2dbe1503ef0f044b8d64144ee,robelgium_msnoise
1383,abb089bad96621025a428690d67a03172e5ebbf6,robelgium_msnoise
1384,abd722fa7a351041e93b62af70e188fef2dbd14c,robelgium_msnoise
1385,abdcdc82604d64dab303fe97b45508d8dec3a960,robelgium_msnoise
1386,abfc07833d5903cc3415d5c46484283b23ff1e39,robelgium_msnoise
1387,ac0b20ef965cfaa8f74e01775dc107e5739bafec,robelgium_msnoise
1388,ac49602cd80ddf53019ef93e29780ced3c6c3b9f,robelgium_msnoise
1389,ac5c09cacb7365277594fd61bf3bdb08bed682b6,robelgium_msnoise
1390,ac7698e5383bb6938d2104ce82bb3f36ac28b2f3,robelgium_msnoise
1391,ac8872c2c568a8b79652384779e244ffb627d797,robelgium_msnoise
1392,acdb8da0144edbc849913e03e220da0f2aa02424,robelgium_msnoise
1393,acf35c67fc4639e6de118952570fb7035142f592,robelgium_msnoise
1394,ad1558a6496f16564c9d497876e9089d9ac7d0a0,robelgium_msnoise
1395,ad15bbe7c2a978bd756ca589742bfa48a601a7da,robelgium_msnoise
1396,ad70126e0b0c7390822731283c30179560e7fec6,robelgium_msnoise
1397,ad885fc187c2283e2413283de0f839c29c8b10d3,robelgium_msnoise
1398,ade63ffb2eeeed8c7fd0620f47e6d18cf91ec93d,robelgium_msnoise
1399,ade6567d4d65fd455842c1bef4f9cabdd3eb09bb,robelgium_msnoise
1400,ae0163ad29c7ebb12d617d6276b589b9aed7d5a0,robelgium_msnoise
1401,ae34d538022a92012ec0c9d61ec2b056d36d933d,robelgium_msnoise
1402,ae39e519b3fb75fa86c235dc7b53318601b15296,robelgium_msnoise
1403,ae4ae54098e86a0cd8eefb4f106ddd525fa870a6,robelgium_msnoise
1404,ae875a230473ecbfcc7d192e1b9a506965d3272e,robelgium_msnoise
1405,aebaea7d6fbbbc629152e0f82159903cec6682d0,robelgium_msnoise
1406,aecca2536ea6b543e6f69f220672b3b6dc39b20a,robelgium_msnoise
1407,af37f178b96214176f1e021b9573d3b4dc43be77,robelgium_msnoise
1408,af6ca3f1e588d171c74f1f14d2c445793222e4b5,robelgium_msnoise
1409,af86941862ed7812870f5d9701066d0da8d7d0de,robelgium_msnoise
1410,af88fccbc4f9aa914f90f6d14a45bd6b0aa8bafb,robelgium_msnoise
1411,afa8e9b0d3aebe8acdf3b710fe82feaa26ac0a19,robelgium_msnoise
1412,afc83ceec033ac30e31cfb894db45ce6d97b2c3d,robelgium_msnoise
1413,b02ba7d768a05b0f627f91bbad090a3ae49919fd,robelgium_msnoise
1414,b079afceb7b6008a552af981045d9fbc1d724def,robelgium_msnoise
1415,b10cb416d41be479ac987795c94a75c6428dc6b2,robelgium_msnoise
1416,b11a3c99ac4a6339c31e65da29755963d79af342,robelgium_msnoise
1417,b18d96fd516367aa7c7d5373ab0e418eab297fb7,robelgium_msnoise
1418,b1f895720f0b3cdd865925157617b253d2e581fd,robelgium_msnoise
1419,b1fed0e4d2500acf363517f65a17ae3a5af054bf,robelgium_msnoise
1420,b22579c1def1195c3126a1b65f2718a218563bbb,robelgium_msnoise
1421,b22ca064164d71f6f9d1753050a8c88c8f6cc6f6,robelgium_msnoise
1422,b247665d87f1343de7a919d2086016800ec996de,robelgium_msnoise
1423,b258d5ca8c25f8ea953de10d5a07341e034d99a0,robelgium_msnoise
1424,b25a15160406cf74ee8746e7462ceb35dfbb7c8f,robelgium_msnoise
1425,b263772ca366c85f44de5a7938966357e505719d,robelgium_msnoise
1426,b27413330896dca22807f892d52edd9af7966f65,robelgium_msnoise
1427,b2753cdefb6b93df3dbd611b0ca21b6bc39d6b22,robelgium_msnoise
1428,b28d01390d321f5ef4de3ac09d8d3a80b9b17698,robelgium_msnoise
1429,b28e8e031faf549ef749121affe6fa947cb5e63d,robelgium_msnoise
1430,b291135f49822cd69dd41e467e6fd89ac6a2087e,robelgium_msnoise
1431,b2a0b55ef4ce29a5d4ce0d1e961d9ee470bf0744,robelgium_msnoise
1432,b2b590c22148e93e358d8d56fc23547163b75d85,robelgium_msnoise
1433,b2e9bb0d85f38e2708b2e85d12cf58a64f315534,robelgium_msnoise
1434,b3055d79ae51c4f4f2600c572a48aa5e88b60417,robelgium_msnoise
1435,b3576f2d57abc89dc85c5ff7dc08d724de9904e2,robelgium_msnoise
1436,b3660f8a868dc239c5915269fb1a099b0893ca07,robelgium_msnoise
1437,b38aa8892662714e672727720c3371c24b0340e4,robelgium_msnoise
1438,b3bb51b004362962a8ba280482f4c957fb039846,robelgium_msnoise
1439,b3da7de667db703253479d5d8b18aa7c81833d1e,robelgium_msnoise
1440,b442dd190a0fd8e6ec61bfe79c28cd02ec1f8287,robelgium_msnoise
1441,b46ec2d7231181507dd54a83e4bd7070176c6a77,robelgium_msnoise
1442,b4784b6178b323c59345786f983414845de37c7f,robelgium_msnoise
1443,b48853d3a60f3eb080f79a6074fbf9b081507b8e,robelgium_msnoise
1444,b496c3295868182e9480c3da9ea234122f68a51d,robelgium_msnoise
1445,b4a62112fcd35810978b14d2920b6704e3ad713e,robelgium_msnoise
1446,b4b5409c68654b8cd78277df3740b5fa439d6cbd,robelgium_msnoise
1447,b4f699dfa96989bc2f0c8091abb0e9435b7505e4,robelgium_msnoise
1448,b5474cf9d060c50dea83b267911edec8fb703af0,robelgium_msnoise
1449,b550b5cacb4d0c0f56afb7909d6da90cf8d7a478,robelgium_msnoise
1450,b5637d8949534f6c5d04a33e5c6f0a7d8eb82b32,robelgium_msnoise
1451,b5b4c0930606e03995adb2cbb731c166e3a5f8d2,robelgium_msnoise
1452,b5cbee222d0a1bf368b880b5880ffa0f3642146b,robelgium_msnoise
1453,b5ccbc8bfe3d963f705fea4d230172096b630971,robelgium_msnoise
1454,b5d9ab6845fc1b9b29c1a5e3fd312584778409df,robelgium_msnoise
1455,b600272aa4b914146f10280be143b5af3123dc23,robelgium_msnoise
1456,b604f9727227ecc8b2c44a03c2ff9e3f758ed36b,robelgium_msnoise
1457,b60bed990124e59b9717bcda473a28a3e6a504b5,robelgium_msnoise
1458,b60d0679b359aa1857e2d7d64334d41dcc5ec8d2,robelgium_msnoise
1459,b6234b8b63b46a63475868ad56e92c1d58b263fa,robelgium_msnoise
1460,b635285a373402edf0cb81f9cbc53371c26b8fee,robelgium_msnoise
1461,b697dc9aa52161a66ff537909c1bcd4813a23a65,robelgium_msnoise
1462,b6a0819cfd7acb36cedc2309a4a1d6e789b4a141,robelgium_msnoise
1463,b6bc7900c0bca4cf65be7942b913a9036b64455e,robelgium_msnoise
1464,b6bccbae7e68eb4bb3a31c8ffc79208f76936b62,robelgium_msnoise
1465,b6e965f65b6d2ce022d28b5991ac1c15b62c3305,robelgium_msnoise
1466,b6f4df6d35014db2009f010c56c3d31a07cadec0,robelgium_msnoise
1467,b73ea1217835544e0787f571199bdd00627c984d,robelgium_msnoise
1468,b7922165d8ee595e6d2b2918bc6681761fc5d43c,robelgium_msnoise
1469,b7af7f26e0fd0025fe8ab2b70da464d5cbee5a21,robelgium_msnoise
1470,b7d7fda7cefa300f5c89fc147573eee52bf2d768,robelgium_msnoise
1471,b824c68d17912e0bc2d8ea51eeea24afa6d816d1,robelgium_msnoise
1472,b8318f3da6ee1ae2aab92a86810d1dd378e3a036,robelgium_msnoise
1473,b83234857521983624a18b51aeed0faa99ec5e8a,robelgium_msnoise
1474,b8340725c7d4feb2e30d6d875c7bd4aaa5f4bfa8,robelgium_msnoise
1475,b878470c045eabba9942436703cfb6d498b3c531,robelgium_msnoise
1476,b87855f1e2d5ccbf5dfbf166743860f448dfd405,robelgium_msnoise
1477,b87c29a007e18fb2471a43598a8b9179a08eee2b,robelgium_msnoise
1478,b895f8b66b9d577be3640faba768afceebb87352,robelgium_msnoise
1479,b8c5143885e5f757f51399a5104423a766b37809,robelgium_msnoise
1480,b8c620234d1449b14130192161f954aa9b422ef3,robelgium_msnoise
1481,b8d22056186e437c72bf33e82b1bcf092174497e,robelgium_msnoise
1482,b9130b9dc40929ac5d104e68a65d162736d41a64,robelgium_msnoise
1483,b91daf5207beb9e9f1715a5d966e5228d6fd4d1e,robelgium_msnoise
1484,b940ff1c1180f26d4704d4fc3520677e04250e72,robelgium_msnoise
1485,b94ffd75d19c7cdb18ca167683a8c19efc0a7146,robelgium_msnoise
1486,b97eff29675044080b2eada3926ea0ea377f582d,robelgium_msnoise
1487,b9d0265692e9082a4db1b4a5ef4efd3cc3ee9279,robelgium_msnoise
1488,ba4bca7403421f41be048792afd702355374c958,robelgium_msnoise
1489,ba5097a4e7142b24c7f1fe94ab090a02b62a422f,robelgium_msnoise
1490,ba6f6f1cea3ad9a04e4c0a33fac090e9a29bfe25,robelgium_msnoise
1491,ba738601abe11d6d5da4110bcc2ac94c2782afc7,robelgium_msnoise
1492,ba930643901ea7f4c7196932841de8b3f71f59f7,robelgium_msnoise
1493,bab63754580afcfeb3c8ec66f2a2a12089c86c25,robelgium_msnoise
1494,bae37de0a389b3bc853e71888c21e5ceb59ffde5,robelgium_msnoise
1495,baefc54fbcaf72d1becb564ba39338cfb434785d,robelgium_msnoise
1496,baf2a6e1486eb97cabf43e56a87b67f033f932bf,robelgium_msnoise
1497,bafa97ec69c2555a4c128ac4b3f2f8fb5189c8e6,robelgium_msnoise
1498,bb51111d4c10297f05454253bbeaefc2327ad3d1,robelgium_msnoise
1499,bb576b4e2689ecc411d37fb09dcf3a559b54e16c,robelgium_msnoise
1500,bb80ad9b2bae2b745d91187ccf9fd45ce1e00436,robelgium_msnoise
1501,bb875ac70865a188d82a6ebdb2e4e171c2e7765d,robelgium_msnoise
1502,bbe4f20c527d46ed2c70e5c53bf5aa37695acee3,robelgium_msnoise
1503,bc09fc4c8ce59549231534fbece557955b56e3d6,robelgium_msnoise
1504,bc2b7f0fd9c23234787375348ebed138e5ac7261,robelgium_msnoise
1505,bc42e6effcadcca3f5b50aea408f7408ec8ff0bc,robelgium_msnoise
1506,bc628ff71a2879d913de4fa455ac0deb669667e4,robelgium_msnoise
1507,bcdcd6bce9f6a0d4d1aee8814a5d0c8879ef8e61,robelgium_msnoise
1508,bd1cfabd956441012cd03fdc294396bd48f05d73,robelgium_msnoise
1509,bd22dd290608c2a27bb8122fe5127232ea5403a7,robelgium_msnoise
1510,bd277237c51893dd61e7c6336a8385000ba20697,robelgium_msnoise
1511,bd53958b4c273d616d6790b762c3973944870247,robelgium_msnoise
1512,bd6556d044ef8056c60450a4c075ddf654095d92,robelgium_msnoise
1513,bd84ab8edf2023246dfcb6714fa02e5336661526,robelgium_msnoise
1514,bd8f8488fe51ccb22fc4f3a542adb2256900a8e4,robelgium_msnoise
1515,bdde8d3ec002a060c3930741bcee9a58c7c52b6a,robelgium_msnoise
1516,bde1e3cab5cfb6c205f0071542a7da7bf8ba14af,robelgium_msnoise
1517,bdf3e9278d02ce09c318657a1725a9be4221f297,robelgium_msnoise
1518,be02ef6bef8ef104b5289589e4aa427e681ca03c,robelgium_msnoise
1519,be162b6b69cc87fe46cdd4641c5b671947005392,robelgium_msnoise
1520,be2ba55114037abe56990cc518f473a510709de0,robelgium_msnoise
1521,be3304d99830f30489c10350a65fe2cf7f37d971,robelgium_msnoise
1522,be4ccebcdf4c89147f11ee45c3da39506e0c8b5f,robelgium_msnoise
1523,be60c14486e2c55b6cc633f759e9927494dea6eb,robelgium_msnoise
1524,be6c80e1421e60e28035c0ce124b9bf707f77984,robelgium_msnoise
1525,be6e490d8c20c801cad6f1fe8e18a043b74fd8e2,robelgium_msnoise
1526,be8eba080857d5db8e16bff958ebbafff07710d4,robelgium_msnoise
1527,bf0955e26ab8a7e239c2c2fdff37887e783e54fc,robelgium_msnoise
1528,bf5dbd1d66c2c62faf99a9095fd7571d7b1a6a1b,robelgium_msnoise
1529,bf65c6b92399eb72d4f0b1a74162e466a0282a5f,robelgium_msnoise
1530,bf81d95a15989ea90675874267d2af2659001b37,robelgium_msnoise
1531,bfb908d607af808c341b1c6a8767c205998bca34,robelgium_msnoise
1532,bfc8fce0438538b4dba1ab589813b5ea777b7f68,robelgium_msnoise
1533,bfcc9eb3b860589f8be422c901ed12deb3ca0eb0,robelgium_msnoise
1534,bfccf17ddb679b44530a48b78ad31dce7ebca328,robelgium_msnoise
1535,bfd55542861a7b6beb9d01266c6f7d47a2e9dad6,robelgium_msnoise
1536,c019b00ca0d22ad62c793911d99f20fc7c9268db,robelgium_msnoise
1537,c02993fb053f5eefe1ec70e453223532934656fb,robelgium_msnoise
1538,c065c8812685e4cd91828fce438ea4905a855f4a,robelgium_msnoise
1539,c070d80910d6aa20731ad1440a73a30f37b05ff9,robelgium_msnoise
1540,c0763801a8f5e25f5473d01d3c88cc09a3692589,robelgium_msnoise
1541,c0c484ae8d7dba54048f87f5f252d0ba6d3ce44c,robelgium_msnoise
1542,c0cbc09d25cf3d3300b8b409ac6690680fe360d7,robelgium_msnoise
1543,c0cc0cb9773d6ae26670da6264b6b8cf0b4d3654,robelgium_msnoise
1544,c1199dc4b30bc4a6514fdb3245bbfab152777ec3,robelgium_msnoise
1545,c1633f16e95f906498db5ccbf182202a841e1f7b,robelgium_msnoise
1546,c16ea4246e2f75fd058e6a65ff5c3e93931ac6cd,robelgium_msnoise
1547,c175119370dce797b2ddc470b188c342e9885344,robelgium_msnoise
1548,c19a1a13c65ddfe2ac3e7bf1c01498849a5b5bde,robelgium_msnoise
1549,c1bb47ad4b471123ba519c20ed0f48bfa79ea90f,robelgium_msnoise
1550,c1de3b7019b99fa6e107d2b36852c9c0d2a9e2a0,robelgium_msnoise
1551,c20da7dec6bb95b5e163fabe9934bdfcfa104e54,robelgium_msnoise
1552,c21b7d04d30c8e3ee065919fb28ad27f18935809,robelgium_msnoise
1553,c21d12590fb4077d45194941b0d88e2a6250320c,robelgium_msnoise
1554,c21f02f43ca32ccb2bd8c1d5367d0757ac3436e4,robelgium_msnoise
1555,c22a65f8dd6738122936ea0689a64dbf1284b982,robelgium_msnoise
1556,c24d83609262b749abab57a5e47023875b7cc724,robelgium_msnoise
1557,c29c655b557c8584830548f6f88e6f3f00f526a6,robelgium_msnoise
1558,c2ab9ca93cbf33e370b73d5df60defbe609f875f,robelgium_msnoise
1559,c2d2f7809d40b62248b443dbd0d12bb0ef2b2f15,robelgium_msnoise
1560,c2f6dc3bfa0395b07bd53e709471acb2e7c501bd,robelgium_msnoise
1561,c2ff93eb600789134f5182f6c01c75ed52423d1d,robelgium_msnoise
1562,c30af57a2302dcf8f96f59bc2a2f8c1fe4a8eefc,robelgium_msnoise
1563,c3224fe44a140fe5c0d73cbf2b76c631435f2992,robelgium_msnoise
1564,c3803b78d82ca2e5ec092eea6612e14b06cfd75b,robelgium_msnoise
1565,c3e56883ad4da3a776d6e79ff637f7e0a3e5192a,robelgium_msnoise
1566,c3efa245ab2cb3c3a5a07bcc9fec0e5401454c65,robelgium_msnoise
1567,c3f5ed3e3e7629bd7b0530e17574e1b9be222e83,robelgium_msnoise
1568,c3f8d513a6d851709f3dbf88f6d0a6fc30c2da55,robelgium_msnoise
1569,c410940b03cddf5baae9ceb5789a85ac35b25a98,robelgium_msnoise
1570,c44ea8fc0b078c15afc46eb227c41d68461ec1f5,robelgium_msnoise
1571,c45309de82a7cf23b68254439e7bd6a095b39ce3,robelgium_msnoise
1572,c4698fd1f97e267f76af622f7730b54297feadb3,robelgium_msnoise
1573,c48ea31db413cc5da14e3984194b5b1fbaf279a3,robelgium_msnoise
1574,c4c4ffa692e3848f5577b4dc7d8d16ad5e8318c3,robelgium_msnoise
1575,c4d1c14d97c849fd13113f2f9f89d1d149f4dcf8,robelgium_msnoise
1576,c4d4333f78268de17ad1596717cdeedcaa8d806e,robelgium_msnoise
1577,c5018278d32c5c99a6ba3ead6fe9506a35100a98,robelgium_msnoise
1578,c5362d732222b45f17fa9ad5fc4d992ec256a7aa,robelgium_msnoise
1579,c5691e301935b843a6ce26d669b82846b287da25,robelgium_msnoise
1580,c573faaa11eb5657537b78317a27540ae87b6151,robelgium_msnoise
1581,c57a892f6d609193aeeadce6dee36cf80966c33e,robelgium_msnoise
1582,c59cd0772d2a55ecdbc780a57b10792bafbf1ca8,robelgium_msnoise
1583,c5c47c483ba13bdba0d51526f88b897d7e85a971,robelgium_msnoise
1584,c5e04b78d8df3938530f160d734337a2e282f1d5,robelgium_msnoise
1585,c6026205e0c507ccf46f553acf11f5b15e158443,robelgium_msnoise
1586,c62318f6f82eefdde150f317c216ba34dbb9b2a1,robelgium_msnoise
1587,c6390c1e1090134231027c232158d4a7477f6f19,robelgium_msnoise
1588,c6600ab2a487ff32126dd45506a414a14b7f5786,robelgium_msnoise
1589,c66d5949fe693c1efc588a1611557e46599dc23e,robelgium_msnoise
1590,c6b6c7e466efc1801290db60997f91739568ef02,robelgium_msnoise
1591,c6d1d0caeda806df971a7e2bb2024050d2eb94e0,robelgium_msnoise
1592,c6df1f89baa519a02219f35d9f01142e817bea93,robelgium_msnoise
1593,c6e3d9ebe47fad4aa6ee52025cf29f5bf52a3141,robelgium_msnoise
1594,c6e660687912b1331491f2173eaa01493e71e824,robelgium_msnoise
1595,c7049d7f34935b143d0d90ef02a5271444383c9d,robelgium_msnoise
1596,c72f6f02cf6580b7c367476f5f29079825e90b01,robelgium_msnoise
1597,c73738262e1248f9ca945b789f5c10dfc9d0d8b9,robelgium_msnoise
1598,c745ec08d6566814a062e96b1d43cfe2fd9d280e,robelgium_msnoise
1599,c7504e5c41d66d4129168e927141cfe940e1ae27,robelgium_msnoise
1600,c76eec4e8b3d4186f7163c782bea4fce7347c771,robelgium_msnoise
1601,c7790fb45ea5e010ae85cb71cb5e34734d93929c,robelgium_msnoise
1602,c79f2ea21e522b9bc1e3dcc802ddd37cce483efd,robelgium_msnoise
1603,c7d82d4c9c3c292ccb15e73aeaa4ec589fee1c14,robelgium_msnoise
1604,c80a3c76a4f27364675aaa16e79caa7b8dfb9365,robelgium_msnoise
1605,c839ae621bc9bbb5afba083f99a8ac2c5815eeea,robelgium_msnoise
1606,c84dab2cd89348005bc8cc844928b066b67f0e4a,robelgium_msnoise
1607,c86034ea1ac33c6868483e46c0ec214f8a843085,robelgium_msnoise
1608,c8c59919ee4af473c092791eb7f6863547b09e84,robelgium_msnoise
1609,c926ea83ab6ba34b970b59b9f1f20fe62e51b957,robelgium_msnoise
1610,c92ddc1d2ee4abbb9a906d76ebbf4d8d79d7c281,robelgium_msnoise
1611,c9308bd6736b516569e30873347396a9de53960b,robelgium_msnoise
1612,c980e07acf1dd7bb86365fe25f138efdce2b0193,robelgium_msnoise
1613,c9ab99af63d43e7bbd84358e0381314458ac4dab,robelgium_msnoise
1614,c9e614db642cb46c038ccf8a054f92202062f374,robelgium_msnoise
1615,c9efd0a9fdfd66e331fa53cbbf1bf53ad9c1c29b,robelgium_msnoise
1616,ca683ceaa2eda3055f2f430c03d2348abd00e7eb,robelgium_msnoise
1617,ca86367f2bc4f0c64a8d70786ed14b6dc47fa5fb,robelgium_msnoise
1618,ca917941a316eeb2c783f68783a2603ad02873b1,robelgium_msnoise
1619,ca9bf9333c11f9d8909df95a2d5cb7f5351185d7,robelgium_msnoise
1620,caacdb3abbd331b95db7945aba92f334680ae5a3,robelgium_msnoise
1621,cabb2b30a1d9721478875783ba186b345a8771a6,robelgium_msnoise
1622,cb1032ba293c1be1b96046ef3ccc86566ffb2268,robelgium_msnoise
1623,cb36dd7c0b486e0952d75661caece1f618184f4d,robelgium_msnoise
1624,cb517e788ce4f38432a7b54595fb9e1a74790810,robelgium_msnoise
1625,cb564021e6621f3ee19c591623465281fa472a58,robelgium_msnoise
1626,cb802b9f4eff221637da2efbe541ac10ddc8f4b5,robelgium_msnoise
1627,cc55b40c3639058632fd6dbd065c0f233b00889a,robelgium_msnoise
1628,cc602f9743d6606500799949731dc0c2a9b698b4,robelgium_msnoise
1629,cc6f9270cf83befa488df0ee34d4af2d9514a3e6,robelgium_msnoise
1630,ccf0cdf7f88ca4a0d7add6db4b66277f3a2bff6b,robelgium_msnoise
1631,cd17f2328d5b1a43be6f188eea5cd25f942abe5f,robelgium_msnoise
1632,cd3539b92c1aad445d73e59e74de61fc449d8447,robelgium_msnoise
1633,cd4071e47f06b0b3ecd41897da3db0bfdad63d60,robelgium_msnoise
1634,cd72f7884090ad1ebc3b13608819ffcf8c4810be,robelgium_msnoise
1635,cd73c08bbfbc154634b170eebedceb9489899235,robelgium_msnoise
1636,cd81e5a9e53346b31876ee273334bd62ff006dd7,robelgium_msnoise
1637,cd85c50ba4014fce7ee2544b05a6b91d8e75a862,robelgium_msnoise
1638,cd9f823d2643e46ea348a3a55f34a69fd193b5a0,robelgium_msnoise
1639,ce1af6ddc60e8d6204ef7be3e90a5513a22adc98,robelgium_msnoise
1640,ce379bfd384cc2c347c58aa7175948512261f514,robelgium_msnoise
1641,ce43fb042fe07852a42b5596b6d01b8156970269,robelgium_msnoise
1642,ce4916cdf1903e5ef79454662350128c562cd18a,robelgium_msnoise
1643,ce4a9827e07f0c236f4cdb239f55ca0c99e58f1b,robelgium_msnoise
1644,ce5bb11a284a98619a9540f03fa27052b1e94621,robelgium_msnoise
1645,ce734f0ee39ff3266affa82220d66c89dd4f816c,robelgium_msnoise
1646,ce75f456341863cfb80c038209f6b87a38d98c4d,robelgium_msnoise
1647,ce8e9f891dc2ba51a78c1e126b20dea78a11bad6,robelgium_msnoise
1648,cea05f0afe1a00f3c5c7095cc20c7d5e449f9b1a,robelgium_msnoise
1649,cea0a915f436ad3576eb1ff15fa235c918555812,robelgium_msnoise
1650,cea600a10044e09a428b283c0f7848b3113ab4ee,robelgium_msnoise
1651,ceac4c8eed9a79d2b0efd7b602c9ba7aa509f887,robelgium_msnoise
1652,cec2efc646979a8574a4971ae01ea4ed154552cf,robelgium_msnoise
1653,ced33945f96310e4e4004409ee0489724ddae81f,robelgium_msnoise
1654,cefaf48e6c365046aa8d2a1a45d6050343f0acf9,robelgium_msnoise
1655,cf389b37624b498e3c2b20125d2e3d5c2a2defa7,robelgium_msnoise
1656,cf3ea18f16749058441284f6af1856c470592faa,robelgium_msnoise
1657,cf5a62a3c62f61225f509413965c9b3cfbfbc94f,robelgium_msnoise
1658,cf8661e50f660e4a1e13f7cc972a2740dc499bc8,robelgium_msnoise
1659,cf8f7b7bdfb5408037d2ad59e50c806f3dfb6bc1,robelgium_msnoise
1660,cfc91e4c797d0fbc0395932e139a16e0f09a85a2,robelgium_msnoise
1661,d068cbec9862e49421c0e2e3fd1002e189bc8302,robelgium_msnoise
1662,d06b0d8d5470a069484760a001ea4b93219ece28,robelgium_msnoise
1663,d06bc6ad777e602e3245379ba2ecb4539adbab26,robelgium_msnoise
1664,d085030089c2d863fb754be041b9b33ba446ad0d,robelgium_msnoise
1665,d0905f468e2caa9b148115d1ebf6325489713959,robelgium_msnoise
1666,d0be2309281b75dbaba8422f2adfca9b7e1d54fb,robelgium_msnoise
1667,d0e42c4f0aeba6a66028fd3f56dd360b3b969991,robelgium_msnoise
1668,d110b175e3faa15c217c8d9a54419e92058d35da,robelgium_msnoise
1669,d1316065b49ffcdedbb336f140b74d3c4685d6ef,robelgium_msnoise
1670,d174ad5f857463ba639653b13e5978b547dd879c,robelgium_msnoise
1671,d1ba8b4453dc22a746fafc37ba8634737d5bda3a,robelgium_msnoise
1672,d1bb58a8f073965b62249a185f01ee6830b587a3,robelgium_msnoise
1673,d1d8705d9436c6a7ba3a0daf7985ea4f206ab3a7,robelgium_msnoise
1674,d2245bb9749aed13f90550aea40915c7919b9011,robelgium_msnoise
1675,d241f7a979300a526dd98ae0b61f6cd51c9cb282,robelgium_msnoise
1676,d2450875dbef4cb4fe05bbfb4f83fb12799f20b7,robelgium_msnoise
1677,d2709a2082ce20c4c002e6d6924f089f33a20020,robelgium_msnoise
1678,d29abbcde72d86115a2d4504a37a3602213b75fb,robelgium_msnoise
1679,d2a419de7f8b568c9a57c731b5d6606d7f0a3e72,robelgium_msnoise
1680,d2e911779b4ac4b0cb71b7e1fb7806243031ce2f,robelgium_msnoise
1681,d2eec99911a3bcdf3a2aa42e9956320ba205b5d3,robelgium_msnoise
1682,d2f66096a60b9371ec4067e1063e7d521aada5ea,robelgium_msnoise
1683,d337017872d39ba5098bcc92e95445b025e908a7,robelgium_msnoise
1684,d3445c2044383c20d067ab1b2596559fd93dfa10,robelgium_msnoise
1685,d357233eba1803e4ddb3f6601716a8938dc99f14,robelgium_msnoise
1686,d359f068a8cf33cb02c311d65701b053959234fd,robelgium_msnoise
1687,d38daf920d3d36bbd2d79ab866477f790d3feebd,robelgium_msnoise
1688,d39c154dd12117ad272973da3110a6d00dfcb5db,robelgium_msnoise
1689,d3a03af56452dcaf06944b76274061c9b683d748,robelgium_msnoise
1690,d3e02db34f5875ff3fe7e9e1f489e1d84309d0ee,robelgium_msnoise
1691,d3e8c66fe7268b7faf6ac55f62f916c2bcb9789f,robelgium_msnoise
1692,d3ea190f1afeb4f22b2e5d3276041ec41a9699c0,robelgium_msnoise
1693,d42a0e4b61540e9db8af8483b924265f5690e5a0,robelgium_msnoise
1694,d450b735b37857e8623ec7c4f298d1c3fb2cd8d6,robelgium_msnoise
1695,d4523e1789e6974ea63564ec6d9658d6489846cf,robelgium_msnoise
1696,d4736b7872acbdc92d3612c1ded04038f2097ec5,robelgium_msnoise
1697,d49b121b8506bb8c3508c6d99bd3049ab4134050,robelgium_msnoise
1698,d4a38fd1ebd6835e201846d9b50630429538e34a,robelgium_msnoise
1699,d4af7d0a9cef45a630bed7647c55c32b069f6e58,robelgium_msnoise
1700,d4e78c055239bb1da07b4184679b5ab81a552eca,robelgium_msnoise
1701,d5101607fded702c226f7f80f2c139cfd009e301,robelgium_msnoise
1702,d54d795cf7f4eff38696e1b98a3aa0f0bbbf015f,robelgium_msnoise
1703,d55a805a8f219eb704c757ba5d7499620ef55e3e,robelgium_msnoise
1704,d55b8f8f9ffa7516ca97fa68479e865b911d7857,robelgium_msnoise
1705,d578a1b2fa42ab171164378fefd34dc5f7badb8d,robelgium_msnoise
1706,d5998ad4d27760ba96be6322176e449b6c5214a4,robelgium_msnoise
1707,d5b316cfdf763d4b6abde86e434593a713ba39c7,robelgium_msnoise
1708,d5bbda89f31f7b6097115ddde25ce0376d8802e3,robelgium_msnoise
1709,d5d0da81fd7ebdddbdb697289ae9d75730a12e3c,robelgium_msnoise
1710,d5f2be07a9509562b6b96a227ad6246e31140143,robelgium_msnoise
1711,d6311af78561d3e0aac9d8597b3405ea5a87ce76,robelgium_msnoise
1712,d6553de901401ab27e8a22dbca8a550fc260bbe7,robelgium_msnoise
1713,d67c232e761feb70e32fc7180aba04ad1068dcee,robelgium_msnoise
1714,d6ae257de6f0019e182b4b0f63b5ef7790116d82,robelgium_msnoise
1715,d6c03ab8eeb05a356c9f0888d9e619de029c956b,robelgium_msnoise
1716,d6ddbded69241df51449d86fa82e95c2dd29521a,robelgium_msnoise
1717,d6df3ba3b13df971a23ebca88afb4711e7e8fda1,robelgium_msnoise
1718,d6f402029f9f28a26493e6453550af1b6101339e,robelgium_msnoise
1719,d7195b1a1887efd22e599a06a5360ac7af0813bc,robelgium_msnoise
1720,d7231794e6f2126d20c69ae75f8a92904757f1bb,robelgium_msnoise
1721,d74ddd4104ebf792165be06954f1d391abe12682,robelgium_msnoise
1722,d755bda6602e19505cd9b22784f50da17b2e25d5,robelgium_msnoise
1723,d766c8e916f2a048d6e5afb15d423db22b8242f8,robelgium_msnoise
1724,d7a328e9ec58579e7b3a6529629cc39345a54bbf,robelgium_msnoise
1725,d7a36fcef1578cf9cbc9e2af0c085692c0292fd4,robelgium_msnoise
1726,d7e956617cff634ec6013e18c59ecfba11ad7537,robelgium_msnoise
1727,d7ecf0c0be7fe34ccabacd865994590e855df72d,robelgium_msnoise
1728,d7f2b81d2de7ffb4327bdd1afc344350b1773a0f,robelgium_msnoise
1729,d8033c22d2e82865f715c7b55a2ec83790129e97,robelgium_msnoise
1730,d80ec35662098c1c1477bd0284425895951934bb,robelgium_msnoise
1731,d81774ecd151c2c9c962795f14fb98d6fc715add,robelgium_msnoise
1732,d86a7b231061d7c0414b67d39011bf962d3df761,robelgium_msnoise
1733,d8751302bb9560ebd96adf19bd9b7f35a4a92737,robelgium_msnoise
1734,d896c01f31c2e2690bbecb09b1dd7231170398dd,robelgium_msnoise
1735,d89877fc77bc10f353d189a3abe120408d0c0764,robelgium_msnoise
1736,d8b8c72ac6277d2bbfc3387e545fc6ebaed0aa13,robelgium_msnoise
1737,d8cbe28c565a6138bd4ff2e9239cba591a8ca746,robelgium_msnoise
1738,d8de86bc937470bff048be4a5cb47f4c95588d4d,robelgium_msnoise
1739,d8f1d1e5c32215d55d5495663587bd3658d3523b,robelgium_msnoise
1740,d92d9227a40b69d57a2ea35e840ce5840a7f0dba,robelgium_msnoise
1741,d936cfaf21d6a27145a6fef3caba8a648b25af10,robelgium_msnoise
1742,d959927ceccedaf0c76b4f32db089cc94c00b197,robelgium_msnoise
1743,d979ed0644e805342463064305f4dcc306095b55,robelgium_msnoise
1744,d97b066665a6c1c6efc12d3230c8ac9b0f83fe31,robelgium_msnoise
1745,d97f2df74eb08bae05d0270a9749f4f669bdd13c,robelgium_msnoise
1746,d98264d9ffef09589363fd4c3433c2af78aa1c2c,robelgium_msnoise
1747,d992697becfe076f06352399602a17863f3b21ca,robelgium_msnoise
1748,d9c2bb8ee717222d17f374fbdcca242a0854ee4d,robelgium_msnoise
1749,d9f167f1e9303c7271ab73f02a1a0cc349df40eb,robelgium_msnoise
1750,da342b8f0c445661c52165e5305630ccb3bacaf6,robelgium_msnoise
1751,da4ba73495fbfaf087bc5069ccd016a994e506a9,robelgium_msnoise
1752,da5b88a752c71a268cabc5cb1108e39bdc52b74c,robelgium_msnoise
1753,da76e3429b22290b47d4f4355384c43667befd1c,robelgium_msnoise
1754,da7e38407b17740d165fc0b25097b66def82fbf6,robelgium_msnoise
1755,da9c54b91ac6433fbcf94e4b6725627d5e10cb46,robelgium_msnoise
1756,daa7ad19020a2d437712e8e5a49fbd9e229464cd,robelgium_msnoise
1757,daae416d134959192011a941decded85dca735b9,robelgium_msnoise
1758,dacf4892a92f66e5a135cbd00aeedecea95b3a99,robelgium_msnoise
1759,dae4be1de9197d65537436ea12162185005ef675,robelgium_msnoise
1760,db1092c10174802623a87c36074ceb6d91656817,robelgium_msnoise
1761,db30d2c2690607c45de9c464a93116554c3ffc4d,robelgium_msnoise
1762,db4de006fe08b06b81f62766051472de37c96e3e,robelgium_msnoise
1763,db5c4923960b195b1e280ab6643a9f91b791ae35,robelgium_msnoise
1764,db878776be4bda4c1f9923905e7fd15b4e855e48,robelgium_msnoise
1765,db9aef69dd88b96bfc705b1a2e346aaa50aca867,robelgium_msnoise
1766,dba675b956f22a154dc356d9f93854d7b417790b,robelgium_msnoise
1767,dbc4d30a85c1d3163251a63bead64ed9cf2a0344,robelgium_msnoise
1768,dbc93321592e3e97071646d0dabb03a249db8839,robelgium_msnoise
1769,dbfe9f14592a157a08b2fe24654d46f88bc63eb4,robelgium_msnoise
1770,dc465e4a43a770f71c22e1ae6b028b96baf19a77,robelgium_msnoise
1771,dc5d8068c7df4d2844606f7019db212aa1bf681d,robelgium_msnoise
1772,dc6dedbfa8193909d9010eba35cebdca90ec47f5,robelgium_msnoise
1773,dc7c8cde67321e442bd2998d5a0e76969a07eafa,robelgium_msnoise
1774,dcc676dba50df7f78aea7b8ace069da53dd9eaf8,robelgium_msnoise
1775,dcf5be314f3ef8ebb6d94f68bc911347f8c52811,robelgium_msnoise
1776,dd401344939bd6e89e3371795cb056d5c92d6c2e,robelgium_msnoise
1777,dd57a69836d5d6305f4e9c475a3d7e4b97822653,robelgium_msnoise
1778,dd6427a86dadbf37b26fc2e43ee6fa7b27b37cf2,robelgium_msnoise
1779,dd6bef7af95d1fcb7667b0e65ff249c3edfa879a,robelgium_msnoise
1780,dda5fa1caf9c6888ca418227d80cf838938a3d1f,robelgium_msnoise
1781,ddab17c6a4b82f89f5bed2c2b82bf2d7feef417c,robelgium_msnoise
1782,ddaf430b860497b99e35ab607a589d503d18729d,robelgium_msnoise
1783,ddb9181f910c042f8ca4262b96414df6d4735855,robelgium_msnoise
1784,ddbda35fdacddd258000b45ab871981a2e3dd999,robelgium_msnoise
1785,ddfa88a4a204b48038cea3c00e6db820e56d1f6a,robelgium_msnoise
1786,de238be1e62138399292dcb0d0dc08d75c83244f,robelgium_msnoise
1787,de2617098e46be48d77c371f4e71641a45eb4975,robelgium_msnoise
1788,de7923972d9c19f2801d8f62e84a43b1886fa4e7,robelgium_msnoise
1789,de8261b78085b021ab71b918b14e65f249f62c67,robelgium_msnoise
1790,de84f105b720fc84e919b3e8d864ada032b46f20,robelgium_msnoise
1791,dea384068a79b8e44a4b63f738366130343743c7,robelgium_msnoise
1792,def8aad0e18faa8774e604c67304849aad631941,robelgium_msnoise
1793,defb956f4e8c789e445676c4805c3462c131b621,robelgium_msnoise
1794,df231174f4efac0adab671fa641e2fa7475b22e9,robelgium_msnoise
1795,df357e94f3a4117686e63df908723a480efcb9b5,robelgium_msnoise
1796,df8ec0c55a605e15d2cf6aac20435e84ea785437,robelgium_msnoise
1797,df96e42340a8280c2c7ac2eddd191f7716021308,robelgium_msnoise
1798,dfb52bb8b3da286365e7644e6bfff6df08d6c546,robelgium_msnoise
1799,dfe8d503523e001fb36cf220cd36d70eccefd8a9,robelgium_msnoise
1800,dff2f207970546274d5d5b234186b0091707406f,robelgium_msnoise
1801,e0191b00701dd34524c803f9aa216f11dd583041,robelgium_msnoise
1802,e0225c633179f3f7ad0f726dad8cfa20daffc0d1,robelgium_msnoise
1803,e024efd04d1c12a7c16ee8069099f9178f7d2248,robelgium_msnoise
1804,e02758a3027ec022b0cc5275d22fa28185eece67,robelgium_msnoise
1805,e03549da2384243addf142291316af220cf570fb,robelgium_msnoise
1806,e067da1c7b0df23cf63dc0ddd2a6d66bb238f068,robelgium_msnoise
1807,e08bafbbec4b0d36a0e6288a8968df413fdc7c4b,robelgium_msnoise
1808,e08ec487a37d7ade7ce7d534db3be8d9e62ac08f,robelgium_msnoise
1809,e0a9288ab0ea76b0fe23636ad1b0e2d0d3fef174,robelgium_msnoise
1810,e0be3fe6651db2bd3b43b031c6c112138dfaa134,robelgium_msnoise
1811,e0c56051b89ac0811e6539c99168529a964a276f,robelgium_msnoise
1812,e0c6e73f4701c085e496e4b92e86194842dc05b0,robelgium_msnoise
1813,e0f00a7c985b51bd2576f938cb1567d2d46c485b,robelgium_msnoise
1814,e0f86cd5dbf9a0996111ed36459e262d24f264b4,robelgium_msnoise
1815,e1155d5986da0327b501192b2c0815b35edd15e6,robelgium_msnoise
1816,e1363522a4bfcb34577b260e6a1a6c0a312aef6e,robelgium_msnoise
1817,e14db49d2ba1137940db5d7c894eae1eb6f2cdce,robelgium_msnoise
1818,e150eb7fb4d001a348858a0368ae80312ae23863,robelgium_msnoise
1819,e174246c4097b11666e20d3ca2342e69d007dd0e,robelgium_msnoise
1820,e17c17ac8f616bc3c9f070036f0bcd489801b8b1,robelgium_msnoise
1821,e19b2453adb7d42c1659f0f0d25c290b1227f7de,robelgium_msnoise
1822,e1a2c6e84d664d358c96e9f1ae48e8e879a30d68,robelgium_msnoise
1823,e1a70bc6999ad13a546d10a889f946defaa62137,robelgium_msnoise
1824,e1af8f1bd767eb3d61e87fb6e2447a698b648a29,robelgium_msnoise
1825,e1c2c2dcccad41bcd9218d54c2dcbb2ebe8a1ea2,robelgium_msnoise
1826,e1de12bc690661546413c06be59fc3c10f12d28e,robelgium_msnoise
1827,e1e83eed68bccf092b6a8fb282dea8c7e62d491a,robelgium_msnoise
1828,e21ab3a2d098131b058441967124eed398852870,robelgium_msnoise
1829,e26cb36e14bfcfa7d124ddb754bb358d4e8627ef,robelgium_msnoise
1830,e28758f07416dde93400916a62322ea671997cef,robelgium_msnoise
1831,e2936157625b51e8fd2bceef3450fbb5c776a582,robelgium_msnoise
1832,e2a269daff912014532d59dc3cd2c5548496217a,robelgium_msnoise
1833,e2b3af19107bedd6351d9b6f0a65e33d58d888a1,robelgium_msnoise
1834,e2cc48996652d8297fb0a56d7cdb537a1e91c877,robelgium_msnoise
1835,e2cdac47c0228dcd761c77a9d844c14de1222ffe,robelgium_msnoise
1836,e2deb04e78b165ca1b0cff8f6df5446024c108f1,robelgium_msnoise
1837,e2f06aaa4ae106f37e972b9169406d6180f43ab0,robelgium_msnoise
1838,e2f59659a7eb184b062e7553f5de2b4f97565eb0,robelgium_msnoise
1839,e350a84416a0291c15e94bc6ee18404a103853ae,robelgium_msnoise
1840,e3526b380d63119192d39e18b208bee143bfe05c,robelgium_msnoise
1841,e39f58166c2b6eccd68307c5384d65cab8fa007f,robelgium_msnoise
1842,e3a7c361067539606b53faf3eceb9e29cf2742f0,robelgium_msnoise
1843,e3aeaca3d71dcbeb5e2f235dd224d45c5ed87f31,robelgium_msnoise
1844,e3b1ea0714d9a3b2e11e54c1b90f10c30ab79ec5,robelgium_msnoise
1845,e40e17867c68be588d35186f83d3f7f899698daf,robelgium_msnoise
1846,e431cbf2c3dae9f82dc7b99eb9a26b140deff731,robelgium_msnoise
1847,e43a8b6c5f7f357d6bc327049cc4d044e8036854,robelgium_msnoise
1848,e44237d7019d83f3bb0b3b03bdf1aefd382c1147,robelgium_msnoise
1849,e4bf212b7d8040213c67d33c3254580b7922bf4f,robelgium_msnoise
1850,e4c60d23db2209ecfbca913911a60c8840012d63,robelgium_msnoise
1851,e4de2d8b1b7d98de65e15674368117918fa8b909,robelgium_msnoise
1852,e5151fd9df110d6256d8f129ea4dc2b107a88f31,robelgium_msnoise
1853,e52c986e2a711ae409cb46171758cd374b7274ad,robelgium_msnoise
1854,e542a0bf76000c6a5a324b7144c6bc3719885b9c,robelgium_msnoise
1855,e566009d16e9a5cbc933823c35212e03528c9479,robelgium_msnoise
1856,e5b5dfbef0c17155f987d68ffbae98845f9cf4c2,robelgium_msnoise
1857,e5c7e6f5cda9c7bda6a413725b7199b6fd8f7909,robelgium_msnoise
1858,e5d41880b44e736066a8163842466a77dd353d57,robelgium_msnoise
1859,e61f8b7c50b9e83d14230cd7397d43fa45bb79be,robelgium_msnoise
1860,e65bbeba38bf650e510afbdfcd8e0a0763321f62,robelgium_msnoise
1861,e66c7678827e94ccd6678f08d6cc237056a9263b,robelgium_msnoise
1862,e672fe407219e5e4427d1e46b8c30951fdf5572b,robelgium_msnoise
1863,e68b8efcad4ea0dae8dab98f72d7bd8b1c904e3a,robelgium_msnoise
1864,e6970d07aa5d09308c21c2d2ce6de24c675a3b60,robelgium_msnoise
1865,e6b5ed6b1f6b317294f8d8bb934f340d540c4394,robelgium_msnoise
1866,e6b74c9a7f2a7b96296fbdfe1177d1fe7511b681,robelgium_msnoise
1867,e6bdedad545a371a28598af99ad53f2fae2f70e2,robelgium_msnoise
1868,e6c6dc05bf9cfd0e1a562bb84c31cd6073b7622f,robelgium_msnoise
1869,e6cdeb306bc8f51735ab3edd2817f9b2c7115195,robelgium_msnoise
1870,e6ceda1547418611aa497fe56daa74d3894487b4,robelgium_msnoise
1871,e6d6cc44ddf463547a80b5a00105872e7f2ae635,robelgium_msnoise
1872,e6f6b44cda2a317fd0b39a49f1ca019108b6a9ae,robelgium_msnoise
1873,e70940f3bb10daf2ea42a891d1ca0a712b1529e8,robelgium_msnoise
1874,e70d868cf6a1c33620059b8708de6897255af33c,robelgium_msnoise
1875,e71536c2df0a886ced0cebccfa05ca2976e9d712,robelgium_msnoise
1876,e71d3cdaa4726df1406754f993e8dc5420c39614,robelgium_msnoise
1877,e75642bc24aca9100d7a044bac79538b86ef4b8e,robelgium_msnoise
1878,e76226179aba4bf597db7bd1adc4bedd99f29cce,robelgium_msnoise
1879,e7b179ebc8c687bdeac5a622f36b8e7ff59e819b,robelgium_msnoise
1880,e7b9cda856d5fd63effd57d91ac5ffe9fe195a43,robelgium_msnoise
1881,e7cc6facb06c21452510815e9af25fecf4358830,robelgium_msnoise
1882,e7cf4140a2363a12d19442cfd8587654c837cfe4,robelgium_msnoise
1883,e7e466f8bd213d40b4aaf7a626064d106b58c064,robelgium_msnoise
1884,e8088c48778a8e53f2061b05e50c94264a7b8ce9,robelgium_msnoise
1885,e8140c2976d02445429967b3ee4c2965ffaec6a6,robelgium_msnoise
1886,e8f56a4d7132e03a81596bf29a2e6ffae03fff42,robelgium_msnoise
1887,e8f6ad79960241ae046b580625f641aab7ec778a,robelgium_msnoise
1888,e98618a97dd340f4032942e17e334e29c11b0dc0,robelgium_msnoise
1889,e9e0b9c56f266b8723a20f76e0dfc14f21fc6620,robelgium_msnoise
1890,e9e83a00b8d039a5c8a389f3a965b780a528cecb,robelgium_msnoise
1891,ea0712cb7c71315b5094a6da6fd8b4e28e8f708a,robelgium_msnoise
1892,ea15b8970578553011c9a8c853822eb1218fb441,robelgium_msnoise
1893,ea179bd73a08435d2bae4f78f096bb72998c5b16,robelgium_msnoise
1894,ea2361edfb9e9a57d3299763c38e0fc59cffb716,robelgium_msnoise
1895,ea4e2429e708ef73c5ca7affc994d16003867a72,robelgium_msnoise
1896,ea5e405e892e54577585900bfe89ee9a41951d6b,robelgium_msnoise
1897,ea7d28bf2650e60faf70ff0d65146e2843ac7fe9,robelgium_msnoise
1898,ea8a706fbe7b9c903a3b7366d75396e31cd6aa16,robelgium_msnoise
1899,eac1ed19e4349e4072186486a789d6745da2727e,robelgium_msnoise
1900,ead53a5489095fb718010eb7da4205e41bf4f3bf,robelgium_msnoise
1901,ead8347089051d675ec26ae96d19dac37797e52a,robelgium_msnoise
1902,eae594570bdc43986644eb1b5f292293f63b40dc,robelgium_msnoise
1903,eb0380601abafcf3c26b9e5ca65805e05f33833a,robelgium_msnoise
1904,eb2f631256d0f64457664a37cb3ba63278605ba9,robelgium_msnoise
1905,eb4b26f03cb2651377f3d797d193cd6f5e11fdc1,robelgium_msnoise
1906,eb751eb6bf458fa670662c03a2dc541184acdb72,robelgium_msnoise
1907,ebd2d2380ae2483e261c80fb68a84b1df16ebc13,robelgium_msnoise
1908,ebfd8340dca6f66eb1928d43b4c2498e14fe48f7,robelgium_msnoise
1909,ec270c102e870cc254b95f0be56cbefed3c75e72,robelgium_msnoise
1910,ec5e555f96b75a44114474507350248e88826d79,robelgium_msnoise
1911,ec671118539206d0b1f9745d7d594cb7950a0e31,robelgium_msnoise
1912,ec696ea920146d812f3b437b5c081e56d33ffcb0,robelgium_msnoise
1913,ec81ced33523b35a55d35bfea8de03b8e280db07,robelgium_msnoise
1914,ec933a516f01eb24fa211e9b01e6a45c87712053,robelgium_msnoise
1915,ec97aaac629f8e17e3de46979a3bd5b466d9f06f,robelgium_msnoise
1916,ecbf7b6a49dca68eb1ee10b6d8b5725d04d0bb41,robelgium_msnoise
1917,ecc964b0ed59db450af358b64cd06b85eb64a7da,robelgium_msnoise
1918,ecfb94a639864e81c14179110bc05ffdfa2bb42a,robelgium_msnoise
1919,ed050739fcd0d9143232d4759d2d2d1b311e2fae,robelgium_msnoise
1920,ed0cc523aaa2a318b3f3039766556e8d2a6fb0b6,robelgium_msnoise
1921,ed18875edcc617d437a763340abc0646150a2be8,robelgium_msnoise
1922,ed3adfb4b0fe9351b5dae41d597133ba9e162392,robelgium_msnoise
1923,ed59e5a3d6288dd359dc9341b776a53c011dfce9,robelgium_msnoise
1924,ed96b046e455edb47336606bfa4830f13971fdcd,robelgium_msnoise
1925,edb85131fa26bc5ca607daa6134c632f5890a34b,robelgium_msnoise
1926,edbbb45fee95b99a0cb4d5a0685cc91e95a70e6c,robelgium_msnoise
1927,edd555cf05d32322a7769027441c784a94aaa414,robelgium_msnoise
1928,edf1a12cdd6ac56bb99a01b19f536c3567a29393,robelgium_msnoise
1929,ee120a1e9f8cb034e1831e5fe116f1d3d18d90c1,robelgium_msnoise
1930,ee163889e86d28edd105f367f6ddbfbe7dc73090,robelgium_msnoise
1931,ee423a9867865c04b39a8e68247e3cbfcd93b65a,robelgium_msnoise
1932,ee482c4143f98cb3e486da028350a3c9eed70025,robelgium_msnoise
1933,eeaf77b2b8ca9adc27dc89e95e963a4b608c9d08,robelgium_msnoise
1934,eebd6df5c651fcf1afe7458373da9f35f63adf89,robelgium_msnoise
1935,eecca75c5c780c427507c3a6dc3ed02f6a9403c3,robelgium_msnoise
1936,ef0bf2b65c5da30d8464f987d0e6472b2e8d3dd0,robelgium_msnoise
1937,ef1b272b87ecf37a3045a967f052bfc45dc39ec6,robelgium_msnoise
1938,ef290e571c3c56716a16e8ecc54827cf950cd959,robelgium_msnoise
1939,ef6a633c9e6a7d12b97cf09d10ab924c71c1e80c,robelgium_msnoise
1940,ef869015cdf5721b96a093a2bc3870733f88bf2f,robelgium_msnoise
1941,efaa9d9ab1078d38ae5fa64dcac22ce4824991e3,robelgium_msnoise
1942,efbbeb4fae10611409e4c48568c2392bae46d9c0,robelgium_msnoise
1943,eff092b9aba231154ba7b06c91e27ded80cfa8de,robelgium_msnoise
1944,effff92208552db81e834a27bf6bbeba47a54733,robelgium_msnoise
1945,f004a62e403758bd520daa340e891d5fb440f5df,robelgium_msnoise
1946,f00e788be201751c0e3e72e37a7d035ce21bbf3f,robelgium_msnoise
1947,f0342746c59d2fb77c2e6c7781e0e1e427daa4a5,robelgium_msnoise
1948,f0a9fc5e41c948b1b9b65e3a4e5f8ecc0617e526,robelgium_msnoise
1949,f0dd606173ad206c11484d1caa722ed8e384d19f,robelgium_msnoise
1950,f10f9122852d3b777d58021794b4735c6e458653,robelgium_msnoise
1951,f1220b82041ed13f4b0e72f5c00c4e008d38dc11,robelgium_msnoise
1952,f1342612d02151b7e8383049523e25ab6bba870d,robelgium_msnoise
1953,f14caf8b4ddcda1e5c074af05b6f712e18c0b7dc,robelgium_msnoise
1954,f17686e94f9d4e1a3134b4662de4a61782b1ba1f,robelgium_msnoise
1955,f17f461643eaf4e010780caa4aea97ebcfd12bcd,robelgium_msnoise
1956,f1985716bfa95f0c902f861d32161655b1bcff5f,robelgium_msnoise
1957,f1bca7d2af010910ec86f3ecc62ba5a1ce47ae90,robelgium_msnoise
1958,f1d270c23ccacb987836c024da7eee55a480c70c,robelgium_msnoise
1959,f20751d858cf897c782e87752a99c4bc1d0486e1,robelgium_msnoise
1960,f214f6c19f6bcb4c2017432119f6fadbda1dc9a0,robelgium_msnoise
1961,f24240bdfe2fd332209456a1cbf83effd3434b75,robelgium_msnoise
1962,f2beccd3a8ee869034d57a7729ddbd66653d5293,robelgium_msnoise
1963,f3206dc3c6c308d1f7d0f0deceb62e538ac67e3e,robelgium_msnoise
1964,f33d4f0f4524f289f8650272b438254405c64eef,robelgium_msnoise
1965,f33daee45890e2e3b113d756e2b58351cdec5067,robelgium_msnoise
1966,f357a6f67b1ed1ae961a710635b7147817d26624,robelgium_msnoise
1967,f3993b75dc0953d2736ff3db91733fc17bacf158,robelgium_msnoise
1968,f3ace57e49a26f2fc04d639b917b3f08c036bbfc,robelgium_msnoise
1969,f3b5e5e728d4a24227e42492a7a3c1e89f9eec42,robelgium_msnoise
1970,f3bf95748a30c5aadd4723f32cf42e563cb7b0fa,robelgium_msnoise
1971,f3c37e2876c9ef8d7ff63e5ac353d5dbb2ca4291,robelgium_msnoise
1972,f3cebed2a51f2d491dcf9c312c58ca0d4b869094,robelgium_msnoise
1973,f3ec2d90a52852338fa99ca4464e973ab46e1ed4,robelgium_msnoise
1974,f48afaa0f297f40ef153a0dcd69283acdda1f577,robelgium_msnoise
1975,f49c26681cf9e5eff05596c812a0703288a1eb50,robelgium_msnoise
1976,f4a5cf975c828d957d743ba7da27f3c1523558c7,robelgium_msnoise
1977,f4aade6c759bff8d4b83acfbd8bb189d2af2505a,robelgium_msnoise
1978,f4c756684b53cff4b4b9237c7e1036f344b87320,robelgium_msnoise
1979,f4d9ef7e0ecffca5e54b6b7ff0550d195f3e5a39,robelgium_msnoise
1980,f4e2b569321e4e06e2f371de22fc468cda476ba9,robelgium_msnoise
1981,f4eba075280eda4621ee167712e2a68d21d9a109,robelgium_msnoise
1982,f51726baad8dc5a7a495e87bd9e242bbc834f8cc,robelgium_msnoise
1983,f52e96874d8265ecfb7ba7d74aa06eb99bf32154,robelgium_msnoise
1984,f52f3e4cadc2755ccacf1d77014a2fc1ae122588,robelgium_msnoise
1985,f52fa022c76de3bec02be1b5e115da1db100cc1d,robelgium_msnoise
1986,f53adaf17fc14a7c51e9e567f340059ab98e8b60,robelgium_msnoise
1987,f5417dce52bfc368967b54533270e87d572c0c65,robelgium_msnoise
1988,f5597d604ab20a1919077d8ba14b11b8c2fad871,robelgium_msnoise
1989,f55d83ae8c04be4bcece6d0949ced2ce71a476e0,robelgium_msnoise
1990,f5870fffd5ff520369da3607ceddb3f0f1bcc7f5,robelgium_msnoise
1991,f588ac6bd24b6d60548b4c085673ce62b770a4ad,robelgium_msnoise
1992,f5a02cf5f85fc05f5f1cdc898dd94bf87ac2d203,robelgium_msnoise
1993,f5a4ccce272c773deb3d363b8cc8d552afe0e2d4,robelgium_msnoise
1994,f5bc5103b2bd135cff8037e2a21d4e912831c89c,robelgium_msnoise
1995,f5e43fc86f5578bcbe91cb35ac76ca5e370956ab,robelgium_msnoise
1996,f5f399d261a751675096b13783d57d1c9b199d92,robelgium_msnoise
1997,f65e9f14ac55d4200249a1fd57c84e07608c6de4,robelgium_msnoise
1998,f6a3c6de890926b0f6f2e6162f518ac3f61c6880,robelgium_msnoise
1999,f6a5fb84b5495e05cfffcbc5b9faaf6b456ccf66,robelgium_msnoise
2000,f7529a15f94a3678bca9855078ce83b2eafba84b,robelgium_msnoise
2001,f769ec1f6569be0e90da6a01a443b80631c98e4a,robelgium_msnoise
2002,f78d177d75acafc10fa84bf8c62ee812b16f9c30,robelgium_msnoise
2003,f793d98a6af41d7527de05f86b36332afae992d0,robelgium_msnoise
2004,f7a9af0df23935cd28d3f81e71dfaa915ac366d6,robelgium_msnoise
2005,f7bfdd854da1ffc53319eef4492fce7603b4690c,robelgium_msnoise
2006,f7cde1efddd17e2e66ea70274dfcd24938219aa6,robelgium_msnoise
2007,f7d1977d3499160afbe2aa03312887271be31621,robelgium_msnoise
2008,f7dab555902be1b2df095fa98c42fcd373e1312a,robelgium_msnoise
2009,f7fad1402255c6aca93c5848e38c0957f8a69180,robelgium_msnoise
2010,f82ff3f15c888cf525ac6173302269adf39719d3,robelgium_msnoise
2011,f836c0c640fdb4f00a775fe2fe77434f88308c8f,robelgium_msnoise
2012,f879c2547e0e66319f9248847eb7722fff4641dc,robelgium_msnoise
2013,f89fc343f5c60bdaf06b4a14336b838c61affdf1,robelgium_msnoise
2014,f8c7f22d69ce923afb34fe46c9f1ed8fcd7d8a1f,robelgium_msnoise
2015,f8da7e3263e0e9d34491f866d0606d59549eff91,robelgium_msnoise
2016,f8dc43c56d8a9f7e7601c7c2e530b2c0b5f130fa,robelgium_msnoise
2017,f8fefb1b7a3e79ac44951ac0ea6ff3657be7bbf8,robelgium_msnoise
2018,f905f3963dccd83d9b0f541b563ef55089097a09,robelgium_msnoise
2019,f909ad60626d894c9a6fdae2c8b23f3f0a0b46ac,robelgium_msnoise
2020,f9127ce92c33213cd983a2277537b14687308c60,robelgium_msnoise
2021,f9261095514d71d5d1070654df746c60a69c7a6f,robelgium_msnoise
2022,f93d751afd0b7a90636432b70ef2a0ee5144120a,robelgium_msnoise
2023,f943954f546e27a012a8debf5f0d903c3354d6f2,robelgium_msnoise
2024,f945ba26b35d2079edc5f090f0d0849f64c85224,robelgium_msnoise
2025,f9489e1b06ea2b7fb0df98007bd2897b53ec0bf9,robelgium_msnoise
2026,f95b4c1d1d259e513e22250eb6cd3e0d706e06d3,robelgium_msnoise
2027,f9845d91a1bf7e9d37ed7a50e7e7d79e4292a4e0,robelgium_msnoise
2028,f991cb88d45200f13cebb8dee9a92b4682193328,robelgium_msnoise
2029,f9a04b3e8389d09805a3a6b4f4f71b23aca53b68,robelgium_msnoise
2030,f9a558a9b7ee101ce0ce75c06060ce436c374168,robelgium_msnoise
2031,fa11250dca3f5c90efad4c9c2d36466b58dd075e,robelgium_msnoise
2032,fa18e3df1a7a19271a24ba92154edf1bda4b16ce,robelgium_msnoise
2033,fa2f7d3257dda0601b374891335a88f54de60fcb,robelgium_msnoise
2034,fa3b04339f9a5d2531fa56047d570e0598bacbb4,robelgium_msnoise
2035,fa476a789b796d09b0096e850e309191ebb539d1,robelgium_msnoise
2036,faa85efe48bf3e9cd6704a3af8f7cdc2d486df04,robelgium_msnoise
2037,fac2ced030185bd6de13cbe8c77f33a10bf621f6,robelgium_msnoise
2038,fad2843df324b4715e71d62cde19e9359c74426d,robelgium_msnoise
2039,faea4441c810e1bd6812409257c983259dcaaed4,robelgium_msnoise
2040,fb52ddaf6cb90380fc740b0d32d9c7f983935b08,robelgium_msnoise
2041,fb543c67ab7b0943c79563f6c35d2056080b57d2,robelgium_msnoise
2042,fb5a6d59702578c76ad565cf5c033bfd227bf680,robelgium_msnoise
2043,fb5ac0f27f3085e7a9a862b7a7c8e0c307ae697a,robelgium_msnoise
2044,fb6ea8ee08b5acef448be8d0a6643003eb625543,robelgium_msnoise
2045,fb8bc3d0d73eebdcbbfa20712cfd82de16e8ca4a,robelgium_msnoise
2046,fbe03e065bb8161ea8de9c2428043b5b27757b3e,robelgium_msnoise
2047,fc01981883cb6f88e6c4e7f914d300bc2f203444,robelgium_msnoise
2048,fc26683be2ba29144890faa9db8cd834fd9eb088,robelgium_msnoise
2049,fc46996d204aa147a0b481196011114248ce6018,robelgium_msnoise
2050,fc55f6f777403366ef6aa05c69f3532ef80bc227,robelgium_msnoise
2051,fc93f030a31822f704dfe660093c4ec769879ae2,robelgium_msnoise
2052,fcabc0a1d9a74b2db7197447d798dd01493eed28,robelgium_msnoise
2053,fcc6d431e46543cb729148ff57241eba4ed733e6,robelgium_msnoise
2054,fcfd35b5ffa46beec7425e9365790e6bd5c266b4,robelgium_msnoise
2055,fcfe89963cc210ea3449be33814daf38412cbe3a,robelgium_msnoise
2056,fcff3f7823c4fb87406fa54a04bb134c9b64a5ee,robelgium_msnoise
2057,fd126c028276fa08b0b56f67328777d5c195a550,robelgium_msnoise
2058,fd259f6f9714ddc470a4b10f27ead0fd389f3975,robelgium_msnoise
2059,fd3c9709cc183528e8e469ed13ca0af4251dc49d,robelgium_msnoise
2060,fd3ccd36f9d32418dce735c66773cd3c50c79f2c,robelgium_msnoise
2061,fd3f8dba2812bf2b1d0a54c62cbdc385df0bfcff,robelgium_msnoise
2062,fd4ab5b195d2f8f6d78d2d5d026b7645b1737f04,robelgium_msnoise
2063,fd507acb9a41f363b19269f0026903f22999a27a,robelgium_msnoise
2064,fd649bbec0a36814d56efb9602be31259fb57f32,robelgium_msnoise
2065,fd807bf17fdce68adfab0669360803eae3cee504,robelgium_msnoise
2066,fd812e3b75774f61433a109c0f5c22f189cf5c1e,robelgium_msnoise
2067,fd85dc5f1b8b477b52db5fc14eabae86c4fe5ced,robelgium_msnoise
2068,fdae3bb6e0b78c7c171c8277a7ce7979c77877dc,robelgium_msnoise
2069,fdd01171d774cb933759a3dc49d05bb7931d608d,robelgium_msnoise
2070,fdfb9553408c5049956d5d3967780c879c9b810b,robelgium_msnoise
2071,fe36a7ec58801a51c1fad5db93ee1c55414f7bbf,robelgium_msnoise
2072,fe678012a76c4f0cd3d74b370b98c1743feebb28,robelgium_msnoise
2073,fe7139e08015f098c8e0db61c39a72d1d7598ef1,robelgium_msnoise
2074,fee23d270c199b5cec368c767dc8b49366e3f40e,robelgium_msnoise
2075,ff2638d292f5ebd2483349949cd5f2c5676cd6e2,robelgium_msnoise
2076,ff37897a0e26a388aa17d327995a9274877e9392,robelgium_msnoise
2077,ff44034c828bca4cb2b089e5dfb4afe9d64e5953,robelgium_msnoise
2078,ff4cfc1df5f1cb546dad9b452aa20ff3cdf1c1f5,robelgium_msnoise
2079,ff5c26debca17897535f02315e9d0ee45b950923,robelgium_msnoise
2080,ff6ad9e6a485a07eeb8bd1126f9ec87fe6b88c0b,robelgium_msnoise
2081,ff746406d84304fb45b9d9a001c6e5c9fdef8876,robelgium_msnoise
2082,ff81ddcb7a7e8165b1ad740c2fc8c23ff22fd901,robelgium_msnoise
2083,ff91a5d0b07306b9999250b24b5137d8929a53a4,robelgium_msnoise
2084,ffd3c7e4c528f4a06f4f7aae6d5fc7b1e1eb68a9,robelgium_msnoise
0,001991c8bb266f88c8d5bfbcba68d658ebeaccef,stepjam_rlbench
1,00ae53d07270a2e7de83d2c488974a95e3f46dee,stepjam_rlbench
2,01c5f4beb8eda34df1a93b16d6d334b1136e70da,stepjam_rlbench
3,01cb911eff265a7e918b73d94de29d12b3dcc706,stepjam_rlbench
4,01fb14f01e4b2117a5589c5085be2e52aa3a77e5,stepjam_rlbench
5,025b150c3d250f650acc9154cea385393255a2c9,stepjam_rlbench
6,02720bba4c73fe02eb75df946b8791b806028a9d,stepjam_rlbench
7,02788ac5512fd51725347593619f42d5045b1ada,stepjam_rlbench
8,028c06b8795d00c46bc057d07f193c4590b8a591,stepjam_rlbench
9,0297c96967179390fa6fbd7408f99a1a23b0665e,stepjam_rlbench
10,02af81f7fac3b9b35512e383241d65dd0eeffe6f,stepjam_rlbench
11,041f31f89c001dc06dd7b78476808b7e18bcd7f6,stepjam_rlbench
12,050f5e51e9972149b8813f977d87d3b64d33b12b,stepjam_rlbench
13,0552d2de31ecce393fbd79658850eb4bf9186a60,stepjam_rlbench
14,05b08e02ebe23fbe947ddc243dd292b10ab99dcc,stepjam_rlbench
15,069e938f52adc38f55fb4c14742c8ce274aeb235,stepjam_rlbench
16,07a5279adf1150e86f1a7c355265f5582e9a7ce5,stepjam_rlbench
17,07edbc32bb1d0d03865e4917d1ff307fb29e567b,stepjam_rlbench
18,0807fc8eefa0ccb2a392154320214b1af77b188e,stepjam_rlbench
19,085ce8671e01841c0d2355a76110fc51c5e9c9aa,stepjam_rlbench
20,088b779e8e1a8db642ee4f054f074fb479382f74,stepjam_rlbench
21,0897b7b3b06eeb75178a17f6315d9291f949756f,stepjam_rlbench
22,094a9e77bb35c6d30d6c310f8b5a585f4321c4e8,stepjam_rlbench
23,0a253c4cc23eaf064da2748cf6ce4c40356fa2cf,stepjam_rlbench
24,0a4e063d3e6c809e9f0bff9bf00ac5fc2515df2f,stepjam_rlbench
25,0a5c17f8bbc1cbbe60005a64d824d792725ad2f9,stepjam_rlbench
26,0ad850ff003aa5f10f167425dac0d3889e3b837b,stepjam_rlbench
27,0b3aecb6690652637cb767988766adb40d082033,stepjam_rlbench
28,0bbe0fc4c788f7c24cc3aeae9ea0b8c6012f42f6,stepjam_rlbench
29,0c5e46dd50fc2f767c22320b26fb3b13e8b7cf27,stepjam_rlbench
30,0d5c620ae7ee3e407a79db94a2e6a449a8a7af9d,stepjam_rlbench
31,0d7aa66584d24a5a966cabfee0d05c68d7e62c7a,stepjam_rlbench
32,0dd7e129f1cac79e3c9b31a472b39fddbcc8ec64,stepjam_rlbench
33,0e230e6d819b9c6d687396671b0c03aa0133a280,stepjam_rlbench
34,0e34252b0e3f1b870bd5157e748a9369535a3d28,stepjam_rlbench
35,0e353e185e344f0f30010b49fe88a126905dab7f,stepjam_rlbench
36,0e8d9ef76be2658746a087a8770b18196c705d22,stepjam_rlbench
37,0e9a1090d9bc1bf2cab57da927a0b8fc7ad79d40,stepjam_rlbench
38,0f488898c7e3498800ac1d01f37d696634402491,stepjam_rlbench
39,0f4f0b136ada14c0c2d0eb37c27e51e76ffa05d1,stepjam_rlbench
40,0f89a3b0c7eda857f871f03facb4a71e97d30941,stepjam_rlbench
41,0facd8eb4026ee73dd9050f2c479a44e8ecef4ab,stepjam_rlbench
42,10953da1eca0f68fd3e5618be2dc110e40300533,stepjam_rlbench
43,109854e0fe83f728a999d7bcd9887d0b9dc0495e,stepjam_rlbench
44,112c7f5ff8075b6aee04dbcb4ec68124abc56117,stepjam_rlbench
45,11774987e0e05a901b21f06228a472d611dd4630,stepjam_rlbench
46,11883add4ce06f18cf46a9c6b5d5da73587682e7,stepjam_rlbench
47,11a2f64c7f347fe8f4327f23b5bf13cd36ce1b52,stepjam_rlbench
48,11d76da2e459d4f39bbdb57560e60e65cc6cf623,stepjam_rlbench
49,11ee7bd7c8172a2fc0f75c03f69b25004463e923,stepjam_rlbench
50,1285201e7f224b394105f1a0910e88ee4e922135,stepjam_rlbench
51,12f955932b37b4f042a38e968896683d37e24e35,stepjam_rlbench
52,1320e2048699780f22553b8662f5f6881f3352e7,stepjam_rlbench
53,136d7cde9093d73dadd7a97bac4374e97cfc408a,stepjam_rlbench
54,13c781d774240183d9e189a3edf8da93f7d744cd,stepjam_rlbench
55,13c96bcb46baf27996e0195c955ce59051573e69,stepjam_rlbench
56,140784a918160b9a0d98fd6c66d274c99bb42a0f,stepjam_rlbench
57,14bd016830143511990f01fa8305ba059d4f0a60,stepjam_rlbench
58,158bffa72a0e40833b5066c309566c1252073207,stepjam_rlbench
59,1591123f1edf3c242a2c4931a50b2c36584fed5c,stepjam_rlbench
60,15e144188fcad1a86f24c177b77cd4d07d812c6f,stepjam_rlbench
61,16a698de77d3d1979b55868fe0742f20bfc949df,stepjam_rlbench
62,16dd50a0b78fae0dc4718e6fdc6993fd6b3d44cc,stepjam_rlbench
63,1715efb7a1671fb84345132ddb2b9151916e3826,stepjam_rlbench
64,17958fdbb6c822bff63ac68f2405ed77d51348d3,stepjam_rlbench
65,17b80890e08887dc96ecfa66c14a39987fe663d1,stepjam_rlbench
66,18dace98be0f51cd588424abf1aff3aceb6f4d9b,stepjam_rlbench
67,1ac997b586227771daf747da6d387b7088e1e1be,stepjam_rlbench
68,1b004d62c7d1da0222973bf37a2a39d35a227341,stepjam_rlbench
69,1b1b1b93fc2d483bacecaadc4c1aaeb9c0cc6547,stepjam_rlbench
70,1b4795af5b6c5dd95ca6419a6deec70eed52076c,stepjam_rlbench
71,1c4d88671eee82bc01e098942b3964bd0246f94d,stepjam_rlbench
72,1cd997937860041a236133d5d2d63ecdf1eae7ca,stepjam_rlbench
73,1d667325b8d4be4014df175755ef34685c1dcb71,stepjam_rlbench
74,1dfdd317a1c90d5bbc0156d30e19b7622e5b0d81,stepjam_rlbench
75,1e015d209a6accbf3531233930f83e910a621e2f,stepjam_rlbench
76,1e0c528541ae847507d09da3da05ac64535e7679,stepjam_rlbench
77,1e194ded3b6f71962570f39c7544d88bef7d3ea6,stepjam_rlbench
78,1ecaefb3f71628c6ce3d4a23c414fb974d0f475b,stepjam_rlbench
79,1f166eafab9d09c84d1d27548209ab4f88097e29,stepjam_rlbench
80,1f3d99a27de613a4c8ddf338bb6e716b0a62f2cb,stepjam_rlbench
81,1ff5e969d2335ea7a4292eb42dee9fc18d3c6996,stepjam_rlbench
82,20988254b773aae433146fff3624d8bcb9ed7330,stepjam_rlbench
83,21147e5612d8c3edbcbb50baec4ce797b0a2d2f9,stepjam_rlbench
84,2120c4bcf0267bcae88d561e2facd0348348e39c,stepjam_rlbench
85,2133b7549b7478545d2e0fafbd8f920d531eed5f,stepjam_rlbench
86,21fcb74c789dfb37db2a2609b2ebb96a640e16c2,stepjam_rlbench
87,23253b10b1002d7a050fa0461a4e56a3cc4385fc,stepjam_rlbench
88,232aa054f55c58bb5e037dfa28e74ac914484a83,stepjam_rlbench
89,24660d4cccc602b6afcc500193b8f53560c5c007,stepjam_rlbench
90,248339b2a9fd9542b5438cfd9a3ab94275c64853,stepjam_rlbench
91,24b272121d07a5b88a7136c482e03749355223a2,stepjam_rlbench
92,2542690e8eda7b9c350e341f5ac74d63e1c0a77a,stepjam_rlbench
93,255b14d658d9369b6a272e4e89fc2dd1025c304c,stepjam_rlbench
94,259a15a4f4e61bade802d95c170da08dd27be61a,stepjam_rlbench
95,273bde819c7a6649e16b4a9df23067b21be63908,stepjam_rlbench
96,28191a9019735eba33c413addb665756bb0e30d6,stepjam_rlbench
97,287e42d511827d4b40776b7e1832c54e8fd5c0d7,stepjam_rlbench
98,2916195c6ca8980cc89a396ca1da5e5b904ac7e4,stepjam_rlbench
99,297948a60d3df6c956a473eff442ceef1097a07a,stepjam_rlbench
100,298745d8ceabad2bce4279bdf3d3560418b207c0,stepjam_rlbench
101,298e700a767b79ab34b423a6e754c427c861a64f,stepjam_rlbench
102,299dddca88bfe7a86c712eaf623f64759706d5a6,stepjam_rlbench
103,29c6e7b9efd6b4afc4aa39b970692c8d601ebebf,stepjam_rlbench
104,2b825cace2b866e9014876a96b87445cf07a920a,stepjam_rlbench
105,2bd47dd4b15e0619edab674ecde2e6712e016a3e,stepjam_rlbench
106,2c651e119c968afadb21f0568c8bbddd37d95ae7,stepjam_rlbench
107,2cb77012d7add36cbff8290a69404f321a03fd7a,stepjam_rlbench
108,2cd1738c892b5332ef101ddbe27cecb76f72d0bb,stepjam_rlbench
109,2d5f99b147c20631a165100fcbd418d361b7a122,stepjam_rlbench
110,2de20209bf2bc0c33cdd079be8db374d73fa2cdb,stepjam_rlbench
111,2df7bb993be88caf00753923ec452db5a159a295,stepjam_rlbench
112,2e07a31bd90dd06aa5fb6be503b78f56f3e4616a,stepjam_rlbench
113,2e7e0f70ba0431722b396741f9d18add09230503,stepjam_rlbench
114,2e9d2f53991bd63dc48f9387f24fa14ab8812fb3,stepjam_rlbench
115,2fb4a8ce93d3eeeff0b0b8a71fe07e72acf5038a,stepjam_rlbench
116,2fd78af3c6f57ab6deff474d53af2eca739894ac,stepjam_rlbench
117,2fe41744fe4cc017c623be33aa63a112e4ddc2fb,stepjam_rlbench
118,3014e872f518d5439e73e057e2251dee1f9df481,stepjam_rlbench
119,30d892c68d637984023c0888f1a0b768fb4d0463,stepjam_rlbench
120,31c7bd96df1cdc06959d2c33f5751e5539925b27,stepjam_rlbench
121,32a1b7672ff3115466937b41e7cb6835cb7d11de,stepjam_rlbench
122,32b367079abdaa937f04741c093c5999cc69407e,stepjam_rlbench
123,3418db81bb66614858fc2f293753beb74da10ea5,stepjam_rlbench
124,34575c286ff43ca710c98285725694b0897b7f5f,stepjam_rlbench
125,3483a5732cf823ae6fa467d69220484084dead59,stepjam_rlbench
126,34f3077977b06e9ea4e4102f311175f0501db6a2,stepjam_rlbench
127,3504a0db05cadf20aae22870d82b7222e707663b,stepjam_rlbench
128,35c5ae1ff87750e05131cd336da79ce628425567,stepjam_rlbench
129,369d7a754042a193f9dc1da2304f2d1ae1fdfe79,stepjam_rlbench
130,36b6d3ce63dbd83e6157839fdebce1b5890183f8,stepjam_rlbench
131,36e332ce26110e21dfbc3d7dce063b982dc528c8,stepjam_rlbench
132,36f59dae40c2f55468cfbad9df299ab0f4772462,stepjam_rlbench
133,378bffc4fd6ab8b243fcf9f19c8b4c5815e89c64,stepjam_rlbench
134,381c24792fcafc87f0a4fcd7504f9eb528db2ada,stepjam_rlbench
135,383685b165bed11b29f882727f9365e6ec52fd00,stepjam_rlbench
136,383e4366ee6da55a776dc91741ae1cd5523a98a2,stepjam_rlbench
137,38d303a8c5f022d580c6575e6033109d94a995d4,stepjam_rlbench
138,3908b5bde3d5f5401e14f359738c29682fe5325a,stepjam_rlbench
139,397c4f0545dde90d8be12ccc41c51432acad64cb,stepjam_rlbench
140,3990baf6848413ecdf81da6b3e0ed8826b60528d,stepjam_rlbench
141,3a88f1cc63950f158665e185ccce8337aa6f7012,stepjam_rlbench
142,3aa9bb3ad534d8fcdeb93d3f5ff1d161ce5c8fe6,stepjam_rlbench
143,3bfab4f146d7b790ed1adfcf909baf184b1f9e35,stepjam_rlbench
144,3ca2cb7bb62d129283369163b28274b967227dde,stepjam_rlbench
145,3f253cb791d2e2f0611caa674d7024279c40de23,stepjam_rlbench
146,3f42e7e241a80d910d87162dd1eb197babf3b4a7,stepjam_rlbench
147,3fa86e37fa1f41e2dfede1ee6fef0d6142a46704,stepjam_rlbench
148,4026c4f74f666655a34e9f047a4ea1e43adb3049,stepjam_rlbench
149,403e1db869060fe2c0d453b94b2f6992391d73e2,stepjam_rlbench
150,40d042936d4e41dab04e128c4b168ec49aacd474,stepjam_rlbench
151,40d1e8eced94fe551cca011a4ff0d4a539d49201,stepjam_rlbench
152,40db84a88acb89ea1351617214ff1dafea2dd8c3,stepjam_rlbench
153,411105cb56519c945ddff4f2350c188de228d648,stepjam_rlbench
154,4156f84152443f99b0edd13676bbbe935fdab767,stepjam_rlbench
155,43078d4fd3c0e3808507317fe4a297b9872ae34d,stepjam_rlbench
156,430d584865b2dad0d978285fc6a8ba38056beaa8,stepjam_rlbench
157,432a69e1d93fdcccc9d2e965cd90718a0ff336bb,stepjam_rlbench
158,43423de614d06f99c8800c2c1ba4b2371b7d0a42,stepjam_rlbench
159,4344844e92fb67ff8a33ac257ef14f2e3edb81e5,stepjam_rlbench
160,4402846ee567f2be52a939fe238309655624b712,stepjam_rlbench
161,4444c2c108de87b10c1f2e558d21e75f2a7cc73d,stepjam_rlbench
162,4448ba98d7411ef6ae61ee85e1da2a2734042808,stepjam_rlbench
163,446ad187b134697b9779c74834df2a6c4d762f52,stepjam_rlbench
164,44ccb68856fede5014da461c1a3312d78c85a89e,stepjam_rlbench
165,450058b8af49a9d5d45c910f242f17c05706fb10,stepjam_rlbench
166,458c8c886996b8055387c06710a7b890ece635a5,stepjam_rlbench
167,45dca78ad0edb5e0fbad8ce7746208cb3a0c8407,stepjam_rlbench
168,468ef9f9af531e40e0da49c8eb71b98c17664bed,stepjam_rlbench
169,46cb9d97003961428f491dd7cc75433f6ab351dd,stepjam_rlbench
170,47b01bd1ca53707b13fd7b4eaa0c25189164d678,stepjam_rlbench
171,4823ac2fe65db1f62a849bba03398c37d642819c,stepjam_rlbench
172,48b2a4d8a8da336aecafd9120900a0ebf1ea0027,stepjam_rlbench
173,48c95dbc025563e5048c27a3a943d511cca5a5c8,stepjam_rlbench
174,4901583be41c3be22cd82bc20a98d57ea1e756e7,stepjam_rlbench
175,492cd57996064c1f0053373ddf4f954d5e64c820,stepjam_rlbench
176,49df3956bb53cc544af2f506e2c71cdddf87e9cf,stepjam_rlbench
177,4ab968983fd78652d0d59a7a48388888b4aa093c,stepjam_rlbench
178,4ad127c8e1a7b7485836636bc5609c173cbeaa9b,stepjam_rlbench
179,4b551a4b405ece692825d66c9e5060b495a884a4,stepjam_rlbench
180,4ba9210ec2f196de14922d92e1ef1f07c23af634,stepjam_rlbench
181,4c0b682f76139105fc2c676cc05dc2cf6cff3917,stepjam_rlbench
182,4c35bc6351986a1baa6c97ab7b8fcf99395a6a17,stepjam_rlbench
183,4ca7a575ace9a40662f4aebb01478b6491a5e246,stepjam_rlbench
184,4cafe050b17dec5619bb719996cf3089027e4d2f,stepjam_rlbench
185,4d6667c059bfed0d1cf5833b560cb6487cf94e2d,stepjam_rlbench
186,4daf1dca996cbe176fd9a1fc3d7ddc7f7808cbd4,stepjam_rlbench
187,4de4c5cbbf33cd6a01e9538d0a5efd2f5c88bb91,stepjam_rlbench
188,4e97f368077eb227d13d752eb553fd708902802b,stepjam_rlbench
189,4f33b010ac88c7fa62dcd26f3fbc848a71c2a52d,stepjam_rlbench
190,4f89dbe647f7f7a0ab5cadee289e4d7e812d6787,stepjam_rlbench
191,4feeca051e1e9ffac3049ebd01c66c40c55f98e6,stepjam_rlbench
192,50654f086fe0b30712466a3e74de69b2710d7afb,stepjam_rlbench
193,50816bbb544c476aeb96b94015ac71b4ab920c6a,stepjam_rlbench
194,50fc085dbd1e96c1e545e3bc1cca65dc93dc76f6,stepjam_rlbench
195,514c06fd72285073645dbe4442c268ab26a9316b,stepjam_rlbench
196,518ed939372953ae3f9a71076b60fbd903d23edc,stepjam_rlbench
197,52902096381637104035c3b034d3a971075f7aa5,stepjam_rlbench
198,539138de40e59cebc7b0b926ce515c6fa341c837,stepjam_rlbench
199,5442a8e875b6daa1c247a79eaf862ea4d3bcb394,stepjam_rlbench
200,5458ff2651dcc96a828beac1f3fad5bd3d3fc41d,stepjam_rlbench
201,545a54bbafb85cb0036c9098c117200a38e81001,stepjam_rlbench
202,546feaa8ae495e771dec8582171d00b56540f89c,stepjam_rlbench
203,548837442e2cd125e32466c25e1d4d1ae7668d6e,stepjam_rlbench
204,54cdabca7fbda64224484d80f8350b502fecc5b1,stepjam_rlbench
205,54ea20e306fb6461d024052ab6ae596cd8ed7fb9,stepjam_rlbench
206,54fa6908d506825ddd103ff6dd26bb18033a29c2,stepjam_rlbench
207,55d3835340d969eac9dcb0805d28c57f404e61d5,stepjam_rlbench
208,55e723d9400b54d37e6077ea2753e64874bc4639,stepjam_rlbench
209,5689cb7b5323a423a01b2b58d91575319fe96bb9,stepjam_rlbench
210,568f9d9b4fc7a57a38ebfd8cb40db7dd69b69841,stepjam_rlbench
211,56c87ba537772db9597dda6f2239ab09c5c15bad,stepjam_rlbench
212,56d5a4a6b5aed32252ed7cc3ef9503d7aacc1e42,stepjam_rlbench
213,596266fbef5ab9e57aae150646b9d34f1be6d331,stepjam_rlbench
214,5983649271dfd80f6d16bbd8001265138108467a,stepjam_rlbench
215,5a82cef6344a8e6d907b43ae80c478c2eda39905,stepjam_rlbench
216,5babcb66c3566316778ce7e34e057981f142fe30,stepjam_rlbench
217,5bd0651119107f858c7f9335d5794df544cf96be,stepjam_rlbench
218,5c389186fdb10c6fa399fc61a519c46ee61d5b52,stepjam_rlbench
219,5c5c25e62d53b4dbf3a1164f999c65fb51a322ad,stepjam_rlbench
220,5c6f9e696cbee02a24cf00c9df3879f18ced4692,stepjam_rlbench
221,5cb1f0013a8701aa88f6abe7522adea225046799,stepjam_rlbench
222,5d2a95dd639301fc1e233f7137cf0a4ea325abf6,stepjam_rlbench
223,5d9ee7a9ee58241352718a214dcfa56d4e3450a5,stepjam_rlbench
224,5de334e7f5bf652dd4f96aad6fa0d9cf2ea4d99c,stepjam_rlbench
225,5e2ecb477f5c695d460725f15342cdc5d2c50e0f,stepjam_rlbench
226,5e41b1fbdbe17b95ef7059a33f9f529da06667b1,stepjam_rlbench
227,5e45117ec1e84ec1c5facc324cf9da9560bce665,stepjam_rlbench
228,5e7431ac3c4c91e44a760cc907b8e5e098a47abf,stepjam_rlbench
229,5ea7e98e9948be364cc847d67de26c213b864412,stepjam_rlbench
230,5f8fd71d3527e576e449f6df3d2283f4b2a8cb7d,stepjam_rlbench
231,5fd6bb4058ea94d75a792f3f94d1d3d6d90e0c50,stepjam_rlbench
232,61c94da0b00dbf36435711d574af6a1ae0ebd1c0,stepjam_rlbench
233,6232142b8c7706aecfee4c8f4d3bb6c287f1fa96,stepjam_rlbench
234,624b28b5ee7c988f316227112651531ff6364ccf,stepjam_rlbench
235,625dd767a4e3dbed5fc7643495f71a08f65f2d6a,stepjam_rlbench
236,62813db7e736a20cb6ad5ee0e905a4134b9f7abe,stepjam_rlbench
237,6288732fbc8a943bcf1c4e62e0dff4616d718ea1,stepjam_rlbench
238,6334f0434818c22d98f7dcf0105c6feaaf19cbe4,stepjam_rlbench
239,63891f9539241b5ff1346822159a4f294bad0d94,stepjam_rlbench
240,63a4bb4094a522b13d7c2ada4a33d0d2c76d2a25,stepjam_rlbench
241,63baf0e554d12f7f32a8b20eb63cc83ad7a8fe88,stepjam_rlbench
242,63eab231b59857ac76acdd6c5d936bb341efb025,stepjam_rlbench
243,6405cb63f6a4060ff54cf3b2b6797aeaecae95fe,stepjam_rlbench
244,647656321af892a6b89201d7a8f7fed532106535,stepjam_rlbench
245,64df6e96f1c9fefdf3c190ea4aaeee380e31851f,stepjam_rlbench
246,658a504c59b88a5eef06e5223125bc4127357305,stepjam_rlbench
247,65c4eebfbf20a22c7d57d033ce6969470554e97a,stepjam_rlbench
248,65ccb1f0c2ba0d4de0f4f69223ac2da46d92ab75,stepjam_rlbench
249,6603af9fd0a89e01d9755c95b2c2183ed874037c,stepjam_rlbench
250,6681a3346d64b7902c56c4852a79ecef963bd842,stepjam_rlbench
251,670ea1bd7709b31fc7435356e56868c311fe9bae,stepjam_rlbench
252,67c56711005be0ef2ea3710ff018119846c9fa49,stepjam_rlbench
253,68836442c7a58eebcfb97e89f4c5b03be998a4af,stepjam_rlbench
254,6905cd2892e73c35e73eec0b27bf834c2fe19565,stepjam_rlbench
255,692475402ac25342cf79338a623603efc22fc727,stepjam_rlbench
256,698b8dd5e3f320a7a667949f56f5b60e31b7e699,stepjam_rlbench
257,69f697572918276ffed119457b783676b0f4c657,stepjam_rlbench
258,6a9698024d8fe38129c8844e3ee2f5c5553af812,stepjam_rlbench
259,6b8a4c12e1804ed155909ae14f1253bbda8b4241,stepjam_rlbench
260,6c10f07df2f30103de6449aa4a0c613ecc0db71a,stepjam_rlbench
261,6c27b49463df2cc08f52bd62868e9e2183687036,stepjam_rlbench
262,6c2c06b61f1b705687485a46e7f0af9de694f915,stepjam_rlbench
263,6cb8e8c067e71c1cb91887fb2c8178b656511649,stepjam_rlbench
264,6ce62e90f7111a8201d0e20a661c9e00b71843b5,stepjam_rlbench
265,6dd75745fb42b6dabf1ce403a12fff4f2cf0d963,stepjam_rlbench
266,6dde4d2f8be73019bacb4975459eb49935bcea13,stepjam_rlbench
267,6df4012b33790cf8e795ef3108900f0a8adb6e8e,stepjam_rlbench
268,6e04b957f658db0d3ee46797633184d03b66b534,stepjam_rlbench
269,6e52ee9e35999a6dd533af5f674ed956c5653961,stepjam_rlbench
270,6e97fefa2a785dcdb1e0bf5bd038f57390f069a9,stepjam_rlbench
271,6f3b21e2a6701fd3c1c58f8aae07394822c8be4b,stepjam_rlbench
272,6f606496f88f762f018331b9cc02b0be98b8b4f2,stepjam_rlbench
273,6fda297d3627783478273586e0d48fa477bd178d,stepjam_rlbench
274,7000004ef582481b9cc956253da1c9fba9ddad83,stepjam_rlbench
275,701d5dbfcd5bb5cc74f2c85265ce5978e0f5ae2a,stepjam_rlbench
276,722762581d2b7be863967c244c34035082443fad,stepjam_rlbench
277,72ddbb8a66f996522546f2ffb00f88e0f18bd744,stepjam_rlbench
278,73295d01ce98bc5c6fe9a35d30d3e6d5f15b8b18,stepjam_rlbench
279,73f6161aad85d66371d9dbd55cc402c9706f74fe,stepjam_rlbench
280,7404f63e62ed6df13a682da7656c7950a85e3ca1,stepjam_rlbench
281,74428f9dad138d0271ee7ddc85d23e088778fc1f,stepjam_rlbench
282,74467d869c7b195d299fab47b18ca66095ee765f,stepjam_rlbench
283,7466d7a96eee82ebf03bc833422897511137c805,stepjam_rlbench
284,747b7c0117bf92021295f8d2b274dbd0e806aa8c,stepjam_rlbench
285,74a9d8f542c581660b6591cffde5e83139285a3e,stepjam_rlbench
286,75005181be72a6d569ccda96deada77c3ae5bb77,stepjam_rlbench
287,75800aad66121eadf054fd05d71f8ca7165e366d,stepjam_rlbench
288,770df40dcb6eec4dbe2821d715ad6af5f04dc689,stepjam_rlbench
289,77d6b44f3e7b24a661c8694d6387a9e4ecfb782b,stepjam_rlbench
290,77e9695443dece6a7b9476edd1f63237f7d433c6,stepjam_rlbench
291,7813491f612e88713bc3f5292316a653dc1478cb,stepjam_rlbench
292,784890f7a7d2a8938a0b262ac8e4fda36b445cee,stepjam_rlbench
293,78e875cbed2834f55f3d12e98916ee4b8bace820,stepjam_rlbench
294,78f1d76296f3a4c2b83f5b0d19018660acf72bad,stepjam_rlbench
295,790a90ed97e57f7ca975d3e3819ccd1315890305,stepjam_rlbench
296,7954cdd68c9773200c1680650d5ff5e628fe5a88,stepjam_rlbench
297,7a8e2eecb7bbcd4bf69e6ba6d8df0ee664536755,stepjam_rlbench
298,7aabb19136cae993be4ab59cb1a94b16e4382760,stepjam_rlbench
299,7ae785f2870b2e9ccd8444dbae0745568df4e0a9,stepjam_rlbench
300,7b62965dd5bfbd93a4633043bcdff03a4de61237,stepjam_rlbench
301,7b9f6f0f47afc4004b22588f0a3bf4c8ac137120,stepjam_rlbench
302,7bd2bb33b046c97664ad32157b32361311afcfc0,stepjam_rlbench
303,7be9f4149e1bb9bd9e203c19ec81f4c93ab4aa8f,stepjam_rlbench
304,7c2a1c39f39dd87964bccb0d05caaa8ad497fc63,stepjam_rlbench
305,7c3f425f4a0b6b5ce001ba7246354eb3c70555be,stepjam_rlbench
306,7c5b405a253b214c1f7d6b9a270b331dae8981e1,stepjam_rlbench
307,7c82f123e127068710094076c060a2fe0fcded47,stepjam_rlbench
308,7d1bac273cdfd5c97d260c05dec0c06af58b627f,stepjam_rlbench
309,7da2f7fef3ba70ea0b2513b023bbabc92a448159,stepjam_rlbench
310,7db1a3564f07373b46da3f5c0aa896483152bde2,stepjam_rlbench
311,7db2e58924bf43f06dfa4201a9e7a64bee96e479,stepjam_rlbench
312,7e838029ced212f9fe4d45c952a0bfba8c2a2a2f,stepjam_rlbench
313,7eb56f95dc8a939ca172bf07d503ebed7b52ac10,stepjam_rlbench
314,7ec90c55d86496dce9d98ccf7134c6031bc577fc,stepjam_rlbench
315,7f2215b085fb5449d079115b2b0d6e68d6050c77,stepjam_rlbench
316,7f43ba236927c1965ee75989bfee2e2f4895e1c7,stepjam_rlbench
317,7f593f9a74b3a2bd8d12a4d27af253e182232ef9,stepjam_rlbench
318,7f9db913768077424494a00074a1d1f3a3c150b5,stepjam_rlbench
319,7fd1fc9f2d063a8f25c76887928fd6954e0df9da,stepjam_rlbench
320,7fd70749a3b8bf57374e780956de25f2ee8e0a81,stepjam_rlbench
321,7ffb86708d724ea690a5ad054ab3a30e8363cc8f,stepjam_rlbench
322,80c2d496bf9afe273a835ba29d1becdce0dba42f,stepjam_rlbench
323,80fd1e89f8e2494a269276e4fdc4d6943adc1ff6,stepjam_rlbench
324,816572d7103f8558089405d192627b03cf499f7b,stepjam_rlbench
325,817bf75621873f2bf1798f41355ed0ef77fef005,stepjam_rlbench
326,820384f6f1efa143d1d306773669d304747b8925,stepjam_rlbench
327,834828b907f7f77171f5a3ee8e3fe65e06c75844,stepjam_rlbench
328,83f0e5f3dfa771f2e4bac4b50bed087ce2ad3333,stepjam_rlbench
329,84174c9b2a547637ceb68c55fa8077c579407c8c,stepjam_rlbench
330,844db533ec105ff12a0f4508d0b35f43f9c663c1,stepjam_rlbench
331,84b0efda45c68651cb97dabbef9c98ceb611ddbd,stepjam_rlbench
332,84c5591a11249baec8dfe14018d54a6b21a676da,stepjam_rlbench
333,8531049864f37d180fe413be8f9163d9c0fda4b8,stepjam_rlbench
334,856269d61995a6bc7f0cf576cddd70bfe24953fa,stepjam_rlbench
335,856c45717c5ce036945fa0a10e1f11330137593f,stepjam_rlbench
336,859fa9ca57513bec41e7e59a20aa2f6250d35262,stepjam_rlbench
337,85dbc6ba534c9f6bc704de4ecbd5fff2b090755b,stepjam_rlbench
338,85dee15adbab6e024ac381af4bfbffada81a66a4,stepjam_rlbench
339,860d27eaa6536ce14529728e381ef9aded6cc283,stepjam_rlbench
340,868e3aafce4f28332d1b9bdebf937399cf463dc8,stepjam_rlbench
341,886fc11ba0ee869f98aa132b143b0a9126837862,stepjam_rlbench
342,8879546698ce612885a5934d7b7dfe7c3221152e,stepjam_rlbench
343,88b6c0d023d605cb117f2c9e650411a58c6cf075,stepjam_rlbench
344,89a62cd08b8f0792229ed0da01105f9e091c0b24,stepjam_rlbench
345,89eff6bf28edf8b6c392ef0e5e25f8f066cbfeb6,stepjam_rlbench
346,8a390ae585192fe816f2b647a072ad0fb3d2924b,stepjam_rlbench
347,8b1408c58d1661f3e2d882b676567f96d7471fcd,stepjam_rlbench
348,8b6ccfbf890d24836d6eb58dd02682a1a600f42d,stepjam_rlbench
349,8c10cb7a59bd990b97fc69a6de648c920efe0c28,stepjam_rlbench
350,8c78895c128490cb6bc9c464897374416c39538b,stepjam_rlbench
351,8c9305af406ea25edd4d175d42fdea830243927a,stepjam_rlbench
352,8ca40132325d243345ebf7d6c80779bb7a0b4a7c,stepjam_rlbench
353,8eb8691bee6354d94ede64296bb23dfcd4bc4dd6,stepjam_rlbench
354,8ecb5903227e50672320967e1a9ff51f48f2f9a9,stepjam_rlbench
355,8fc31bfa9120f4c4cdcd7aac53342b676141fe9d,stepjam_rlbench
356,8fe3ef238c68dc417206191333778d286d7c98bc,stepjam_rlbench
357,8ff9507a7b6be5b374f6b7e619b4b7eda1f9fd57,stepjam_rlbench
358,9056ca0850b629e69962eef1d0cee40208698748,stepjam_rlbench
359,90c41111ff124e50fcda567920899e39066d277b,stepjam_rlbench
360,91b0fbe5842671e8562a8621cfbab448736b210c,stepjam_rlbench
361,9269bebb69e0fd784e68a470fde516138deb3aa8,stepjam_rlbench
362,92bbd07ffea5bf846c77bf76ba1ca3cb7911c3aa,stepjam_rlbench
363,93404995e6651e4e6e1676c580b35ed7ef7c94f9,stepjam_rlbench
364,934cfdbd410704b6202615203307f40c0567a3d1,stepjam_rlbench
365,93609e6623a7d7b9b9ece3bd84250e1dcb1fed15,stepjam_rlbench
366,93c73d549b61e6514deda05aa26ffaed103158e6,stepjam_rlbench
367,94505ed28f700d98eb45245089d6aa9ca0f83b01,stepjam_rlbench
368,94bd544d12a8c422bf277b933aba9a0350688612,stepjam_rlbench
369,94df7da96b561f5aa39b8bb185dc8ef530ae5bcc,stepjam_rlbench
370,94f255be92fea169ce65393eaca118a98254a82e,stepjam_rlbench
371,954df0fc8b6b647cbc8849b68767b957082b8b9b,stepjam_rlbench
372,959c4ee8c4530ffc29e74a2e62699f65dcf74ff7,stepjam_rlbench
373,95ab9ca417cb7a08eea594a59b36b91e438a4183,stepjam_rlbench
374,9632c93780dca5a66009359cc9124e43e832e1bb,stepjam_rlbench
375,9640f300cb7d74faf69a1bec41095511e2ef21b1,stepjam_rlbench
376,96c8a4703c05e872e043053b3332555dcdc8fda8,stepjam_rlbench
377,96e72086c1d21501f7e01b5f2b632d475bbffa70,stepjam_rlbench
378,96fce865d503176f1e3d0a5c3a728c248ba58bd6,stepjam_rlbench
379,97839dde1aca1dc72b3336d009aae346bc5f7083,stepjam_rlbench
380,97b223c1bad365c72848906dc7db4ce3bda84bb6,stepjam_rlbench
381,97f12688fbd97117b4578daf7db95683cfbb7212,stepjam_rlbench
382,9879e161508081839638761efa185c35b015bbc6,stepjam_rlbench
383,989ba5870e2bcde863ca00001515a550f0d7ddc2,stepjam_rlbench
384,99975a7542920308edc7ea31b2457874ed00a991,stepjam_rlbench
385,9a6437371bc0f3119aa7ed79e8014d54ef058f63,stepjam_rlbench
386,9a8743033ea416ef06821c1a973bff72d2a35935,stepjam_rlbench
387,9b088f53152b7a56a3455202862aeb3abfa2d71f,stepjam_rlbench
388,9c1de792fbc9a79ca40f4f53c727a7c87a664d73,stepjam_rlbench
389,9c4bd94b281a436382e3323a163bc8ce8c6c6eea,stepjam_rlbench
390,9d0d8bbd648f96606f6205e553abe38ea28b6288,stepjam_rlbench
391,9d427ff8b0bedd9d6170df7e549059ddbd213208,stepjam_rlbench
392,9ddcafe7b969ebb5cce23c267c0c74c794b7cfe0,stepjam_rlbench
393,9ddebffa2704a85f93f204b11b7cdec112e4ae73,stepjam_rlbench
394,9e87294f8bdf433c7c56580e310dffd051a66d43,stepjam_rlbench
395,9f14cd31ebb5407a124ceff4089ef13e0ac12ab3,stepjam_rlbench
396,9f3bf886ce5d59d2eff8d9ec93ac49cb2b816b2f,stepjam_rlbench
397,9f7480d49b1ae5cc32a28495564b0ede50c99b49,stepjam_rlbench
398,a016e29fb1b166914644602c31f1b108b67b102b,stepjam_rlbench
399,a156a13bad14c5ede79fc43523d59b8917c69041,stepjam_rlbench
400,a19c2b6f7f84f704d66c79c644e76b3658471c69,stepjam_rlbench
401,a2e28604753956a9baff83d9e1bfc79f84d02a7f,stepjam_rlbench
402,a335cebfb34e9911139b28c3432880fc198fab7d,stepjam_rlbench
403,a35a3255983dfacf292f84147be69aa5492ee43f,stepjam_rlbench
404,a3adeeb28b4e77ae4ad27c4a59297c1eb38f98a8,stepjam_rlbench
405,a3ffb8612718b179d589e140c9ce5b31c78c1498,stepjam_rlbench
406,a405503ed1bd54176e66ff5eb516c3283809178a,stepjam_rlbench
407,a462f2bb22061e6c597597af49d149755d731f36,stepjam_rlbench
408,a4a08a3ea3a0265cbffba9621a65acefa3c79600,stepjam_rlbench
409,a53a4497583284171efb6725cba857f9ec283f1e,stepjam_rlbench
410,a56ea8e4f9fa01f79a599a912b843bf7b381dc95,stepjam_rlbench
411,a6f5079b93791dac0b66941838e6ca1494a15b76,stepjam_rlbench
412,a6f521e4c55171d9e3ca64789605287b5faaa64c,stepjam_rlbench
413,a741d44a0e971588fa37196936e8924d19849fc7,stepjam_rlbench
414,a86f7ec604d15d4d5338cb05af5c292336466265,stepjam_rlbench
415,a896ab2630bbbab3deb48afec4810aa87dd98c2c,stepjam_rlbench
416,a8ce59c39b92a0f02232c660e14f5317fa89718c,stepjam_rlbench
417,a8e0292d411cdd10678b40dee42b82f4bd936e33,stepjam_rlbench
418,aa1030530d61c24c4947d2a80f5f839d01d67f09,stepjam_rlbench
419,aa1a70d46f56e8a5eb91637c71369167b7c21613,stepjam_rlbench
420,aa6a90912361ce1411621d70517a145b376c6e55,stepjam_rlbench
421,aa8626aed860354cc08ef7b99b84656226c23d3a,stepjam_rlbench
422,aab7e6c279eabba2cab4d5b4da39d9e7d7ab62e5,stepjam_rlbench
423,aabeaf3fd19e90cc1edd988cc52172599b37aeee,stepjam_rlbench
424,ab716c8a8baf0de1ec3e617ed8e2ea2377bebb64,stepjam_rlbench
425,abb040e55ff84f2badec0430dbcd1805d1f976a5,stepjam_rlbench
426,acbc3a38e4f3a77116b15ee31ecb45998a5fb707,stepjam_rlbench
427,ad7f77e57ac038c73adeffbffadba39daaf31fef,stepjam_rlbench
428,ad948ab4692627bda8df4934750c9224db52e6e0,stepjam_rlbench
429,ae66dfa7da3c366f83c0053c4e22797d24c4a799,stepjam_rlbench
430,af2476c6a147ac7df6fcc85ecfb22a9165e54dcd,stepjam_rlbench
431,af9a6f2019ada92bcfca025f15dc97ed2811a44d,stepjam_rlbench
432,afb3b27295c98a017245ca051276e2b0104ee618,stepjam_rlbench
433,b0d7e16dacb7c128615e84097cd8cf7da1825fd9,stepjam_rlbench
434,b0eabba0e68c1e47715e33283804af2ec6667281,stepjam_rlbench
435,b1017f10bc89b4ac94da132023cf8be2ee97d951,stepjam_rlbench
436,b18a601ee62faeb1bc3c0c8b3998554a82532538,stepjam_rlbench
437,b199a4411ef66fa73f265c77991fd7442034d4f9,stepjam_rlbench
438,b26f00a89747b4c8d3453c7864a5423081592c44,stepjam_rlbench
439,b367aeb73bd8a66f5edb87e51243168f64154c19,stepjam_rlbench
440,b3c376d5cd63b924c57e76649cba1faecce05b48,stepjam_rlbench
441,b53e6840cedd321e2365b87b4b14aebe53344a6a,stepjam_rlbench
442,b55add7c37b32154d4fc9c2855f17215e5d48cdb,stepjam_rlbench
443,b5d5320ed426bff75c1f30d9df3c6fee743b2aac,stepjam_rlbench
444,b751356b505227406335d3081ae9ed988c201857,stepjam_rlbench
445,b7e67405ffbfc42be32401abdd77223de06287ea,stepjam_rlbench
446,b80e51feb3694d9959cb8c0408cd385001b01382,stepjam_rlbench
447,b977eaa754a078d43a659d60d29d64bd395696b1,stepjam_rlbench
448,ba7acb1670f40ecfbd48ea08c657dcfc29c56fa7,stepjam_rlbench
449,ba8e6869718539d76036f863965491d9156cf8d2,stepjam_rlbench
450,bacf6a0b90b230df85022759ef1eda934227f7f8,stepjam_rlbench
451,bbf5ffc213cd418a515213d83fa3e3810f34546d,stepjam_rlbench
452,bc2fdb6697d735101462ca71c56182a2abfb686d,stepjam_rlbench
453,bc8aed12b69751fbcf644592589980a70750317b,stepjam_rlbench
454,bcdc3669e8ac4621c139541dcd1366246f63cb1b,stepjam_rlbench
455,bce1f6bd363171e6ca0f8949a0f526a0d53db798,stepjam_rlbench
456,bd0a0a94d5a1622347cfa69adf2147e086af1e8f,stepjam_rlbench
457,bd0ea71ade474b51a35d185a2e2046418ee77d09,stepjam_rlbench
458,bd2027a6ed2b4e3dd12fefca11c9aff02e2b5760,stepjam_rlbench
459,bd8ee6e2c9e8d85ba2ed66ed4de6bb01bab4ef7f,stepjam_rlbench
460,bdaea18edd03967a50f07a15e33eccda6a10b08d,stepjam_rlbench
461,be687f414d91f38d6e768408bb0875352d8ca983,stepjam_rlbench
462,be84b78ac45b689b4df1125cf3efcf1afdb05993,stepjam_rlbench
463,be9675c9650dda5cd64204fdd1b7c85578ba1e4b,stepjam_rlbench
464,bee4ecd9cc2ed05c165c93c1858925a618762169,stepjam_rlbench
465,bf9cfe3cba366af04fc1a89ec0e5d2cc7f954504,stepjam_rlbench
466,c00e250ed7848f7fa95e29de868cd9e9a879ce58,stepjam_rlbench
467,c05dab812ed2aa87da585a15352d0e93e49dbc59,stepjam_rlbench
468,c115a700a1a166533c1351d00b3ff420b6a1ce50,stepjam_rlbench
469,c1220a3d9fe402734f8e46d9faddd09c1eeb2b44,stepjam_rlbench
470,c1e083ee18c0c03d3d3c90aa805a08c6e960a7bc,stepjam_rlbench
471,c2038f4d92b280e313a8029a64b01559183f5f4d,stepjam_rlbench
472,c285ff4644fc757eacad8ec280f40daa6ac3a9b0,stepjam_rlbench
473,c29326ee65e2e569e24c0d547e58e90f725770fb,stepjam_rlbench
474,c2bd28cd505e9b2f5127aa7cc095d20694dd91ec,stepjam_rlbench
475,c34c031c98a8a9926694f1ba1911f4b54107fbda,stepjam_rlbench
476,c36a2ce52b062a044e419bed4eb7424e5e4fa462,stepjam_rlbench
477,c3cbec168c89eded2545f10ef9d4b77320f4b2ab,stepjam_rlbench
478,c3d71fa5ea943be657a62a4ff0830fe542fe3925,stepjam_rlbench
479,c4c10942870c5174d3d0c1b99ff7d3a95bf73984,stepjam_rlbench
480,c4fd4fbd9f416054fe91ded81761c5fabd38c312,stepjam_rlbench
481,c6f19af45dfd1536e2b2306837544af5d9684c82,stepjam_rlbench
482,c70fef489ddbc2dd6877b1e8609d347696329b34,stepjam_rlbench
483,c7c50edbba4751e1b1ae7b477f328c95bcf295a3,stepjam_rlbench
484,c81baa712b1edf55351a21109056f9a14b41aa5a,stepjam_rlbench
485,c8f0d043f26d484c5c2f8a872c13acc70f8428e7,stepjam_rlbench
486,c9972e3bfb586fdecb59408550123913c20d6ea4,stepjam_rlbench
487,c99b7bb14ccb88e183628b351c3050d6a59b3df4,stepjam_rlbench
488,c9ceed261cfc1fc6e8a4d58b4211f6294fc72c6d,stepjam_rlbench
489,c9e3664e90e8ea8846cb50132cc237e5ae048262,stepjam_rlbench
490,ca0a09a25615e195ab4e2e65a9f3e5d987caee0d,stepjam_rlbench
491,ca195db39621327937842c34d204f230194aea9a,stepjam_rlbench
492,ca440cf0b368afed90db3c34e4fdfcbc5711cd30,stepjam_rlbench
493,ca7e55deed306f69e8b355d303c8a6d4ca7743a4,stepjam_rlbench
494,ca9e53d65048d170d136468c0e62a5e78e4c1dea,stepjam_rlbench
495,cb217a8e64a4860b03ea1dfe7d3a3149b9457a6e,stepjam_rlbench
496,cc28d16bf28987ff3431572ffe9d693633623365,stepjam_rlbench
497,ccec40b1fd02fb84b8f74bc681a008251238a9a3,stepjam_rlbench
498,cd51c7239be0228219e98d510d113c805aaff1d9,stepjam_rlbench
499,cdb4231e29a4c92446833f362636e2f15ff2bab8,stepjam_rlbench
500,ce2e87b4b363da2678ba1ab7980248585a1eb67b,stepjam_rlbench
501,cedf020961f4c23166e43960cd2b441a7d871ead,stepjam_rlbench
502,cf47359b06bfe653cc59c72f1840afb51601a307,stepjam_rlbench
503,cfbc1d1c0cef98cd9b45a5ab7035ed337dbfbbc7,stepjam_rlbench
504,d0006faeb195b52a6c19306222c05d7cc40f35b9,stepjam_rlbench
505,d0dc65d96db22b77f015921583abc83d6aeff708,stepjam_rlbench
506,d118fab8eb6b116de14c5bf160056869f5d283b6,stepjam_rlbench
507,d155cb445ae7acc666b5f8744823e18ff51b9d84,stepjam_rlbench
508,d1f9b609e947405c31e975b5a792b6f5ad4de08e,stepjam_rlbench
509,d29f8f30b3a4c19c31a4cf0a740cdae2a4bf2160,stepjam_rlbench
510,d3153736a73e78f4ae99f7e4eaa9dc64d36c18fb,stepjam_rlbench
511,d3583338800ad0feb7f7031f07e941a8bacdf8ad,stepjam_rlbench
512,d432a8912fd823e948a89a9ec9901781e7e1db42,stepjam_rlbench
513,d4c0fa84d8ee1f31256d231f3f06711bb3cc36c0,stepjam_rlbench
514,d4d8fc590f2810878d1491871a55d12a4e82b0da,stepjam_rlbench
515,d50fdd3ed1a3a51c1b25251a218ac33c1d8790c6,stepjam_rlbench
516,d5148a9e6cdcd03457d49692756d77162b1029ea,stepjam_rlbench
517,d563838fb233249e8fc398dc8190f912cc60b122,stepjam_rlbench
518,d577c23b0e9cbaeaad5872f7c5bdbb3201809939,stepjam_rlbench
519,d61b94a84bd64dd6a37b64628320e2796ed763eb,stepjam_rlbench
520,d635ea155dea86754096dfe1f5fa70cb2b5cc4a4,stepjam_rlbench
521,d768937cf280810b3d88134e9b8a7ffe69f8a2c2,stepjam_rlbench
522,d7b4e1e42f4c3a5b7d0d24aa71b614f5098c7c38,stepjam_rlbench
523,d806e49c56351ee0b194326be056d1879fe28e23,stepjam_rlbench
524,d82c2b87948d1b38ccdc689b7ff472b5143f6bb5,stepjam_rlbench
525,d8611378cc54ce01353e0ec2929aed932193c243,stepjam_rlbench
526,d8b9f0b4bab390a93013bf1a1cdd8d854eacff25,stepjam_rlbench
527,d90670fa73fa8e8d703f7b0dd503ed4a9c02ebcc,stepjam_rlbench
528,d90d6287313ff0629c3fef858c31925f8f748ee7,stepjam_rlbench
529,d96f792cf0063df5d9d1f8deb6d70276e855610f,stepjam_rlbench
530,d9cffb712d3e89054bc651512fd98502e5d7cc56,stepjam_rlbench
531,daf980ed213eb7136656152c86bfaf0920ab4ea8,stepjam_rlbench
532,db42c00258be7f5409da39e0e70930b451c46ceb,stepjam_rlbench
533,db4ab2049a7449621ffc76bc2d2d9691477cfeb7,stepjam_rlbench
534,db8c658ee309687f73916711c42429aa2cf7c2a7,stepjam_rlbench
535,dc42c27460222086e395c6fb0aa67bf0989a67d0,stepjam_rlbench
536,dc6da3001c58c1b2dd1bf3211f0b81382ea21d39,stepjam_rlbench
537,dc99d27de8b59dcc05d3380e196a4a7ae672293d,stepjam_rlbench
538,dcb55dc78fff6dd9d75157092943789562db29d1,stepjam_rlbench
539,dcfa2460e45cb274124a6d03c0385ea204dc4df7,stepjam_rlbench
540,dd0baf7f3c4ff7e9f0b4e61fa1401e9039453183,stepjam_rlbench
541,dd5dc9d0b5b6557a385ca985f70bae9bf63a1919,stepjam_rlbench
542,dd5eb2cc8148f382771a8666e486d7f9aef7558a,stepjam_rlbench
543,ddad54a50754bcb3e5314889ad544f6629989959,stepjam_rlbench
544,de486abdaf49f2ce9ee9d3faadff22aeda5d7648,stepjam_rlbench
545,decca401f7814c9f15eb982fa9f24c40b2804083,stepjam_rlbench
546,dee013356016edd05124d302ba9584ef9557aaf9,stepjam_rlbench
547,df04ffa8a7f66b64504ecb2b5825214ebf9a3a27,stepjam_rlbench
548,df292e8242bf33cecc6d2c3ac735ec57e9a9f90f,stepjam_rlbench
549,dfa6517d51d9fc43578a0f414c3782bf9e4d05d8,stepjam_rlbench
550,e17ee4319f5b31b5f136e0ce6b22cf9d05bbc01c,stepjam_rlbench
551,e1a9025ae535b88065acce81f986336391b43167,stepjam_rlbench
552,e2c755bcebe7b8791acc687124cc7be194c5b701,stepjam_rlbench
553,e2e1249e11be20ef33605c2bfdb4b8f3f9e07fde,stepjam_rlbench
554,e32e7fc6887cf0d53c9044fbb40057d8fd70791b,stepjam_rlbench
555,e33b63f0e7ee106c2a12917263a88496df017259,stepjam_rlbench
556,e407db3d85f471579acf178e9bca25f470080913,stepjam_rlbench
557,e42d1ec82b2df1b5847117fe6b3f465321001eaa,stepjam_rlbench
558,e4594b31edd8fc89d4ef299910e8a2aabafa8ba8,stepjam_rlbench
559,e48a724321c65e904337f543f239ec8028a74022,stepjam_rlbench
560,e4b0d25fc2024c06f5a83c7128c28a6f8f1ab7a0,stepjam_rlbench
561,e5261853895adabecb1c01bd0811c9dece5a9301,stepjam_rlbench
562,e5331117729edef3d19dec1f0d8c879b271d9b4d,stepjam_rlbench
563,e6b50d724797a049ce4b149d27434180295b93dd,stepjam_rlbench
564,e74c62ad8c96f4d93d383484453b7548bac442fe,stepjam_rlbench
565,e90d85b975c959432a593810c8bf0192f9823bca,stepjam_rlbench
566,eaacc3ac16bc50bae339a39a8f79803eb220a99f,stepjam_rlbench
567,ebe356fc70688aa67fd56891725d4978c62c6bee,stepjam_rlbench
568,ecd2e5e3750b94d2d30b5b3b1e0eea06c448b316,stepjam_rlbench
569,edf5fc86ae5b829c50b7434d7757c1e85c30aab5,stepjam_rlbench
570,eec64ced36a20570b45c1b338b711c6728f0f777,stepjam_rlbench
571,eece2abd754f130f3d590b8b991c4bb620c02c63,stepjam_rlbench
572,f030a37042c13078a2529ce80ad477cbf306f3d9,stepjam_rlbench
573,f0a3bf0d65171cc5343133ef0e17aa7fff09a4a9,stepjam_rlbench
574,f0aa652be85eab88aff117958b15496754ee55dc,stepjam_rlbench
575,f0bb45181db214c81ee73d1c6791951e78279967,stepjam_rlbench
576,f1053b10d5c52ca04edd52d05380d406603cbec9,stepjam_rlbench
577,f11972a0ecd954c823b75e82f55cfc714317a47a,stepjam_rlbench
578,f1b80b8fc60cbd29d9eff55f03c825a8bcafc269,stepjam_rlbench
579,f1d0c92f99052a22794738527713e5117fc2843d,stepjam_rlbench
580,f214b6ecc177babce12d3ad13dd92049c824c1d9,stepjam_rlbench
581,f23f6b2fba53659ead0aa5440740ea8bedce333b,stepjam_rlbench
582,f2c625fde9783702938de4e8df981a8f4941da26,stepjam_rlbench
583,f315a441480f457beebce6ab5b7f26d3a677c537,stepjam_rlbench
584,f3dc2a767ddf1397b278d13cf84e925b9b84df98,stepjam_rlbench
585,f3e7af55c09fb5b25b057b1959be0c37868354eb,stepjam_rlbench
586,f42c729a170b910a2a1042eaed580bed9de4b2a4,stepjam_rlbench
587,f46388098f40299510c5498ae9e51a0cd899aa80,stepjam_rlbench
588,f48cc6af45736f328404db6b584c28c1a19c21a5,stepjam_rlbench
589,f52f6b390828ede348c26a1f2ca6bd176f42e133,stepjam_rlbench
590,f533059ab3840dd8ee3fbbb6dc9e28391d076184,stepjam_rlbench
591,f543c0a0da69754e782316fa5fa01ec8b71df5d9,stepjam_rlbench
592,f5972ae9e929b4a4fec56c9e9c8d1ad166f580da,stepjam_rlbench
593,f6337e3896d7cde1504e3a046e4008401497b00e,stepjam_rlbench
594,f63a16203dbd52205d093d86dae53f4ff9d149cc,stepjam_rlbench
595,f64a0d0337a325655c16b52d4ed1a8b6a44c6730,stepjam_rlbench
596,f65809bac703636be6d386f110abf718f3db021e,stepjam_rlbench
597,f6d1128eaa1b64177e2dcb75f538adde747d23d8,stepjam_rlbench
598,f6e9823aef0af2833a8cde6e4f357037869216a5,stepjam_rlbench
599,f7afab6e0d0dfccb05d82c2af104c29aa948352d,stepjam_rlbench
600,f92626d1d796127362013b271cf922647fcee6bf,stepjam_rlbench
601,f9aefb1c332c45b5983e23869022aef03072bf3e,stepjam_rlbench
602,fa50066c29a0812c4d32b13bdaab76f23d971c08,stepjam_rlbench
603,fa8158d061152cd7e37c403845cb2c0f0c4a223f,stepjam_rlbench
604,fad336f73aefa87301d895f754a8b881ffe70684,stepjam_rlbench
605,fb28437b92e3de5cdd60f4c4f88befb322c21707,stepjam_rlbench
606,fb62ec8c7b1f9bf5aaa0c9b481f39e7cfed0b535,stepjam_rlbench
607,fb9118d1a8a14b4278ad7926ff1a2695c40d7c8f,stepjam_rlbench
608,fba535f553ec4c0b39a96c3d8ab8e5e84649da54,stepjam_rlbench
609,fbd449ed200077b9fa425318b993c5dac8703542,stepjam_rlbench
610,fc3ec35dc4f0cb93b93b7587cc8d7bce9ee7adcd,stepjam_rlbench
611,fc42b0300ccf244368b035c19e3047e99bc36ac6,stepjam_rlbench
612,fcae6e619b43ea3107c2dffd6f8ca2c82807b296,stepjam_rlbench
613,fcc34f5157cfb721dd7a8462bbd9ed3fe9ecc7f7,stepjam_rlbench
614,fcd99187227d72f6fdf4b99ba9c48c8382494305,stepjam_rlbench
615,fe654415d28be29cd6d30f06d2e00874c5b6c34c,stepjam_rlbench
616,fe91c972e419996596fbbe41bd035baf10f66f35,stepjam_rlbench
617,ff7f93eba3d63b883868c9d39b9e5d47525f79a9,stepjam_rlbench
618,ffb73693a2a92679f779c2fbd737e2653c7606a5,stepjam_rlbench
0,00c15d164f8e8ed677090bebf51dcb509a7fc512,fragit_fragit-main
1,01172b8294ab90728c4e6606c5c13b6f87a156e9,fragit_fragit-main
2,01aec0baa638b25051df06a931227791668e03cd,fragit_fragit-main
3,021288ac99e458b27681b83bec541356c9e0df29,fragit_fragit-main
4,02e1caf9923d7e9bb1e0e096e6beb2f5d36a6768,fragit_fragit-main
5,060868c85b5468381b054bbc272e065f46ab7112,fragit_fragit-main
6,0661230d80e69f4632418b2d33656512286714cf,fragit_fragit-main
7,069c4937e0238a009b825e182927bda83252585e,fragit_fragit-main
8,09255248924af1745b64d90abdf484deaceebd23,fragit_fragit-main
9,094cae80746470101903036cfdf300ad5dd15e6e,fragit_fragit-main
10,098e41dc7de4e403b49b4b071677b9a7feacad3e,fragit_fragit-main
11,09fad2024ee74d3a4b36855fa8d5cc3f5a4c9dd1,fragit_fragit-main
12,0b2bc270fd6d54bf798debcc6e5d0d2be1eb4d45,fragit_fragit-main
13,0b49125c90aeaee5f4832eeb70aaa0df5c997c39,fragit_fragit-main
14,0d35e11adc82535118d68e7a733c7db407d79d1d,fragit_fragit-main
15,0d4b40dd7dfa2188c37eb110d2562acb6b54b815,fragit_fragit-main
16,0df8117cdd490b924c0964e3b74390702525f2c6,fragit_fragit-main
17,0e86657624c2f1b5e19a33abeaf085bf3c407632,fragit_fragit-main
18,0ff85ae3674a27f7b9ab48a2bcf72e8effe141b8,fragit_fragit-main
19,102ead2ef46687fa0856d003df7dea423fd5ca60,fragit_fragit-main
20,1057f13cc6fe0a661f37b7f4ffa0d6fe6ce60501,fragit_fragit-main
21,10949206740697deae8822c3ba7a0a98837d6966,fragit_fragit-main
22,1096ccb35683c2cf1673b3be10e8d4569f4ad27b,fragit_fragit-main
23,10d8276c5d81fe1bd5f3bb54c9a5b62a0f47a112,fragit_fragit-main
24,11d790a2a887513677d7f8cba078c90c237d5764,fragit_fragit-main
25,12d19777546d2e6a70cbcfa1b2d985f0ed8317d4,fragit_fragit-main
26,130b1596cc9edb5f108c44e8ccf6fe21437d934e,fragit_fragit-main
27,141ebcbb5f8b149821eb82626a4f0394cfb1d4d8,fragit_fragit-main
28,143a39d5925bbc9c0307de0732b5087422481c06,fragit_fragit-main
29,15daeaecfb92b25d1a1a55eb3ea19b61ae617662,fragit_fragit-main
30,166d9336a22a733408b61e9a261eb4e16ec4536f,fragit_fragit-main
31,1774675bfb9a89405b38a7b124ef5dfdf7726b0f,fragit_fragit-main
32,177587b23c4a851243c02153e31a7c6e0e787b0c,fragit_fragit-main
33,190c226cb09381fd2c6ddc6862f49ddc91be0349,fragit_fragit-main
34,19496f7bfedb11333e14da45d4558128085d6e08,fragit_fragit-main
35,1970efce1e083cd40cb56fd82a16ecd2e502449c,fragit_fragit-main
36,19ee2722b6f841d0512cef448d04ae48f099a35d,fragit_fragit-main
37,1a0c8c124e0b2edda3b36bbbd870957347e99c20,fragit_fragit-main
38,1d5ea3bc871912dbde52710063b2d760b60717b0,fragit_fragit-main
39,1ddbd1d227d686d45f0981e9c593ac9924cdca96,fragit_fragit-main
40,1e3b50562964651d719e23b78b3566b2f6177667,fragit_fragit-main
41,1e3d0a5d853a1230412cb76b54d74a8d824f377f,fragit_fragit-main
42,1e8d0ef654e10efd7855fda504de73d17970b19c,fragit_fragit-main
43,1ffcf870c9f13e49dd011c6c1b7ef6a66e4a0170,fragit_fragit-main
44,201dff669257f8ff23948394db6bcd007c020fda,fragit_fragit-main
45,204f701a704f3c3d13ce01d85c6422ae2954242a,fragit_fragit-main
46,207004a66f7911539abee335031150467bd86557,fragit_fragit-main
47,209a07bafc588d15f6da7253247fd602e573b841,fragit_fragit-main
48,2144b67923937c0122632c63287db0c0f06a504a,fragit_fragit-main
49,2145d571ab7c551e86a48c874dd8277d40f83bc8,fragit_fragit-main
50,215c421dbac65cc0cb7f0e4118a2fa7bdcdd34f9,fragit_fragit-main
51,2166e3f1c099f6361ac2f7937918171271a108dd,fragit_fragit-main
52,2197e8d8397576c31baabeb4a9a84bfa0e2d877a,fragit_fragit-main
53,23fbb87301a93be0f7ecc18d6e4eb4a98894fc54,fragit_fragit-main
54,24fce1962ce5f7bb7bf615dc67478fbc9e1d336c,fragit_fragit-main
55,250b3a598d9c7f48f4e9e28c5dda4538a004da26,fragit_fragit-main
56,25a7c828acfe8c6391593ae5ee6270527464371c,fragit_fragit-main
57,2648ce709c58d7d3ef962d3f93ad377b01d3301e,fragit_fragit-main
58,26b0b999f11b0be73a5cf81a27976245d99116a6,fragit_fragit-main
59,26d07a9d5b2113c45b0c517ff03197cc6b56cb87,fragit_fragit-main
60,26e6ed37ab0e96d5623c6c653a58dda7d08c8a06,fragit_fragit-main
61,2773bb72272c793e36d6dda0cba32cf95ea9c9d0,fragit_fragit-main
62,28a18a466a34f077ffdd58e764320d66b0590f18,fragit_fragit-main
63,2922a25f643fb85ee046e08ae06fd6b857b31f57,fragit_fragit-main
64,29358ae4c787c727ab02a5b48209b1b1c8d274e3,fragit_fragit-main
65,297a34c373dbaa7d1a36d65f688013a2aa856598,fragit_fragit-main
66,2988a3b7d8aa702ac6b524883cf1aebf81e18a2f,fragit_fragit-main
67,2a0999f97c04833172d01ce29e6552e45a4778a7,fragit_fragit-main
68,2a16dfd2184f883dcdaa0f37e8edc6dcc940f02e,fragit_fragit-main
69,2aa0c4f1fa64b2014166ad483a8ecf8a977b6dea,fragit_fragit-main
70,2c05c6975281b3224065a83bb6854310790cdc1e,fragit_fragit-main
71,2c8a3116d4549cd16b289d21529c95aa72faa379,fragit_fragit-main
72,2cb449ac687d90bdb83c2eccb8729f51fa530fe1,fragit_fragit-main
73,2ce783099a7c5e5e47aff752a1b3829514512053,fragit_fragit-main
74,2cfa91b5861276c1d4d80539ebfa5096d93aaad6,fragit_fragit-main
75,2f2b1552e0c9248537ccdf64faa3c98c15225eb9,fragit_fragit-main
76,2f2f49cd42d25e147e9cb03506cb4d8f9eb84a17,fragit_fragit-main
77,2f33eab19638ddb40f0370bef8c05a4f638c080d,fragit_fragit-main
78,2f4d9f63f22ae1984ccb476a74a2e6ec926ac825,fragit_fragit-main
79,2f642875b13942ebc99bb109e0ca2698908e437a,fragit_fragit-main
80,31c16ad70e4a09430bc6081cb24a9984e5b984a6,fragit_fragit-main
81,325396b99773ac318437830d332d39616d18491d,fragit_fragit-main
82,327d61f1ba617d815dbb8322862c830259cde1b9,fragit_fragit-main
83,333383cd1120fd3110d16ccf3bb05d6fa7cfbf69,fragit_fragit-main
84,339ab56a9a5c5b69598e991d5dac3bebd6b72d6c,fragit_fragit-main
85,33bbf4d63be5f253696242fdc568008d69533acc,fragit_fragit-main
86,34ed0b1d6090f1f432b1cefb7dcbdaaba2a50cdd,fragit_fragit-main
87,350c5315811ae6bb3be98c4aa40b286da70766a9,fragit_fragit-main
88,3531b69a60a5423c9cbdc9d7a8976a4e169dc2cf,fragit_fragit-main
89,365561d59478e6cfc5c29d6a8ea96fde2ac57e14,fragit_fragit-main
90,3791edeab191f506fcae4e53c781611ac228a791,fragit_fragit-main
91,38b302c38c96a442b74a2b1a91697ebf58374d7e,fragit_fragit-main
92,3af08711bf9e28dc23a14598ce5486a51d42164c,fragit_fragit-main
93,3b17632679a38b278bdcb9409000982c8bb8b042,fragit_fragit-main
94,3b338e189146af140cf61960b2840f560152bd50,fragit_fragit-main
95,3b727eb56a849fb199b378588f96466cce9cc635,fragit_fragit-main
96,3b742af5299ba1b86d20795211d9f837e5299f07,fragit_fragit-main
97,3c838181b51b23c0e20d97d1cee5f05e74ef0bd1,fragit_fragit-main
98,3cc925d9c682a5031891fdbd2c6d9a30d3234971,fragit_fragit-main
99,3cdf44078a634fbb27f2c8b51f2c1992669a5114,fragit_fragit-main
100,3ce52a13d9cd77e212700397cb1ffb8b5d00bece,fragit_fragit-main
101,3d7c8548a8992aea8302e9b854905db103c86f36,fragit_fragit-main
102,3da8acc5a6513bf8c7a83c6f8a140b4bde7e5312,fragit_fragit-main
103,3e90eef20d9628f249f505b9ada19d5c9293f959,fragit_fragit-main
104,3eca8c48dd09fd82035f95b417da4c843016abe0,fragit_fragit-main
105,3f39d36c72b7caf6e9c634e56802a13485b6f573,fragit_fragit-main
106,3f54623e30a074f22bca4da93b3037e0f25abcd3,fragit_fragit-main
107,3f6478c85f9458e31817b37251c3ecaf95a34c92,fragit_fragit-main
108,423ae27c0fecb512ce0fd48f859848836bceebe3,fragit_fragit-main
109,46069e685824eb957825fc6b6edf96390a3082ba,fragit_fragit-main
110,471979291a54a4dc12cbd75150a8b1c7c591ded5,fragit_fragit-main
111,471b85b65445b0e0aec20e5832fce2fccec5e6bf,fragit_fragit-main
112,4730076abe9de09ecd4623c605dd650ade9e95a9,fragit_fragit-main
113,49203716acf0b4d329ef96af74d24bc0aa2dfa82,fragit_fragit-main
114,49b24ac5e52a903b4b7f9f180100dc39d07a393d,fragit_fragit-main
115,4a0f5f82f99dbc83dbb7f4f21071015403aef718,fragit_fragit-main
116,4a187dcc53b71abd578f94568c0277afad3e81f5,fragit_fragit-main
117,4a5a27523fa5547f31e854c1bed7fc0b11f4f63a,fragit_fragit-main
118,4b1baf41c07a7096024dce454b9607ff4b349e83,fragit_fragit-main
119,4d40400593a0177962d62fc8c9d48e8e6b4c6ffe,fragit_fragit-main
120,4d7a57c1336b780169673015ece0f891629a6eba,fragit_fragit-main
121,4d84614c10a6b6f925680e32038cb83315341ceb,fragit_fragit-main
122,4dc01df526aa85332164ff5ba141a422fc5e5d29,fragit_fragit-main
123,4e061747d0cb6fd6255c26fca40c35fc0858b579,fragit_fragit-main
124,4e5561aa973f33bb42b80ee6dcecc923445e6da4,fragit_fragit-main
125,4e7200a4d061d78ed8f7a3a48fed4f533ee56974,fragit_fragit-main
126,4eaff71131bb6800ecd43a4ffa2c4e99e01e046d,fragit_fragit-main
127,4f072ce26b4669b466ced014f7406447dd77c3c0,fragit_fragit-main
128,4f3002a68793e4eeab9d5a28c316f0e075dedc17,fragit_fragit-main
129,4fc4401b5980a4f5351dc95c0fc1b20d75238699,fragit_fragit-main
130,4fc5ffe978ebdf18373cac5ff9863277357b36d4,fragit_fragit-main
131,50fc9319cf1bd45b92001fc1ec8274dd12c7928e,fragit_fragit-main
132,519a965212131f268bd727645deb61c538f209e0,fragit_fragit-main
133,51b8ec623feff91b2b4fefe1f20f5ea90f3bb9ec,fragit_fragit-main
134,51de4303181cabcac3d58cbbb22c5752a2292b8d,fragit_fragit-main
135,525753478caf1adde7f316ae82ebd928661f3ffd,fragit_fragit-main
136,52617d7622d06f48b73eb9eb8f4512e1af3a975d,fragit_fragit-main
137,52d95d92b8fca8efa2e7479450ece1f8999596f8,fragit_fragit-main
138,5384813a494ff8ab4da9ce9fc924f602398d1cb0,fragit_fragit-main
139,55a6fc0de35ef8ae4cc6e3a28a1e92a8517957c3,fragit_fragit-main
140,576a08dbfacb970f296051d29ea0b36aafda5576,fragit_fragit-main
141,57d4fa96027d42f1614c87545df4db2ab12a2030,fragit_fragit-main
142,58643daaad4303ee93184e46a3ba522f5fbb60a8,fragit_fragit-main
143,58bd7ea3362fc9065e0c5a217501fe62830ed3da,fragit_fragit-main
144,58f1473f201bfbb48ab9727890b2ce2dc6d13d07,fragit_fragit-main
145,59cdea3677083bc08445d89635f07ed91f8347f5,fragit_fragit-main
146,5ac82b892235d78499154aee7637009541371904,fragit_fragit-main
147,5ba0d0c6fba61354f912fa429b70d1e6d393555d,fragit_fragit-main
148,5bdaa77a05bca92fbb21eadc6ffa3261c0198df3,fragit_fragit-main
149,5c090362005bb21f6259c1648501273233b14441,fragit_fragit-main
150,5c566b4cf3aec4932b9c46cf3713fcf872326ff5,fragit_fragit-main
151,5cb2de48c11b0e676d889090e9e2de490dbfe1d0,fragit_fragit-main
152,5ce54086986fb0441abf609186edf852b196ed1e,fragit_fragit-main
153,5d41e1dcc319209cdf113155f30710e184c4db48,fragit_fragit-main
154,5d8fb012eecff5ac6ae5b0d1ec0f90859730dc5d,fragit_fragit-main
155,5de104dcd1beb4bda9f972efb5353e165309766a,fragit_fragit-main
156,5f7bc268f5594ec7d088756dab3bf9104a37d732,fragit_fragit-main
157,5f9c900d1fbedd1c7761d9890eb92a2ab0260b93,fragit_fragit-main
158,5fa208d004222416e37b27b4ea57a3ed08d374f7,fragit_fragit-main
159,604c7135c0180544ca484fd19d2df68c7e857a46,fragit_fragit-main
160,6059a44c87d2ae638d61773caadb568e038e11b4,fragit_fragit-main
161,6095296d4b282e16545c1ca620acaab3e83d341f,fragit_fragit-main
162,6139a51865c71c166cf2e472a6552a1282f0064d,fragit_fragit-main
163,6164d207118501f5e727ced8b54af635551a1293,fragit_fragit-main
164,616a5985e8468fe5afda5175f0de6e180876f28f,fragit_fragit-main
165,63124f4f9f94fff46723e4b8389daab4d61f08f4,fragit_fragit-main
166,6390038ad6e397b9580f6a1021b381e68fc803cd,fragit_fragit-main
167,6428afc2dc6283964ee8426c5ed44137b3ee1745,fragit_fragit-main
168,64a0136ea3cffc0d4f2d14ed8962e2200a1b9a11,fragit_fragit-main
169,64a7913e8883034149007ded2af8fda135f04a40,fragit_fragit-main
170,651cd2f6cef5c47d87257277fd97fc0686cb934c,fragit_fragit-main
171,662e8fd15d3250eca19a70b232b2daa1afc35957,fragit_fragit-main
172,66da80e0eaf79f7a0878c8e2b6d9e42233c7650f,fragit_fragit-main
173,670596d61219ca94ea56acbece4d9eda1b09551c,fragit_fragit-main
174,678b9f42f7113a747ef7a1a43fd9f2fa7f604c9a,fragit_fragit-main
175,67a7446e6135183481ff1f89d9a145c59a406c8e,fragit_fragit-main
176,68052161a1a47bbfdfcf3b597aea5cab0103c092,fragit_fragit-main
177,687b1899ad4f8362dec70be3ba6f7a469feaaf59,fragit_fragit-main
178,6896053e3fcf35d587d93a24af6128f6271a620f,fragit_fragit-main
179,6a76baebddbf7f143a318a62bebd3e60d66a299e,fragit_fragit-main
180,6aa46d665c9f2c093bb7caab1914a475b64768c4,fragit_fragit-main
181,6bb54b9486a78f96ab36511dedc22ddeeda31840,fragit_fragit-main
182,6c2c54a5a33554c886211373037810c30a2f8883,fragit_fragit-main
183,6d0aaef676f6ed0c34647556818ed5f7f0a2095e,fragit_fragit-main
184,6e62cad41a12003a4dec979bd8493eaa366c2c6a,fragit_fragit-main
185,6e6bfa5bcc9acd36fa2c4f2fe7460ffabc24fa87,fragit_fragit-main
186,6ff262e314f0a76095c43f9cf3fdc8242a6d0021,fragit_fragit-main
187,706867562bc2cf469654eae4d929ecbe28657d97,fragit_fragit-main
188,707657a850f37a28e1de243f497adc30290570f1,fragit_fragit-main
189,70a5eee3d895f6754ef21f8f6dcb7767784ef5ce,fragit_fragit-main
190,71158dea57aeb37a6167167c73ff11c0f9b91f66,fragit_fragit-main
191,71cc88d8b9f4d3c1e843561561ea9e5cdc983fa2,fragit_fragit-main
192,722e7dcf47d005c95b94e1cbb16fe8ad1c7bdc20,fragit_fragit-main
193,7249a27b4c7a5ef13cbc665e56dbc3d2892157b9,fragit_fragit-main
194,7261649de97966b34d248980b4dbb2ba5b13cf5c,fragit_fragit-main
195,7275f3f9164cac506d88a1fe11dfa6628ddd9417,fragit_fragit-main
196,727be597a3eebc0b5b6f4c6313bdc14e6ff30308,fragit_fragit-main
197,72f9b91df6af5ca99c6aad1603e0b93ccd1b4d78,fragit_fragit-main
198,72fee439f74de904de5621d335a6d223853d841b,fragit_fragit-main
199,73469e0dd51437943bd7194f3dd2add43c2b9259,fragit_fragit-main
200,7373d00bced4457d5cdb5d7ee7376e8e07723c2c,fragit_fragit-main
201,739ea3de0edf5617db3d851ccd232696dc7b5a67,fragit_fragit-main
202,73db7a14a84bf553dd6cb14641a5b0af918c1b11,fragit_fragit-main
203,74b4ea3be5bb6b9583480e670e88f468c2c64048,fragit_fragit-main
204,750b1cdc5c53c26c828a216d8fa4c424d6764da4,fragit_fragit-main
205,75182b23d37d13b99ff02253f63a69f457cff931,fragit_fragit-main
206,7552acc2ce223c86601e88ede727b382ffa00707,fragit_fragit-main
207,756bc72eb4bcf977990dc9562659973abeb18620,fragit_fragit-main
208,75d7faadbb822ead8053c9232c98f1eece1a9ab3,fragit_fragit-main
209,7725ac537ca0514bf3374754795d9a51dc4f3f05,fragit_fragit-main
210,77bc90e50898ac7f8c3f040b70a7da958784bf90,fragit_fragit-main
211,78dbb12cdb5978a87f9f557e23a882091823cc63,fragit_fragit-main
212,7a4de2a20eae860dae05bb5b461acfb6228f781b,fragit_fragit-main
213,7b4ea03e29589dd7b4bebb2d16654d0ab7fa5963,fragit_fragit-main
214,7be30a050927e89309e4efe5911a3276dcb19f25,fragit_fragit-main
215,7cdaea573b41158619db858f2e4a54118fbde053,fragit_fragit-main
216,7ce0274ad954af8b895696c525406b539872d8a7,fragit_fragit-main
217,7e17232ba413383ddd6cc81b5b8c1beaa5b2e227,fragit_fragit-main
218,7e39b85641aabbac86b9e824ec80d871a9a6cea4,fragit_fragit-main
219,7efa9f1e3412601f0d59c941146727e46824fc2f,fragit_fragit-main
220,7fb45ef9486c92630a2230cc123b34421b39494a,fragit_fragit-main
221,8017aedafed762633243d024804826454d207bdf,fragit_fragit-main
222,807ef640b5e1891510630237675fbdf6c940ffd7,fragit_fragit-main
223,811466282acfc02afecbe5334f36a0ddf007c912,fragit_fragit-main
224,81d19300554adc17501501396a94eb76083a823f,fragit_fragit-main
225,8230310817a9fcdb77e82c928f9517b53f56d5b4,fragit_fragit-main
226,831f8ab65f157aa973c4b929b52d1af07bcd0f4d,fragit_fragit-main
227,8439c8b5378793d12bf6927b4dbf89769a434e3c,fragit_fragit-main
228,84a10a6f04e52bcf5e6a9852a1544fbd923eb7d9,fragit_fragit-main
229,84b1eb9697a27181ac3033b053d8715e777d1eac,fragit_fragit-main
230,84e222abf9ac2dd9d6151d0a9f3e4b746245346f,fragit_fragit-main
231,850772f35723184b0835dab60ee77f390dbce77a,fragit_fragit-main
232,86112335a1f0cf68500be69e5f292c2af384017a,fragit_fragit-main
233,870338acd7a7f0fe2f40ffe421d8b98a3b83a61d,fragit_fragit-main
234,87594e3cadf3fee289fa1f9447a44df407af801d,fragit_fragit-main
235,87a9968599ad577f64661ac1d24df421b0ef017f,fragit_fragit-main
236,8824c30e5a71b70985ed53006937c7ef431b6be8,fragit_fragit-main
237,888d5fcbc80232c6bd4c0f133e2b511511d410c4,fragit_fragit-main
238,88d8897f2b62b38925f1cb451544619c4732ee26,fragit_fragit-main
239,8c999255465f59018139bdacc55a7fb5dc4801eb,fragit_fragit-main
240,8e2c597cc2ca730581ec586976cd0d0e4768545b,fragit_fragit-main
241,8f03b943e99b23e62cdf3686b06f78445ba50d97,fragit_fragit-main
242,8f3a6c7e6b1d479bd4b403ee2ec5056bcec71c1d,fragit_fragit-main
243,9025c317ec457d5e4f0193586f55b262585acdeb,fragit_fragit-main
244,906f209004306447f040b4183ebe04158981de29,fragit_fragit-main
245,91b9ca2bac9409cb4eb62d5d5f58559b75af06ff,fragit_fragit-main
246,94a27275424548665521a62010b7b3685ba72d49,fragit_fragit-main
247,94fd760ced03dd199fb2a19dd1e3bdb7d47c1952,fragit_fragit-main
248,9631730dcb3db4ec001a0ca36b06ba2621ea6231,fragit_fragit-main
249,963595323b962d28991ccb1a9ab100fa9c150f57,fragit_fragit-main
250,9656fa751e4f5f879234c105c82d3718e7b0036d,fragit_fragit-main
251,96bad4f735f36c7778b6ff433865d154786143de,fragit_fragit-main
252,9757d4ef454f983d359adbabf60f1d3d448278a6,fragit_fragit-main
253,981446db294e3140a9a049947cd2f7ec99f89855,fragit_fragit-main
254,984334cb4deb15f8164520c32c2a4d76a8d0b07c,fragit_fragit-main
255,999091d19ac39d7b179dacfc09782194498233de,fragit_fragit-main
256,9a2d85ff272e22459fc425815e94cd8545b278dd,fragit_fragit-main
257,9b184f8a822f57459a24ec9a5bd0c647b80d382e,fragit_fragit-main
258,9b22e8ca72b53b779f6c6c16d8d209a6f24ab43a,fragit_fragit-main
259,9b65397593bf040bfd1786bef36da88a70ccd873,fragit_fragit-main
260,9c27a8d77566097c69f82920c871e6f0bba094e8,fragit_fragit-main
261,9c2856f430769d519172d41bc43fddf1eee2d9f2,fragit_fragit-main
262,9c9a1ec753cb21507286b18f605fc7094338afd5,fragit_fragit-main
263,9ca9753e521ab5098f9a756f215ee59a26cf3f8f,fragit_fragit-main
264,9d8f858b1c6d42fc558b8bc5ad6b20ea1e30fcc7,fragit_fragit-main
265,9df822e86ac2d628243841206589f80938971a54,fragit_fragit-main
266,9e6e5c6174bb039f81e8602748df02dc979aa517,fragit_fragit-main
267,9fb9ffba6e7e1ec335340d05fe464c0557a92dd7,fragit_fragit-main
268,a063ceb39c55e0f045838f763e36d7298bf7e709,fragit_fragit-main
269,a08a329893b0c705a2f4f132a4e756cc5d85cf36,fragit_fragit-main
270,a140a203befd067f218407e032d9fe1d10849ebb,fragit_fragit-main
271,a1f2ab7615b8c19f72a655216c1e9c476bdcfeac,fragit_fragit-main
272,a21a8a34c8925d68d0f6aae13d448bf992c6ec81,fragit_fragit-main
273,a237abc055702d1c86ae4d0a97fcf527a5456083,fragit_fragit-main
274,a262afdc7e8cb3d8067004b8cff00148dfcb3d3f,fragit_fragit-main
275,a294546c1bbe3cccdeaab9f119311453508f0b56,fragit_fragit-main
276,a2a97680dc4c51041ce77b920724fe0a00a341f4,fragit_fragit-main
277,a2fa809fc667edd9a611041f49721da49b88e6ae,fragit_fragit-main
278,a391d79433a996eb9030666f179b6734cfcddbaf,fragit_fragit-main
279,a4af93237f05e7c35bb51bfdd96ac39009077139,fragit_fragit-main
280,a5b112b73086ecaf2ea2793d6aa3cc8da4be438f,fragit_fragit-main
281,a5ef421f8d0ba9bd54c687a225f071abf7e5d501,fragit_fragit-main
282,a6291c665555bbf100b1bb157bb5b65f5137564a,fragit_fragit-main
283,a6638395d41bb150e4f5cdc9cfcc14dfb63931bb,fragit_fragit-main
284,a71618629d780e7afc52ce3555f4063ea073863e,fragit_fragit-main
285,a7957eeba3ad81d5e4e288862095ef92047b7da2,fragit_fragit-main
286,a8a7a1e07c7c6c749a7978b8aeecff00b93cc5dd,fragit_fragit-main
287,a92e599d2180073bceea26603dc3d503ed0c0c19,fragit_fragit-main
288,a9489649b725dfd229817a928e8cec37cc579494,fragit_fragit-main
289,a9e1375e33599e36e03fce28617d2b6eb04005d6,fragit_fragit-main
290,aa3a7b933337d4416d7629e23579890bd9020b32,fragit_fragit-main
291,aabdc34fd38ed21009905dfa1d922177032932a6,fragit_fragit-main
292,ab1628820c8d3965fe5eb0a49b4c93e8e21b18db,fragit_fragit-main
293,ab574106abb98690a1263629ea0e176b2dbf1652,fragit_fragit-main
294,ab9d7be7769c383d4907eb0c0dc93d5614e7e9e5,fragit_fragit-main
295,ac104ffacfd5264bc74dd9a8c72d660eb1528e79,fragit_fragit-main
296,ad09f41dce86dc4f7d7f0b146939973aa52fc975,fragit_fragit-main
297,af3b70a5a3a95f5276089e0209357ee6a93ee7ce,fragit_fragit-main
298,af74cc29cb9fe31f47fcd63eca98d67c94d6c499,fragit_fragit-main
299,af94ca9b00629f958990e7e4e72b6215b0f552f5,fragit_fragit-main
300,afbe6b895b046bde1c31466ecd6afa301dd5e1c9,fragit_fragit-main
301,b01434391e04ce181d09f9cd0bf61a80f578d0a4,fragit_fragit-main
302,b0baa67843f5a0ff49b4c44190bb54ed8680f9e5,fragit_fragit-main
303,b192ab61b24f231c44fb6dc22c0e07b44f365af7,fragit_fragit-main
304,b1cbeb52532a8761526b9687d0bc891acc4f82ce,fragit_fragit-main
305,b290c92bdce6293579b76ba29dce833742cf1759,fragit_fragit-main
306,b2b9fdd112b9ba416e47f697bfea8a7a5063eebe,fragit_fragit-main
307,b33d28d8a1309b2f35380d66dea70df3bfc1013f,fragit_fragit-main
308,b3c6a47489b202501b0d26da8a7641acc7317fba,fragit_fragit-main
309,b599fe52fa1641132ca61eb7eb10ed993dea1b42,fragit_fragit-main
310,b642c5886f435cde01e771abad355708e763f3e8,fragit_fragit-main
311,b65123d0ea0f41b8fc15e22f8fb117491b24974e,fragit_fragit-main
312,b670405c8833bde948aac7e53f02b83530d82926,fragit_fragit-main
313,b6a53c279d97a5a289273401ef7c816cc65054a6,fragit_fragit-main
314,b7afa9b876c138442d20d864d7e996d059b1a44a,fragit_fragit-main
315,b8f718df6109098825a9c7c43d1a8d682cde13c7,fragit_fragit-main
316,b9148f9fbd00f7a090737c34ae88598e4eeaf116,fragit_fragit-main
317,b967b9940c2be79afc5e0b0b1badc5c15e95e94e,fragit_fragit-main
318,ba018b214c03524bfeb339c057c8d18826d1602c,fragit_fragit-main
319,ba94a17d0a596057c339d15cca5593af16f9305a,fragit_fragit-main
320,bb6033867f844f7c873d8bce9ea1cd0edc261766,fragit_fragit-main
321,bb77e9fe53260733ec7ca2ad38f2ff35c0faf210,fragit_fragit-main
322,bcbea29227211692e4f39ba345070953548943db,fragit_fragit-main
323,bd02459e8f163c63a041228254983d2e455cc91e,fragit_fragit-main
324,bd36cf4c88523b6733a981b18c7ad0c916d68d88,fragit_fragit-main
325,bdb13b516b2fcc8729e6181b1263aa7c601320b6,fragit_fragit-main
326,bdb46c1ffc89b86363fa1ef274d8000ae36d3721,fragit_fragit-main
327,bef38a31d87ae5e9e9643e8bf69ddd3b078ea939,fragit_fragit-main
328,c061c894c36cdf18c7f59003281d6a72170c9ee7,fragit_fragit-main
329,c12840ee7e6830be2e49c88751dd48330b31681b,fragit_fragit-main
330,c18bdbb23333dbea6e9f3399f5bf23e9f470514c,fragit_fragit-main
331,c1bd3ec2f32016b302b01cbee3ca0354e3c02dce,fragit_fragit-main
332,c1ec95900678462a2b60b86c4e32c3e155bece6a,fragit_fragit-main
333,c2426510fbcdf60d2832b8abdcd53121697e369c,fragit_fragit-main
334,c356b6854c3bd7b133f3756ad05f823e28b9dee2,fragit_fragit-main
335,c3a11eb26517dc7116c34a68e400f8b5c638b963,fragit_fragit-main
336,c404991b19b53f059ada1e765d1c61bc3db81e8f,fragit_fragit-main
337,c51f9a0d1be3683e007b32fd18ada97dfa4d0361,fragit_fragit-main
338,c54ab30322b1e51c80173d1c3a71716181e50571,fragit_fragit-main
339,c5a4633c00993aa57274f1fc4b6dc448a3a4bb48,fragit_fragit-main
340,c66795fcfc14eecdd237ddb218285a55008a2d4c,fragit_fragit-main
341,c6e06beeb6ec9e1e671ea04730c80ea941f388c0,fragit_fragit-main
342,c70af6a53a21630b9467b08ed474cb0ead53c88a,fragit_fragit-main
343,c78913caabdf8def209245370c78f79d19a561f3,fragit_fragit-main
344,c7c7446a9e35ccd16220dc54f986e4aa9a5bfef7,fragit_fragit-main
345,c8931f7f93a4588a94cf263f62c4b4f24339b9f2,fragit_fragit-main
346,c8c2bddf3937c1e744cb6c56a3e955ce634c0b29,fragit_fragit-main
347,c9d23d356cd4355537ce23d854c37463837b56b1,fragit_fragit-main
348,ca9b4f145e19bca8d39f91138cede3264cb06e8f,fragit_fragit-main
349,cc28a0cc15fa4e0eaf0d6a1b211a9a0ecc9c7124,fragit_fragit-main
350,ccd070c75b9163620acf349d281cfeb66dee9b68,fragit_fragit-main
351,cd66823b716ec9346a68ad3e3d5bf46b08783f20,fragit_fragit-main
352,cd9719814f9f97c5b360f56ed3c5aaccf4217ab3,fragit_fragit-main
353,cd9b79c12128a1571fba1b89a8cd0def9e715ed4,fragit_fragit-main
354,cd9cf653155018f297f68a423ad98a37f0a64444,fragit_fragit-main
355,d050317e2b2a6182023d98836045f17c14688e15,fragit_fragit-main
356,d1c229a9de2f2787e065c760c3550885ad68ae7a,fragit_fragit-main
357,d1e004092faaeefc7b648b9f8277e90f2a68d8a0,fragit_fragit-main
358,d1f9993df7c354f6a94a617f4522074beb86cb25,fragit_fragit-main
359,d233bb78ec1acedd0bd1e915de6cf409afc51cc8,fragit_fragit-main
360,d279664cbff722b361b0a3c6a9b059b33d110d7b,fragit_fragit-main
361,d29fe5743dfa003005997a189aef0a118867488c,fragit_fragit-main
362,d2bfa8bfbb5b1212218ae52ae5aac77dd47bea9a,fragit_fragit-main
363,d2e1aea78d6bd70e29ca41580b98ea789a74782d,fragit_fragit-main
364,d41534f6bbc4d1674b405ee35f03e82d6a8340a9,fragit_fragit-main
365,d5ff13b9fc50772eb9b6bfb23a206be74f62921d,fragit_fragit-main
366,d607ed6660f6979efb52843b2cae77000240a616,fragit_fragit-main
367,d6238c0a2aa8f6f5bad09a77239c0b670b69d85f,fragit_fragit-main
368,d6861a92ead83a5ef2e4eb58c1ac5079d3c434b0,fragit_fragit-main
369,d6966e15b6af37b020000c2c388ab575e0ed1cb0,fragit_fragit-main
370,d6ab7950a8d75b1033036c347dbb4215f682d909,fragit_fragit-main
371,d6c5a8099d998b6f5f0bec1e6f08e40f8cb841d4,fragit_fragit-main
372,d6f4dc86452f50dc866303ae2a96d9487f4e4ac7,fragit_fragit-main
373,d7f8f429296d0dfd705477f1b024ab51bbe79113,fragit_fragit-main
374,d89513812f7002d93ec0b9e14385c908c502aaaa,fragit_fragit-main
375,d90f9a25de5bc38006a18b36e9d263d201c53013,fragit_fragit-main
376,d9673be3187644f4ea073c3a683599bd15607469,fragit_fragit-main
377,d97b08cdcd1e08b10c32cc80cc50753af7a05ff0,fragit_fragit-main
378,d9bbe3f400140fde43f66e8963270da6ac655a43,fragit_fragit-main
379,d9f32cebc2bcf17d3606dab5deffeacf8ee819be,fragit_fragit-main
380,dbc2f060aab450c2f61119184ebb5af141597b3e,fragit_fragit-main
381,dbf99b0831039e1b2205d9cd26f00a69cbfa2488,fragit_fragit-main
382,dc95043be132a18c4cfdb878cdca38a2c646ed60,fragit_fragit-main
383,dd2125e313e3c9f56719a264e94d1ba9fbdd9ba4,fragit_fragit-main
384,ddea8f6151d32a74b8c5d662361fb43af41f20ce,fragit_fragit-main
385,de150488b654794d41cebefdd94200e07e44ed0f,fragit_fragit-main
386,de967b84f1107beb2237aec6c47ee1220238ff48,fragit_fragit-main
387,dffae1a3e612fec871cc6ad1d7638934325a32f5,fragit_fragit-main
388,e02f616faf1b0bff9c6a8bbf3fdf5915cf7fca32,fragit_fragit-main
389,e0317bec62700ed99440357c41a3d0855b59cbda,fragit_fragit-main
390,e07049582788d88953f18a3638325b8f0880e7b6,fragit_fragit-main
391,e287b8f2feeb52e6a32623842a03ae865b9345a9,fragit_fragit-main
392,e390ade98f2fce178613d46e89a9b660e6230a24,fragit_fragit-main
393,e51fbbe4919ee8bfbcac888cedc9cf6124492357,fragit_fragit-main
394,e674f7b42a58da5af9cdd9275cdd3742621e2b46,fragit_fragit-main
395,e69309d914b86e5e2f982fde476110db1d9a5b1c,fragit_fragit-main
396,e6a02cfceba7a266de4782454acd63b632b34fe5,fragit_fragit-main
397,e6fef0d8818a550dddb873b6faeb271c03b04307,fragit_fragit-main
398,e74a76c35f6492a823d87bc7ccde1cb5f4c0a7db,fragit_fragit-main
399,e79d4559d85865e33e46c2b17258983b71f11c4a,fragit_fragit-main
400,e81017b30f4ee17ca38ca1d9b50cdc7830c3b694,fragit_fragit-main
401,e912a90438a19aab90df771988fcd71cceb517fd,fragit_fragit-main
402,ea2b67ee6ce76b43b0f102b1ab19034829e453c4,fragit_fragit-main
403,ea56de34d4be9648d1d0064c12217aa85db2e929,fragit_fragit-main
404,ea93e4f2970b2a0d58cdffb270e13dc0a6567d68,fragit_fragit-main
405,ec2b1b80a9e4b1639454433d57a9ac4cfae7af3c,fragit_fragit-main
406,ec4102ba69261147c0c806e9b42eab0e882a859b,fragit_fragit-main
407,ec9e318b88e0255dcf349a0493b053307bcc49c9,fragit_fragit-main
408,eeadc5001735c346b8627fa7f152e4adfc6e898a,fragit_fragit-main
409,ef31ee2c2afb7d5269e1991737d0c0b15e61c080,fragit_fragit-main
410,efb28607a19695b119f0e0145ae5b637d213990a,fragit_fragit-main
411,efe2a49b5ba174247823a60c9288d0c45858e91c,fragit_fragit-main
412,f155ba6e1bd4cb99a7135311cb6a7de6152cc505,fragit_fragit-main
413,f1924a7d5446d1a4ef065a2177d00f719084c82a,fragit_fragit-main
414,f2502b626f52177ceecd32d99e7056cd266e205b,fragit_fragit-main
415,f35aed365bc5cff1286a79ea8ab319fe704868a4,fragit_fragit-main
416,f47f4c9da1b72ebdfd8bad1750263c041dc528b4,fragit_fragit-main
417,f50a6a8cfa4cff827028b912e256621eda1fa2cf,fragit_fragit-main
418,f541f229ba0d7ff6688cf4d55562c5a14053ce62,fragit_fragit-main
419,f5ed753636bdb91f542e6a5954b3dc4a382a4ef7,fragit_fragit-main
420,f6d52a117dd709af8d02308ea341b23c967c8ae9,fragit_fragit-main
421,f6e5863ab83c321935c22999b858771822e6a10a,fragit_fragit-main
422,f7f2131cfe19b276a6d5d6228417952d589ad10c,fragit_fragit-main
423,f87c6fe0bedbe01ff0b438dd53feecf76db33226,fragit_fragit-main
424,f8ec6f0ea2a6f3407b4f5fe6540493df48ba6ed0,fragit_fragit-main
425,f963a38596351e53904fca5e078aca6d2bfd2917,fragit_fragit-main
426,fa587f077c9cfc722911ad58ef5a000be5a06f67,fragit_fragit-main
427,fa86e2c97cdd3b15c0741c7788eae876a126b5ef,fragit_fragit-main
428,fb9d3c8443b13cb9abb78c3bb4f3a1505121ee0e,fragit_fragit-main
429,fbee9bb8f23fd126e448a95db8ade9b343b7f453,fragit_fragit-main
430,fcdf42c4832412aac375b7cbf80448b79dfdf7b0,fragit_fragit-main
431,fd5d79d95290205d6db6ce2557679ca181075c66,fragit_fragit-main
432,fd80a74ffb454fafb1f05ecb329ffaf3e9a1639a,fragit_fragit-main
433,fe103c84a36300d9780aaa25fcf2a4ac8c0c7649,fragit_fragit-main
434,ff961c197983cd71cf676277839bc3dab13d64c4,fragit_fragit-main
435,ffb4c35203f3075c94c31e9bf1105de6a07d37d6,fragit_fragit-main
0,000bbcedf3460e6ea70fc0687ad0de4a11598895,architecture-building-systems_revitpythonshell
1,0063c7ab89e4fcebcdb10aa26c7a412a277f29fa,architecture-building-systems_revitpythonshell
2,00de556cae12b8beb52a24185c3bc6f105536080,architecture-building-systems_revitpythonshell
3,0107a1dfee571ac2ce339a990009ce3d6d876228,architecture-building-systems_revitpythonshell
4,01331fb6521b85a1ad949793d3dbc687ddd2b5fa,architecture-building-systems_revitpythonshell
5,0151dd85751823e60bfcddf2645ce32626d24d51,architecture-building-systems_revitpythonshell
6,0201266eea84f231f311cea327d2d0191e305c4f,architecture-building-systems_revitpythonshell
7,022b9d8811713ff5e186f4cd355153b9eeb0cf32,architecture-building-systems_revitpythonshell
8,026dbd4959c1ea3a15069e23e24c7cb11e29a5ac,architecture-building-systems_revitpythonshell
9,02a52638de688c33b5914cb23d546786d7afe27f,architecture-building-systems_revitpythonshell
10,037eda6ce4a5b459fb4b90c3ea32259de99c937c,architecture-building-systems_revitpythonshell
11,03efbe93fe66c36b7063e273e094b42b74664b84,architecture-building-systems_revitpythonshell
12,040c56c798505f3b884e4d77f5910b14bf3343a6,architecture-building-systems_revitpythonshell
13,050913722ee7c50af66ed954fde85ba00ce81553,architecture-building-systems_revitpythonshell
14,057457b70bbe7bcaf20e8153c241f8b7affa2601,architecture-building-systems_revitpythonshell
15,058ec7ce374152dbd0898258cd20dc7e3ef907d4,architecture-building-systems_revitpythonshell
16,058f1e4a8c413475027291df2dd044942f1f39fe,architecture-building-systems_revitpythonshell
17,059b31e502e74380a83f03318a7d108dc52ed4ad,architecture-building-systems_revitpythonshell
18,062e9042cb36b0da0b8a8ea3d705c7544e40b7e4,architecture-building-systems_revitpythonshell
19,063da34895960c7d40548107de8f3d49ef5a0cbd,architecture-building-systems_revitpythonshell
20,0646b644473af62520706b4ea9ac8e23db19b9e7,architecture-building-systems_revitpythonshell
21,06637660f4c777a7c13f3b90dab9d6615a55c5f7,architecture-building-systems_revitpythonshell
22,0710575f2b36e40221e5e7e6a15b6a54ea800be8,architecture-building-systems_revitpythonshell
23,07d3e44e59e6c69b984cd0fcdc58207a89a45f63,architecture-building-systems_revitpythonshell
24,07e265d7b70f2d863da3beeabf5bfa83662e05a3,architecture-building-systems_revitpythonshell
25,07f45e1df16d2d1635c7e2c04648bb6f9b1c5139,architecture-building-systems_revitpythonshell
26,093767499982dc21ff9e3a9e0393e4d591fa24d6,architecture-building-systems_revitpythonshell
27,093a17a69e6e49b7f44fb23eff4c20d0bdd8faf4,architecture-building-systems_revitpythonshell
28,0941d94884ffe331a2fb761198a0ec9705bd0154,architecture-building-systems_revitpythonshell
29,095d5c1913c32a63c25e3ebd983b221d390e47be,architecture-building-systems_revitpythonshell
30,0a955e5f43a00ca0fb37dff5a7193a3e16651f15,architecture-building-systems_revitpythonshell
31,0b68e846b0a45aec1a13c6e5561aa9a28f9082d4,architecture-building-systems_revitpythonshell
32,0c02cab0b76f0e041fc97acb7677de0985aa0706,architecture-building-systems_revitpythonshell
33,0c63ed382c2b1df226665148e1a45c814e2221e2,architecture-building-systems_revitpythonshell
34,0df13c6312f7c6d58df51ee91b8ca056793fb553,architecture-building-systems_revitpythonshell
35,0e5a0d03aa52a67e639bf5f8260c56d011a1b30d,architecture-building-systems_revitpythonshell
36,0e644f21a29494c5e8dcb8b3d5a91304f74c55a5,architecture-building-systems_revitpythonshell
37,0e7414a2c62ead8607f1adaf16c2d15004cdafc2,architecture-building-systems_revitpythonshell
38,0f47d542b84d494ea76415710f4f4d711ec9fe34,architecture-building-systems_revitpythonshell
39,0fb62ee39fa3be64ee8938e9dfc6a616ba2b3e75,architecture-building-systems_revitpythonshell
40,105fba436a968afbd487c7fe1ee3f920b7ce8ffe,architecture-building-systems_revitpythonshell
41,1071848d0d7ca2af1eb5d371693317463297dc7b,architecture-building-systems_revitpythonshell
42,10b00bb10fe123e9d689920c14777c74e0501052,architecture-building-systems_revitpythonshell
43,1125975dcae48a72819b3381d6721117d3174923,architecture-building-systems_revitpythonshell
44,1132e59e65320c17431127669662664d3a0ab861,architecture-building-systems_revitpythonshell
45,116ba3e7067c70e1028ea87d5dab07298f56a55e,architecture-building-systems_revitpythonshell
46,119dfc30aa179f13ee10206e80d8b4681d190567,architecture-building-systems_revitpythonshell
47,120225324180631de880629e7aaf2def21a7c133,architecture-building-systems_revitpythonshell
48,132bff3b5cf0c4e511e760ab997ef126ce5b1dbb,architecture-building-systems_revitpythonshell
49,134c23dc41a904c6e1031ba6350f3481195e7eb3,architecture-building-systems_revitpythonshell
50,13fc9b9f23efefff18698d00b2b269bb8c109c7b,architecture-building-systems_revitpythonshell
51,168b9c56054a16deae69e8db8192a128bb432bb9,architecture-building-systems_revitpythonshell
52,16b914912654827fc498abc35d4bc93c6baa4fe1,architecture-building-systems_revitpythonshell
53,16d6a8ae5f57deee3427f3614519351ddea73548,architecture-building-systems_revitpythonshell
54,16f7a887d0fb4c511aecfc183d4d98daebe3bbd2,architecture-building-systems_revitpythonshell
55,1805826a0f606fae2955653fe7c0cfe396274b88,architecture-building-systems_revitpythonshell
56,1830215a02652dabc373485f622299e8dde7bf57,architecture-building-systems_revitpythonshell
57,1853b20198e55d740cf0a561cf2ca094e9c770f6,architecture-building-systems_revitpythonshell
58,18a922f157f27b9bd048b5508be291cf48b72d57,architecture-building-systems_revitpythonshell
59,18be21fa8b6cfa83f4795edfe43e2a4d14209227,architecture-building-systems_revitpythonshell
60,1935fe82334dee55f8a66377b38027985a95e915,architecture-building-systems_revitpythonshell
61,19414349830070c80e0567398746e199f049dd84,architecture-building-systems_revitpythonshell
62,19e00099fa5011f68484670499928137be656894,architecture-building-systems_revitpythonshell
63,1a71c161e0167d2b6dc0837b55fa2d13aa3d45ef,architecture-building-systems_revitpythonshell
64,1a7b59f6320dd52e7c8b89f4c5e7313e80d281fb,architecture-building-systems_revitpythonshell
65,1aadec0a4b12b5e457c1bf38f74750fc107d9cca,architecture-building-systems_revitpythonshell
66,1adf009953003d8eae640d54e115fb44d97cc3f8,architecture-building-systems_revitpythonshell
67,1b18233af7c38fb9892b3b62be49b84d2bc4727b,architecture-building-systems_revitpythonshell
68,1b699f8f1d3faa5daee93c95334db24c56e3fbc0,architecture-building-systems_revitpythonshell
69,1ba7a2c223423b179796d4214d2ce7987aa4c06b,architecture-building-systems_revitpythonshell
70,1de177a000bf44c3e366c49555008d7a885769c7,architecture-building-systems_revitpythonshell
71,1e3b04deaee84b27383df55a6312e5da8f68175a,architecture-building-systems_revitpythonshell
72,1e6aa5c847ce8e4ffea005e7731aec3eb42ff8a9,architecture-building-systems_revitpythonshell
73,1fdd011fcf9492b22c78306648dedf0d41845917,architecture-building-systems_revitpythonshell
74,20108df31b92a44756ae518538da647e6355b916,architecture-building-systems_revitpythonshell
75,203860e70e843645df887bb60af467fcd672e3d5,architecture-building-systems_revitpythonshell
76,2070c2f936eea97ee7538d3255a7117d9ff7eae7,architecture-building-systems_revitpythonshell
77,2111975a077d113c828578be0dd7bf8648f0e4b8,architecture-building-systems_revitpythonshell
78,21daa49302e3820c567594e9561f99e31a12e606,architecture-building-systems_revitpythonshell
79,239d84a847e35ed83991052ebbd4b80f0245b717,architecture-building-systems_revitpythonshell
80,23ba2c6aec31f496974f88303426b03c0cdc87e4,architecture-building-systems_revitpythonshell
81,243f6b401c57c512759c0a2f8293d473ecf345d8,architecture-building-systems_revitpythonshell
82,2442cb7eea2e89c689f4c2be37abaad47387a15a,architecture-building-systems_revitpythonshell
83,25acbc8c2a256496afb9c5292fdbfc4442dc3d22,architecture-building-systems_revitpythonshell
84,25d3dfd4fe3d555545c063db440852fa10563aa5,architecture-building-systems_revitpythonshell
85,2605a574c2a161e37a043931ba3915a9bdc0ed29,architecture-building-systems_revitpythonshell
86,260cae5ce4af8372002276e186b2323ace7e481c,architecture-building-systems_revitpythonshell
87,26404ce96771d14fe51c4bc6437b720036944d68,architecture-building-systems_revitpythonshell
88,26906304c810600040870f031e11f820ac90960e,architecture-building-systems_revitpythonshell
89,2694c55c64fa8e3a643fcafc1a8abc0f30fa32f9,architecture-building-systems_revitpythonshell
90,26b49ea20f42957fb2d15122a2806444def3c457,architecture-building-systems_revitpythonshell
91,274858c400353e9fcaf2d00434dfc716794e7772,architecture-building-systems_revitpythonshell
92,277529d90d34d131d9359bffc8c86bf446522993,architecture-building-systems_revitpythonshell
93,27901bdafa7e4a2d9e38395b2f0abca85c81fec3,architecture-building-systems_revitpythonshell
94,27afb7fe38d163e5755d3379e290b5c7097ffb38,architecture-building-systems_revitpythonshell
95,27c32c463babde3108f7531cd524588d1ce058c4,architecture-building-systems_revitpythonshell
96,284ff95a2ddec07f9ef10fbe964f0a29da594968,architecture-building-systems_revitpythonshell
97,29891a92ac42312caa9aeaf96b4e9f991d45e109,architecture-building-systems_revitpythonshell
98,29d0cb845b9523a4375de0753b1a865211dbae81,architecture-building-systems_revitpythonshell
99,2a0a127b0204bb48ce2ea510c69a6971e41b4f8b,architecture-building-systems_revitpythonshell
100,2af1e8cd6ed76fb45583b0a33ec2c63a92e593f2,architecture-building-systems_revitpythonshell
101,2b1264fb03e526d7fcbffb20d2640f6fbcb5ff1b,architecture-building-systems_revitpythonshell
102,2b71d5edb71182100fa88ea82c421a3930f8fc51,architecture-building-systems_revitpythonshell
103,2ba2b0d3a1d5625e3ab05ca4f804d4993ba76325,architecture-building-systems_revitpythonshell
104,2bfa6ebabd75270b0828c028cfc40c9ba6ee55c7,architecture-building-systems_revitpythonshell
105,2c3d7b1779d964fda73133c3cccdf3cbdb971476,architecture-building-systems_revitpythonshell
106,2c52256d3cb7a6d1a7429ae92c80c6de7a859af5,architecture-building-systems_revitpythonshell
107,2c7872549e20c6795cf24f9fb670618d1bd6e3a1,architecture-building-systems_revitpythonshell
108,2d883cf46c9aa73035507af3645ab4979e2edc0b,architecture-building-systems_revitpythonshell
109,2e1c625cb3f4698028e1ed08aa2ea7b26794b768,architecture-building-systems_revitpythonshell
110,2e467c12db5965c2bc9478bb86beb84e4f2ca911,architecture-building-systems_revitpythonshell
111,2e6ad917b3a420c059f92a3522d0642f47429a94,architecture-building-systems_revitpythonshell
112,2e779a3a0d7ff3df20297a9dfa698eb97516a84a,architecture-building-systems_revitpythonshell
113,2ea7313830ba807d68cdad7eb94489b1ce627777,architecture-building-systems_revitpythonshell
114,2eb56107e28abdf2b103798d4a7f3ab7d46d1f99,architecture-building-systems_revitpythonshell
115,2ebbbb9836453171333ad0162dabc36a1108804b,architecture-building-systems_revitpythonshell
116,2ef6b6402d8612d75c794e19c43127e54c02aa06,architecture-building-systems_revitpythonshell
117,2f1591bd2c017353f73cd84c7e57d713e066d428,architecture-building-systems_revitpythonshell
118,2f3009a490ff55356422ed1af967c3c324a953bc,architecture-building-systems_revitpythonshell
119,2f38e288753b73c98cc0939a4023d4c6ba92d822,architecture-building-systems_revitpythonshell
120,3038ca5f91abfd75e719f803ff0dd7a74765cc8c,architecture-building-systems_revitpythonshell
121,31ae758b55979c796b1ff18b579c9d74f2ec7da5,architecture-building-systems_revitpythonshell
122,31afc59defa5417bbbe50aff0188f0157bb41669,architecture-building-systems_revitpythonshell
123,3262b990ba847bc0fdc33b95e57591182183ff57,architecture-building-systems_revitpythonshell
124,33109fdbbd550df0230c15bc3ed517513028068c,architecture-building-systems_revitpythonshell
125,336ac85335f8e10279cfcc0bff42f0a05273f448,architecture-building-systems_revitpythonshell
126,347c6c432a7bccb2e5f24a888c01b052146c300f,architecture-building-systems_revitpythonshell
127,35a9f91d2364a848faad55bdd111a78a754ef509,architecture-building-systems_revitpythonshell
128,35ad6fac26f270f7dabcf5efadfd51a2dc352d6d,architecture-building-systems_revitpythonshell
129,367a502f9efc74815729f185712cde69ef095477,architecture-building-systems_revitpythonshell
130,36808e67e53612217f3f561ee8eec1721e90518e,architecture-building-systems_revitpythonshell
131,3697adbbfeb61f39c2c229e84d6d0cd2e9e87381,architecture-building-systems_revitpythonshell
132,36d2bc0f93436914609fa5671c24fa75e7e2584c,architecture-building-systems_revitpythonshell
133,3703ee173201e2e5b4eda9877c8ed0f52e90148e,architecture-building-systems_revitpythonshell
134,3763cdf11f992f783c6360fc621628b5c545ab30,architecture-building-systems_revitpythonshell
135,37fd3fb13ff7b83b494f74e9066577dc249e9e60,architecture-building-systems_revitpythonshell
136,38dcbb4e67ea3dc130fe6cd74d67bc876b223bda,architecture-building-systems_revitpythonshell
137,39b9f3c15de02ee066499ccad93dd27852a097df,architecture-building-systems_revitpythonshell
138,39e5569159511ce8c19df1297d7b4dc17d67d948,architecture-building-systems_revitpythonshell
139,39f230bc6affa9f8648a84971654fc6fc48ee37d,architecture-building-systems_revitpythonshell
140,3a5bc9aaa2d15babcee0ad779f2de9fe75642e3a,architecture-building-systems_revitpythonshell
141,3acfd0f2d476cbcbf892fab3978f0fda8627bf2c,architecture-building-systems_revitpythonshell
142,3bffa5740724f0e834a7f63f7d64ab25ed64d469,architecture-building-systems_revitpythonshell
143,3c7c65c47902fac8f8ede4a499fda4e0e591b985,architecture-building-systems_revitpythonshell
144,3cd5eb743a7c18724177b2b9b3a4374a973417d7,architecture-building-systems_revitpythonshell
145,3d2f455bfdb5e544c703a5e56fb3b419b0f0560f,architecture-building-systems_revitpythonshell
146,3e743687b8502c032079babebeac1e80b32cd405,architecture-building-systems_revitpythonshell
147,3e80b36b4e91834cc435c153b87f09b6d12c34e2,architecture-building-systems_revitpythonshell
148,3eeffab38f1fe6c1e8db39d53c4d3908c4f44ad1,architecture-building-systems_revitpythonshell
149,3f0cc6073afe446f117a6138c5af84ba78566929,architecture-building-systems_revitpythonshell
150,3f3baebdce6cda8f8841351847fe19d19c80ad10,architecture-building-systems_revitpythonshell
151,4077c9a3107c8f34f8732d7464f16d7bf327a20d,architecture-building-systems_revitpythonshell
152,411670a70f72852b1b2a590b9968808e4cccba93,architecture-building-systems_revitpythonshell
153,41353a115d19d64395e5c8e4b0386cd6c5cac291,architecture-building-systems_revitpythonshell
154,41f6620ebd3c92f3a72208dcdbff8cc6d567299b,architecture-building-systems_revitpythonshell
155,424086883d72b5b32298d2c1d73dd9adf83246be,architecture-building-systems_revitpythonshell
156,42db20e103da79e16321395efdbc22cd83c25444,architecture-building-systems_revitpythonshell
157,43163b561dbd57ad8b67ea5ccb8aea28c9216f47,architecture-building-systems_revitpythonshell
158,431c6e9e21c8ef11b9649875d0874d2a64c34911,architecture-building-systems_revitpythonshell
159,43a6df4284a1eb2c3aa14359f8fc12f30a4efb6a,architecture-building-systems_revitpythonshell
160,44301930e41a24ab5301127d1d2855b8db1affa1,architecture-building-systems_revitpythonshell
161,4450bc4387d6a8e3b3bf251fd7ef8d71cf6810e0,architecture-building-systems_revitpythonshell
162,449d18dc90229cc9def7cb19c597067d2cd9812a,architecture-building-systems_revitpythonshell
163,44ed28ec913206880fee298ce440927690877467,architecture-building-systems_revitpythonshell
164,4597e6f42bde31de0d4a0012a32c589ceb2661d9,architecture-building-systems_revitpythonshell
165,460b5f0a37c437eebe5831f2202f7a498b034410,architecture-building-systems_revitpythonshell
166,468ca2546ae522acbc019dd156b52f864314afef,architecture-building-systems_revitpythonshell
167,46c20a21ddc5eba0fd4856f9f53b51d03fb92ce1,architecture-building-systems_revitpythonshell
168,46fdb78f32440a7a31fe03c04ee5f2b44f6ab536,architecture-building-systems_revitpythonshell
169,47a298f33d6789d8b5940720c21cc60b89b0b814,architecture-building-systems_revitpythonshell
170,48281186364ed6231f2470f8889a671589e979b2,architecture-building-systems_revitpythonshell
171,48b74f272e9f3924c18dfcedb682f32a8f5f57c4,architecture-building-systems_revitpythonshell
172,4990db2147cd82cd62ce94b6fc15fda191ca9f73,architecture-building-systems_revitpythonshell
173,4ac1ace216fa625e764c04e5f22f68b7a1ee5c12,architecture-building-systems_revitpythonshell
174,4ac26dff0ee70b27b891c6d2f4388e6403cd492a,architecture-building-systems_revitpythonshell
175,4bea4d74fae980c6efe26055fa1347af60d96c24,architecture-building-systems_revitpythonshell
176,4bfdfa31b1b61b44bf777e9ad3b58a0a38bf1b95,architecture-building-systems_revitpythonshell
177,4c1204d73bbef6efc9bd1be806c0d37596dd18f2,architecture-building-systems_revitpythonshell
178,4c6d03ad875957a3b84c23979f778d4ef48d248d,architecture-building-systems_revitpythonshell
179,4d1d7568abb68bec32b21cdd00466d91e9a35ec7,architecture-building-systems_revitpythonshell
180,4e0d06d0594a9b1d592b885e353f44287f075b8e,architecture-building-systems_revitpythonshell
181,4e2b3df89566f071f6e9fc112a3d50f2413be9d8,architecture-building-systems_revitpythonshell
182,4f5c8076451126d6f7d9c598d4c4bc18858a377b,architecture-building-systems_revitpythonshell
183,4fb98ffbdb6438701fd7755c9b4db4ae4aa2fd55,architecture-building-systems_revitpythonshell
184,4fd60ed665269e08355fc860aa5abf4de2de47e9,architecture-building-systems_revitpythonshell
185,50755fd0278a12b49ed918bd34e132f2563a3074,architecture-building-systems_revitpythonshell
186,50d3653922288a28bf3e2b98ef60d50af98ff27f,architecture-building-systems_revitpythonshell
187,50ec4bc41457d6302c8eaff4c6f188e7a1dc75a0,architecture-building-systems_revitpythonshell
188,526b100ccc1b626f8ded9c561bcb5ace285ebb19,architecture-building-systems_revitpythonshell
189,528ff106f734710940f7be298f876c20a6427121,architecture-building-systems_revitpythonshell
190,529d2eecc4404a1ebf7b5b4f26abd26d585d0bb5,architecture-building-systems_revitpythonshell
191,52e764fa6dc9bbd0f6fcdea2fc10c8631dbca97e,architecture-building-systems_revitpythonshell
192,53651f6f4a4f7e4f97634955eb13bd50aec514a6,architecture-building-systems_revitpythonshell
193,53f53125592f37225f57329909c76c7aff9eba21,architecture-building-systems_revitpythonshell
194,54b0617ba1997aaf033177bd70a972cbfa4a5826,architecture-building-systems_revitpythonshell
195,54d29a1f57ba79de4c422c78fbbe735b2896bb79,architecture-building-systems_revitpythonshell
196,556059b739f4513e3e9579febae1b3da1ddb5491,architecture-building-systems_revitpythonshell
197,55736116f6f75d18baeefe64919f0a9fe5888575,architecture-building-systems_revitpythonshell
198,55839f859f25941e5cacb8cba562cc06647ddedd,architecture-building-systems_revitpythonshell
199,559dfd7751c406538cec623fadd84c6d96e1029a,architecture-building-systems_revitpythonshell
200,55d8f53cd9d04edbd95d9633a105a4706aaf4b46,architecture-building-systems_revitpythonshell
201,5605599d8b5031553e1f95f1b39d9fcf795a1388,architecture-building-systems_revitpythonshell
202,566d73d5abd1280e33420b50cc66064b3617ca73,architecture-building-systems_revitpythonshell
203,5695d358ac9f97dd38dda80a39823ee7a9f862d9,architecture-building-systems_revitpythonshell
204,56b7cc080acd8241fd157b5e54396c595b1aea9f,architecture-building-systems_revitpythonshell
205,57435fc77eae3e751e91bd88ad75ccc372a4786f,architecture-building-systems_revitpythonshell
206,575b29446c41f727ad8b105afcdd4ab80d777205,architecture-building-systems_revitpythonshell
207,5808a42236bc32f3384c64cfa047b27a0751c45f,architecture-building-systems_revitpythonshell
208,5881516b2ebd5eb5ea829ad68e83e0d7b98997e5,architecture-building-systems_revitpythonshell
209,58f9dcbf223ac0da79ed5d8768ddbd977bb02ff4,architecture-building-systems_revitpythonshell
210,59073841aff95e05e1d5c36e8f2ea06cab79151f,architecture-building-systems_revitpythonshell
211,5919c61019424211f44641ca0711c9fa23e0a307,architecture-building-systems_revitpythonshell
212,59c1392f1836bffbe79f518e764fe563dec23b81,architecture-building-systems_revitpythonshell
213,5a012844632f90fd101592b25ee35365df111b9b,architecture-building-systems_revitpythonshell
214,5a0218bf5a7c58d1e36991c13d2872d71c37af8a,architecture-building-systems_revitpythonshell
215,5a67ab9408c4c022c4c10e72c7e4f75740c0f204,architecture-building-systems_revitpythonshell
216,5aa8baa45e61adfec9eb45ddcff1fcc756d46952,architecture-building-systems_revitpythonshell
217,5ad2ce3e850b4126b7145e731acf87a3dbb7a469,architecture-building-systems_revitpythonshell
218,5b061e3dcc8a8c52c8391b572496c7155c3e1e99,architecture-building-systems_revitpythonshell
219,5b0dfa239f21c2237bfa56b58da79fe0a6244fa5,architecture-building-systems_revitpythonshell
220,5b13ef5e4ad394265151b32c0ae301f9c6f94fb3,architecture-building-systems_revitpythonshell
221,5b9f58c9f99ff80bc75595490e4a5c6e526de792,architecture-building-systems_revitpythonshell
222,5bd538b1942ebe5085bd4d2ef150ad82f3633568,architecture-building-systems_revitpythonshell
223,5c702f65c769958466cd188a60f9710434036565,architecture-building-systems_revitpythonshell
224,5d5fa824796ce6604e8234673f81831dede22671,architecture-building-systems_revitpythonshell
225,5f1bab1517c3346d723ee4c3c21abb31f85d5fb1,architecture-building-systems_revitpythonshell
226,5fa6c3363acd76b1a189de8781fd594a48162038,architecture-building-systems_revitpythonshell
227,606c98f9af16a44daf0981d9323d8b992878bfd1,architecture-building-systems_revitpythonshell
228,60ba60d4d2f05368604995e0d11ae15d427cf790,architecture-building-systems_revitpythonshell
229,60ee3a5f003a808cd9ad127a4f546a99c225f112,architecture-building-systems_revitpythonshell
230,612b21b149708701c6c7fd18db5aa691f82fd66a,architecture-building-systems_revitpythonshell
231,6172ef416e4639e87b74f0b2c56e82e6116651c5,architecture-building-systems_revitpythonshell
232,618898f47cf96a54588c8022175c5003bec45b86,architecture-building-systems_revitpythonshell
233,6241e19ad908b3310434df2f6ebe00ca93d579ca,architecture-building-systems_revitpythonshell
234,62982123a297c6b9f3c050b1c5624cd7e172f88e,architecture-building-systems_revitpythonshell
235,62da690f1c735905a84b50418f4d76e7f1b9bda3,architecture-building-systems_revitpythonshell
236,6328f8d8a0dd920fa5c1fd427974300df3d45388,architecture-building-systems_revitpythonshell
237,637eaa659206d18b84b90384c0cd266c71228392,architecture-building-systems_revitpythonshell
238,647fc0552c1b25abc802f20e79a3491e78c0cb68,architecture-building-systems_revitpythonshell
239,64f26f17583ce20fd4bb322337ff58d065171f6a,architecture-building-systems_revitpythonshell
240,6587be43f8ff0e250e59b7b541df2fc4c52266c8,architecture-building-systems_revitpythonshell
241,65a57b9a0ffc68c6ff66b9ded2105421c0b51699,architecture-building-systems_revitpythonshell
242,65ef672a90d5851b7f9f9e33fce4c77409c543c8,architecture-building-systems_revitpythonshell
243,65fcf852d05cf70e52e407e75d5f37864f6ba047,architecture-building-systems_revitpythonshell
244,662f4ba3a16721cea04003d11b84931caa6faa1c,architecture-building-systems_revitpythonshell
245,6635d05462324091a2df16093aa8e38d9f74ed3b,architecture-building-systems_revitpythonshell
246,663bf75a7399599142e27a697e57dadd43b36e06,architecture-building-systems_revitpythonshell
247,66416899a7a027af33adf7d611c1953d8dd440f6,architecture-building-systems_revitpythonshell
248,669896eed154d61680da2d672deff477644e75ea,architecture-building-systems_revitpythonshell
249,67727151e7829dde022158ae4eeb6ace71c0844c,architecture-building-systems_revitpythonshell
250,677892a12df39710d3a12d0d26f95a481563a80d,architecture-building-systems_revitpythonshell
251,678d222645f2b9ceff462acc1a81b22f4cc19192,architecture-building-systems_revitpythonshell
252,68e8f234a9127f84f39578d7196b090331dd3bfe,architecture-building-systems_revitpythonshell
253,68ffb40d97a44a882d402416505a7279f9d8bac6,architecture-building-systems_revitpythonshell
254,69a9ab768e8bc2aab0e0b7559e9a2e86441ca684,architecture-building-systems_revitpythonshell
255,6ac56c16024e5b3e88caff9a6ce8f90a2ee6018d,architecture-building-systems_revitpythonshell
256,6b0dbd0bb961d6c6f01e665181a665f0a75c4605,architecture-building-systems_revitpythonshell
257,6b1494c7993ae14dc460b138ab9ceee8922cfcdb,architecture-building-systems_revitpythonshell
258,6c0b2e8b216f42be987fd0f6d31d02cd136c7f09,architecture-building-systems_revitpythonshell
259,6ca56e5222aecd3074de53b9d0407d2acdaee79e,architecture-building-systems_revitpythonshell
260,6d0322c4c0a3c6e796e646990509d7aa07933fe7,architecture-building-systems_revitpythonshell
261,6d5347496ea760eaf4df08c3c12d7571085a995e,architecture-building-systems_revitpythonshell
262,6d5c596d923fbb697dd5658df3f3b9b7b69d1736,architecture-building-systems_revitpythonshell
263,6d7a593f97db6b895d582a72101760b491f976ce,architecture-building-systems_revitpythonshell
264,6dc8cf494f3fabaddf10edc49ee6966307fee83f,architecture-building-systems_revitpythonshell
265,6e287833883175c80bbd75b146ef1a093597e29d,architecture-building-systems_revitpythonshell
266,6eaa1888bd7cf4cf5154bb2b5f3b03383dc766f3,architecture-building-systems_revitpythonshell
267,6f085e82d198f4febeebad93649b4ce6d85aeef4,architecture-building-systems_revitpythonshell
268,6f11601ca3ab879c68727b4b17b9dad4f0fda22e,architecture-building-systems_revitpythonshell
269,6fb1214e44b95782d95a35816aa739af072b6c65,architecture-building-systems_revitpythonshell
270,7031221d9d076af40169abe333bbde2820b5ce67,architecture-building-systems_revitpythonshell
271,7151930f4a8f14079840f453ec1ff07a98e6b217,architecture-building-systems_revitpythonshell
272,7293c3828ba50c2d8ff32080a9aeaa836043000b,architecture-building-systems_revitpythonshell
273,72b5160eaeb51298d85baf57daac42bb92744809,architecture-building-systems_revitpythonshell
274,72c10dc639f44989920738fab76856555b026050,architecture-building-systems_revitpythonshell
275,72d5b6ff60b3786eea5b8a0904fed6a9a28d8672,architecture-building-systems_revitpythonshell
276,72feaf48fa6d0eaedb29c6efb0bff2738872b87c,architecture-building-systems_revitpythonshell
277,7363414acc0be36b61934328b2b1ccfb535efd76,architecture-building-systems_revitpythonshell
278,7435716de84c1f18d028231132227713827086b2,architecture-building-systems_revitpythonshell
279,747654d32ca0562009774adcf94a6d2b7ed6ac13,architecture-building-systems_revitpythonshell
280,751f11cbb686131f0635f3bd14c3c39548f92ebb,architecture-building-systems_revitpythonshell
281,758f9ec1216291c2dc30c4616d4c3f5443d2f764,architecture-building-systems_revitpythonshell
282,75cab37f52168cd4debf6772efb4f4de4f2c7b68,architecture-building-systems_revitpythonshell
283,75f28f89fc2e51fe71541a2663341308843396b3,architecture-building-systems_revitpythonshell
284,760f0adbbef1d91b508dccd0abb581f2961dc04c,architecture-building-systems_revitpythonshell
285,7624aab5d5bcb3e8667affcdaeb8de6456a2ad1c,architecture-building-systems_revitpythonshell
286,76ea13ed1e025fc7c72f1467ede8b5f15537e05a,architecture-building-systems_revitpythonshell
287,776286b871438fa59afead83c02561150c2dceba,architecture-building-systems_revitpythonshell
288,77c0d0b847b2b381a819fd226c51617aad10637e,architecture-building-systems_revitpythonshell
289,781f452aff067fab5b2caa625675a1e84eedb841,architecture-building-systems_revitpythonshell
290,7925930c1000b2005cfccfd3389a332d59843318,architecture-building-systems_revitpythonshell
291,796efdf21fb0a557d5caa9f03f365af5212b2009,architecture-building-systems_revitpythonshell
292,79cb4e0d785f0f58220d50687d4fcdf36ad35d13,architecture-building-systems_revitpythonshell
293,79f6a98219fa23a164381acdc8d8bda5311b6d56,architecture-building-systems_revitpythonshell
294,7a0c0b477f9ff0ab5a5e470308986d1b3c0cb5ae,architecture-building-systems_revitpythonshell
295,7a7654f60e1c7b9cdd6443961885ebd09a8e6d67,architecture-building-systems_revitpythonshell
296,7a7f591b680b2cb7d2c974db654c7c2f54bf3a5e,architecture-building-systems_revitpythonshell
297,7aaef9372ae2e72c7dba11299cb8fe3cd4db1cf4,architecture-building-systems_revitpythonshell
298,7b01cb7d03f24138474e38e45aade474152ed9a7,architecture-building-systems_revitpythonshell
299,7b4bedc77d96778d78f936562ebd7402728cafaf,architecture-building-systems_revitpythonshell
300,7b8d10fbb5b108074149fa1350bb972795a8f012,architecture-building-systems_revitpythonshell
301,7c98a83e08e0b89b125e8d38c298e914df896e68,architecture-building-systems_revitpythonshell
302,7cc5392a956006110f6ce51fb25aca1a90049390,architecture-building-systems_revitpythonshell
303,7e7ab090e5756e49d53c96a92cf231708e4cb7b7,architecture-building-systems_revitpythonshell
304,7eff08ffb6a0ec871a749cf5214997fc79444624,architecture-building-systems_revitpythonshell
305,7f3b76226114d17cba0b171d1565041a5eef769e,architecture-building-systems_revitpythonshell
306,7f3f0db4a4d71273acbea72ad96aa59d42d9646f,architecture-building-systems_revitpythonshell
307,7f57abbbd36865ae8941c5c83a5a46fb34033267,architecture-building-systems_revitpythonshell
308,7fbabff98e7963ad866935a7bb8a94a5036c3438,architecture-building-systems_revitpythonshell
309,7fe60e2d6590d26c9f18fa92f1b8d6b47ff173b3,architecture-building-systems_revitpythonshell
310,80126eaab025c1b53c3dab56816746827503195e,architecture-building-systems_revitpythonshell
311,8030d974a2dbce623d47aebd68f69f7a0198f31c,architecture-building-systems_revitpythonshell
312,806dc23e2026da7f56e40c5a804140ed887e1cae,architecture-building-systems_revitpythonshell
313,808b869a4661fabf2cedf06f5d6d1755cbe79dce,architecture-building-systems_revitpythonshell
314,812cf6d12ba35d93a7cf507e7ced6b1459f896d7,architecture-building-systems_revitpythonshell
315,813ac128cdfb7cbff649f27068ca9f1e216f509f,architecture-building-systems_revitpythonshell
316,81d0235b088dcaa4a149aaef607972829fe3840b,architecture-building-systems_revitpythonshell
317,821fc9a0397b95e85464e37aaf094301f54de12d,architecture-building-systems_revitpythonshell
318,83332e885a13bdafaeab72905ac121cbfed4a03b,architecture-building-systems_revitpythonshell
319,8336b04e0204a7e18910282f5833041aa18fb7d7,architecture-building-systems_revitpythonshell
320,83db4f553a94df5c4e5626c2e22f9a6542d253c4,architecture-building-systems_revitpythonshell
321,83efc49073f0dfd3ee963cd4ea462390db0a0c12,architecture-building-systems_revitpythonshell
322,84bbb5edb1adbd2945836fd4522d5db3d872828b,architecture-building-systems_revitpythonshell
323,852aafd58443da0f99cd88d2edd97953d242842e,architecture-building-systems_revitpythonshell
324,8676d48604df016c9a108632ac1c83c66e49ddf1,architecture-building-systems_revitpythonshell
325,86bb941629b75d77cea6eb71decdb14c992e0948,architecture-building-systems_revitpythonshell
326,86eb539c50d929cf230869eee5b7cc87f288a4cc,architecture-building-systems_revitpythonshell
327,87034a111895a03386d1f30392fe44a5c7b315e1,architecture-building-systems_revitpythonshell
328,8747403b1da2a5425ee7bf622d38f7d0c864ac5a,architecture-building-systems_revitpythonshell
329,8772047729ac8acadb7ae1899cb29c43a2d8547e,architecture-building-systems_revitpythonshell
330,87da780f91f72e35e07aecea907a298b3328ce4d,architecture-building-systems_revitpythonshell
331,8829b5165f535b28c257524914be5a90fe282a21,architecture-building-systems_revitpythonshell
332,88c4647674e13c94c4bf9036c6a58e252123c272,architecture-building-systems_revitpythonshell
333,8965f36311c134fe37e3762dee3e6955da0c395f,architecture-building-systems_revitpythonshell
334,898645833007816e11b3339c5b59279904e6dcc2,architecture-building-systems_revitpythonshell
335,89e3d209f8a64a884901842cc23bb32a56154b62,architecture-building-systems_revitpythonshell
336,89fac767b44e4cdb15ae1bb86262131c37a6e9e9,architecture-building-systems_revitpythonshell
337,8af74eab72e4b199796058d885c333c08b08b095,architecture-building-systems_revitpythonshell
338,8b1818cf67203be528d152cef1b41723f44f1fad,architecture-building-systems_revitpythonshell
339,8b1c1531feff784a940ab8543119f2e260e4c017,architecture-building-systems_revitpythonshell
340,8bdee008b5d9bc47e4d9f87047eb611bfa4c09c5,architecture-building-systems_revitpythonshell
341,8cffc45437f3db36584c6709daac737d3524a63e,architecture-building-systems_revitpythonshell
342,8d3783eaddd67c643dd0a08fe4b39d2bb291679a,architecture-building-systems_revitpythonshell
343,8d618d60defa80af5f8f2b372de7bfa88be38c56,architecture-building-systems_revitpythonshell
344,8dfddccfa673dcf588ae6af6f2b37b35a9f217e4,architecture-building-systems_revitpythonshell
345,8e689141650df121370605a2dedd2f3ae436942a,architecture-building-systems_revitpythonshell
346,8e7733a6003f799277e2433337643bc49ffd907e,architecture-building-systems_revitpythonshell
347,8e820bc03d6c5da717afd4803904162fb6e49082,architecture-building-systems_revitpythonshell
348,8ee19538ff6009eab2bdc3b5ece4f4a413e4792e,architecture-building-systems_revitpythonshell
349,8feb5559eb28e7569b848e8813ac8d94249a39b1,architecture-building-systems_revitpythonshell
350,9012ff1e234a21aa9e5906b26e726cefae21fb85,architecture-building-systems_revitpythonshell
351,901731ed621587f2271911921906acedc278f95a,architecture-building-systems_revitpythonshell
352,9028b436f32848e0c34e5f5252a01f57c36049eb,architecture-building-systems_revitpythonshell
353,904459447d14c50cb9baee7025760c34eaab208e,architecture-building-systems_revitpythonshell
354,907ba00c41e5db69d0962e63fa249e60fd1268ee,architecture-building-systems_revitpythonshell
355,90dac659ce291d16727cb7a9ffd211be9963f12f,architecture-building-systems_revitpythonshell
356,90f04523a1144e3e630d4985675edc846ce9086f,architecture-building-systems_revitpythonshell
357,917791c6dad1bcfc4d04307565240e0c7a492ba7,architecture-building-systems_revitpythonshell
358,91d57ecb0e1b5feffa8bef9f3a7eca5be46f7e43,architecture-building-systems_revitpythonshell
359,93051bfe460415da2b5951e34ed7a9bfc1377b07,architecture-building-systems_revitpythonshell
360,933456cf7542ae200120ac3a51f26105a43468c7,architecture-building-systems_revitpythonshell
361,9399d8bb71b0cb3900f722e7e5fa770c0189e77d,architecture-building-systems_revitpythonshell
362,94043d393aee17ef385ab809ab52dd22cbb89622,architecture-building-systems_revitpythonshell
363,94146e4807fc3c3f8349d09cf0e586c7e4d2ccda,architecture-building-systems_revitpythonshell
364,9465405c148e6112b2afa5887e17dd8478ce435a,architecture-building-systems_revitpythonshell
365,94bfc70993522a6ed0db72ed2a12ba7d7b338505,architecture-building-systems_revitpythonshell
366,94f292c95b1e4b54d45c04fc789ddb97800a8305,architecture-building-systems_revitpythonshell
367,9509010bd8bb654d2548082c636d1eb8bd719f1b,architecture-building-systems_revitpythonshell
368,951dbf02fccae5faf5a3dac08d615db6be7a62a6,architecture-building-systems_revitpythonshell
369,962cb9c3f5453a2c9172e22ef8372236c4be5c54,architecture-building-systems_revitpythonshell
370,96e1c528f5d42364a29aa75673608c13ba12974e,architecture-building-systems_revitpythonshell
371,97245b72ef5e8611ffdc7e84b107f60277153b7b,architecture-building-systems_revitpythonshell
372,972b4bb3eab2e5d891fc22c02675cca8628873c7,architecture-building-systems_revitpythonshell
373,9730fe1db5afe6a7f0eeba71d17abfd7aebe4224,architecture-building-systems_revitpythonshell
374,97cda9af1a8eaf65798bcbcd3be7f9be83777311,architecture-building-systems_revitpythonshell
375,984809ea56dc0a529b2a8bf899ecdd4e29a719d7,architecture-building-systems_revitpythonshell
376,98504d2a79dffb6add9e1ce908543cb7a3f3dc8d,architecture-building-systems_revitpythonshell
377,989371a3cb25dc9b72bf43d5972af500a03f5932,architecture-building-systems_revitpythonshell
378,98f870aad41da075e7da5c09786d6c1f6a6a4469,architecture-building-systems_revitpythonshell
379,991f9f3e8d4a4d4a55f8b7f9b11147e2b65a8e48,architecture-building-systems_revitpythonshell
380,9920e38176082ac09ae4b6747cc80e6e67eeff44,architecture-building-systems_revitpythonshell
381,99887cf8c17e7aa842167697e535d3e0036133f0,architecture-building-systems_revitpythonshell
382,999b419cde952b170508ed9410fd5a2abfc11246,architecture-building-systems_revitpythonshell
383,99a26cf2f8cf86f0d6db7bc8e9f598ba1e62d1eb,architecture-building-systems_revitpythonshell
384,99b5d5b1c7345b607f7d393a79b0767be4c8689f,architecture-building-systems_revitpythonshell
385,9a20f9d4e4fba1f3fd5cc3b327eca31137e07b1d,architecture-building-systems_revitpythonshell
386,9ac56cc16a12d075ce9bb44815e7af7de7733059,architecture-building-systems_revitpythonshell
387,9c129182ea01c35cd70f9108f03886ac34023bfe,architecture-building-systems_revitpythonshell
388,9c6ee34f122750ed12f638b4c7e52727ded35762,architecture-building-systems_revitpythonshell
389,9cd4c20b3b7203661193be99070d762e7cd99bea,architecture-building-systems_revitpythonshell
390,9d1fc8f719749e88068420b81c0b493546c16fff,architecture-building-systems_revitpythonshell
391,9d4ed5941a7af105c4e56213960bd06c1bf095e2,architecture-building-systems_revitpythonshell
392,9d5ecac8fa2b00f38af6cdff8686eafe55319609,architecture-building-systems_revitpythonshell
393,9d5f26782fd99805723610cee32a39750e7cca08,architecture-building-systems_revitpythonshell
394,9f4f6a86aa5e7cc2b73545415de042ccad1f3be1,architecture-building-systems_revitpythonshell
395,a009c6dc00b430a25d486f9fc07bcc9eff474e92,architecture-building-systems_revitpythonshell
396,a00b4f3b55dae48e4fb6950f7067db0c35837523,architecture-building-systems_revitpythonshell
397,a00e89e3ab231ca838d7c28a5f9d2a04a1c5e40c,architecture-building-systems_revitpythonshell
398,a0699c547cf3cad9d371ac3a87ef7e52d5a69290,architecture-building-systems_revitpythonshell
399,a07070ab5baec395c103e9f24838283f3a7a8a5f,architecture-building-systems_revitpythonshell
400,a0b370fa66f519873ec9c6287cdd42bcfddebe96,architecture-building-systems_revitpythonshell
401,a0e45df2682041d62a403f9c4ff3530364637070,architecture-building-systems_revitpythonshell
402,a18ac91695bce89dade8371f468012a642271c7e,architecture-building-systems_revitpythonshell
403,a19de4b4bf42ca231884288cd26bbb7eb06a0d8d,architecture-building-systems_revitpythonshell
404,a1e47c96565ae47be5ac1234c3fc044585c1f48c,architecture-building-systems_revitpythonshell
405,a1fb78be17b5a2dfefb7922266c87bbe0180a5b7,architecture-building-systems_revitpythonshell
406,a232c5c39406634c3c85f32150fbfa1cc24ffbb1,architecture-building-systems_revitpythonshell
407,a29259169fae950e3c6571326cb9ea8e7575cf7b,architecture-building-systems_revitpythonshell
408,a2ef2d89ab4d40a5a5472b1462df4b8c059560b0,architecture-building-systems_revitpythonshell
409,a3189ee323c8e1d788df3b54a3f197f5908e71e1,architecture-building-systems_revitpythonshell
410,a34f093b9ccc64987a45e9be8aa22f46a321cfe0,architecture-building-systems_revitpythonshell
411,a35357867be377e4d93bf73047e6a84fcdb696b5,architecture-building-systems_revitpythonshell
412,a367bcb6182ea02e221c2c8c9c0b14113e393a6f,architecture-building-systems_revitpythonshell
413,a3a293e89640b973ad13fa07adfeb5010e241d8c,architecture-building-systems_revitpythonshell
414,a3eaeb8a5f7f09b67437676fca061a46a66232e5,architecture-building-systems_revitpythonshell
415,a47fd920b579650f4495a511040f0113bab92d98,architecture-building-systems_revitpythonshell
416,a4858b85165d41d272842e125f727433abd04c70,architecture-building-systems_revitpythonshell
417,a4b45d4c2b3f494b0f7ce32890ed8f26b74fc888,architecture-building-systems_revitpythonshell
418,a4c57606caa8dfe0be111de6d7ad52891d3a3d99,architecture-building-systems_revitpythonshell
419,a5d1706c88f1d984f9ac1d0610589bc239d23c40,architecture-building-systems_revitpythonshell
420,a652d95d65b13a0d2a84eea304fdd8ec54f16d9a,architecture-building-systems_revitpythonshell
421,a6b2d31ac74086cc8572ff18645324ef52660f5b,architecture-building-systems_revitpythonshell
422,a6f84feaf16e42ec30a1aa9f0aedfb30fb0365c5,architecture-building-systems_revitpythonshell
423,a76eea4c090bc53c70c144852f79c418b3414d0f,architecture-building-systems_revitpythonshell
424,a78becdfcdaeff99b080f77dbee91927903fafdb,architecture-building-systems_revitpythonshell
425,a7c6c874313dfd51845b189b08a0c6fe8f24e020,architecture-building-systems_revitpythonshell
426,a8021ca58aabd97d6c39e8b0fe448a34f03f5f26,architecture-building-systems_revitpythonshell
427,a83af7310d706e1a1b8a919893dd7d3c5b486a83,architecture-building-systems_revitpythonshell
428,a9fb9d01e37afef575d39045af0e282f205918f5,architecture-building-systems_revitpythonshell
429,aa1ee5becfee11cf63c17365d9ead4a7647971f7,architecture-building-systems_revitpythonshell
430,aa3ef704ddeca7f81f55b4bc0d1d64f270dd0d7d,architecture-building-systems_revitpythonshell
431,aa738744c6c3807f858ab420d6fd6194c5545f0c,architecture-building-systems_revitpythonshell
432,abeda574390dc7c14aa5e2e0fd05ceeb5513e81f,architecture-building-systems_revitpythonshell
433,ac30553de31fa30f8ced96674923b2d2a020dd56,architecture-building-systems_revitpythonshell
434,ac94af2faccb2dcf3523b041c3965006662f15f9,architecture-building-systems_revitpythonshell
435,acec4e5b50c9b56eb89956fc637981e0c7f9da98,architecture-building-systems_revitpythonshell
436,ad777c2a61472b6286db7483d86c8bdcd58910e7,architecture-building-systems_revitpythonshell
437,ad7a044bb09b9309bb47eb0cbf4d89511d46ca2a,architecture-building-systems_revitpythonshell
438,aecf16d880dc9e0b374bcb6c2b91d7e3d7733a7b,architecture-building-systems_revitpythonshell
439,aed0d315d7b592beab4743481fa7de7966eef074,architecture-building-systems_revitpythonshell
440,aefbd851045a88def749036523f863a16a4c311a,architecture-building-systems_revitpythonshell
441,af0c2f86954fbe1af8d15d8c3e436d86e75f5386,architecture-building-systems_revitpythonshell
442,af1da41c84dff776b8e793b1ade0d7800957c95c,architecture-building-systems_revitpythonshell
443,af254e20fd92c398699218f81c6dc7e67192fe18,architecture-building-systems_revitpythonshell
444,af4034c56c7168f67640ac281e03e6f5a9533418,architecture-building-systems_revitpythonshell
445,af60bcdbe2c93112272a53d4d39c539996ddbb2e,architecture-building-systems_revitpythonshell
446,afd1e1174db3b719f2ab9d49a2f6c5c33b3bce59,architecture-building-systems_revitpythonshell
447,b00f05b6f1015fb97951b042e6fc8f8e865129ac,architecture-building-systems_revitpythonshell
448,b13c8819fbfecb2ca63d005b247a7d784cdf8767,architecture-building-systems_revitpythonshell
449,b153eae16fdbff1230780fbdca990e6414dd8de5,architecture-building-systems_revitpythonshell
450,b177d95f3f5142765940b65081c43b9c1c86e703,architecture-building-systems_revitpythonshell
451,b1eb31b38c53ebfeadac266f5796dc38060d2783,architecture-building-systems_revitpythonshell
452,b231e2aa266305edc71f91a022bf376b2af2d708,architecture-building-systems_revitpythonshell
453,b2398d98f57d731a8cee6c3e189ef864cc0c8fd6,architecture-building-systems_revitpythonshell
454,b36090d2f0a2489497d9834f5dc2953e6f40b644,architecture-building-systems_revitpythonshell
455,b39ca10c083e02438a562578a76fe7ceb54ec935,architecture-building-systems_revitpythonshell
456,b3a82024443897d196f95601a6f1ee5f1dc5c0f4,architecture-building-systems_revitpythonshell
457,b3e74ae1d7e64ad4ce492f293a738c66502ed1ac,architecture-building-systems_revitpythonshell
458,b4b55d50a3d1e8280a0a611d96286feb44dde5ff,architecture-building-systems_revitpythonshell
459,b4e3639f2eabae2f4a37e075b310771c8ce237d1,architecture-building-systems_revitpythonshell
460,b4f87a5ffd22731696c7977940ce902f9808a363,architecture-building-systems_revitpythonshell
461,b5428b80af7e9ab70a21007fa8e3d3a8f93a37fe,architecture-building-systems_revitpythonshell
462,b55c52f4a959e6c55d3a578f08d3a58a5ab54aa2,architecture-building-systems_revitpythonshell
463,b560c385ebf526703327a17b8c19a4129d0b2e37,architecture-building-systems_revitpythonshell
464,b591b114e4b8ffa7873114a44685e885ed698dfa,architecture-building-systems_revitpythonshell
465,b5ada27190ac5a13b151accd71a5f711f0c62ed0,architecture-building-systems_revitpythonshell
466,b5cfe70014b5b2d8d10969e599fd12fa59ead097,architecture-building-systems_revitpythonshell
467,b5eb08088ea983e9624fa46eff5899536b8b50f3,architecture-building-systems_revitpythonshell
468,b67fa5e73c47c90632d4f3f8c880dc9761c158f9,architecture-building-systems_revitpythonshell
469,b702a6486ad9f5a6dec68d93d06e01b209e94e21,architecture-building-systems_revitpythonshell
470,b71e40c25b1b809ea3475c453e7d5637adde9f21,architecture-building-systems_revitpythonshell
471,b71f3b0b43186c6d9fb5b1403c770869f885332e,architecture-building-systems_revitpythonshell
472,b7a26a408e6b1b2435b1eb5fa8f130053a7f741d,architecture-building-systems_revitpythonshell
473,b7f35da4d4a2d3c118d73c351cbbd49fbaca7136,architecture-building-systems_revitpythonshell
474,b826cd152b5cf0ee3b73e70166f86ec8ba82640f,architecture-building-systems_revitpythonshell
475,b8b36e2837b6694fa810af454dc458ec6451d0cd,architecture-building-systems_revitpythonshell
476,b8f280c254c44364f549111ca811ee784d1c3bf5,architecture-building-systems_revitpythonshell
477,b962fe308adce6c338a67d2c24bc4763e9918fc9,architecture-building-systems_revitpythonshell
478,b9e086c29aa1c6cbd8f166ffcbf8c1b9c41bbd60,architecture-building-systems_revitpythonshell
479,bc2c574c0b7dbd44cb011a76756abf52b2e05d92,architecture-building-systems_revitpythonshell
480,bc84f3d72a2230542f8629f08050a895d2d7f7a2,architecture-building-systems_revitpythonshell
481,bdfaf1fe0978dcfd7bea1ba8f01d34dcc1b3e9f4,architecture-building-systems_revitpythonshell
482,bebcdeb8712c53c5590ce60bf5ea8bfdc48e7021,architecture-building-systems_revitpythonshell
483,bf1230a9e708e4ee340da783ab1a9440bc7233d1,architecture-building-systems_revitpythonshell
484,bf163471432d3e732619b22d43224d12c6ba4479,architecture-building-systems_revitpythonshell
485,bf235731300e6dcb102a934a9c4f01a09946c599,architecture-building-systems_revitpythonshell
486,bf3eab5ae53b4cb264bae9f21d9350d7f8e61f7e,architecture-building-systems_revitpythonshell
487,bf6aed6441ede2a5db32ea1a1ad9fcf843b6b594,architecture-building-systems_revitpythonshell
488,bfc5c21884f390a4bc76b14120eff0caa696f894,architecture-building-systems_revitpythonshell
489,c055d9cb79d34cb0ecc894a3973af0ae5c3c1dc5,architecture-building-systems_revitpythonshell
490,c08e5b3b2adf5fd353383b1468ac80efca152cd7,architecture-building-systems_revitpythonshell
491,c12249d8f6eb9d7cb09858a9f66923402bbde6db,architecture-building-systems_revitpythonshell
492,c185f526e7a6416a46dd5fe4312b6bdbfc377975,architecture-building-systems_revitpythonshell
493,c18df3776f4ac84139a42ed4cfa265dbf7c5f89a,architecture-building-systems_revitpythonshell
494,c1c2e32aec75419331c9729ba8bd20f2533835c3,architecture-building-systems_revitpythonshell
495,c27045c860eb44c1ab79a5925ca626c3e5816965,architecture-building-systems_revitpythonshell
496,c274f7a260091e9498f9e5d0b357077c4e85de5b,architecture-building-systems_revitpythonshell
497,c39e19680403f562cf4a719e7f9cf6fa98aded96,architecture-building-systems_revitpythonshell
498,c3bd3deaf9e1c090f6a0c0bb5279220bfa71dbf8,architecture-building-systems_revitpythonshell
499,c48e6a31458dadf4820c4275c20001c76de2f157,architecture-building-systems_revitpythonshell
500,c51e5adb283f9586c3424d477943b9814f49b78a,architecture-building-systems_revitpythonshell
501,c57307e220818f6135fbdf7426522c0b24c2af38,architecture-building-systems_revitpythonshell
502,c5c58a40c1b8d7e7f1d5e054c9bfb0634e0a9d87,architecture-building-systems_revitpythonshell
503,c6075e96f0bbe9975bfebe51136f2c99561babda,architecture-building-systems_revitpythonshell
504,c611b368f4f1b8dbee2120e482c673447e594eee,architecture-building-systems_revitpythonshell
505,c6491132aa14772b5ccc927a4af94bf9fefbbe1a,architecture-building-systems_revitpythonshell
506,c6fcc2c549b2774e462e8d7deaa87bf859bc6349,architecture-building-systems_revitpythonshell
507,c726d8bdc1fddf4fd179490cb9da89feb5a2df74,architecture-building-systems_revitpythonshell
508,c73ef46d060e99fc914ab3ec7f64920881e05405,architecture-building-systems_revitpythonshell
509,c749a8683a0e184240e92228eaedd5900f61eb23,architecture-building-systems_revitpythonshell
510,c78c1311080fca9d756bce9f273f1f66040b003f,architecture-building-systems_revitpythonshell
511,c83e59202efd6adc548767cfaa39e44c72475153,architecture-building-systems_revitpythonshell
512,c8429720debeb66c910a42aa01a85eed90ebce43,architecture-building-systems_revitpythonshell
513,c8753ba227e93cd4266a73847e1da55fc59466e2,architecture-building-systems_revitpythonshell
514,c887e5ff5fbb37452325354e80fd3c731a3253ec,architecture-building-systems_revitpythonshell
515,c90c6168fe7ad363c020fee813f3e1fa3d1daaec,architecture-building-systems_revitpythonshell
516,c94cc7993e5f16907b134dcd4e67583c4ceb0b5d,architecture-building-systems_revitpythonshell
517,c95f364424e375f65bda8af5abe29750468f5509,architecture-building-systems_revitpythonshell
518,ca629c41246a47b74bc04afe3415446a0518bfe1,architecture-building-systems_revitpythonshell
519,ca8d6bd3855e7e23fcb8e14d09955e951400305a,architecture-building-systems_revitpythonshell
520,cb2a4c5b31b3780764a47c0e5d25eb6767d2df1c,architecture-building-systems_revitpythonshell
521,cbe22b3b80fc94a38c30d386d27195cf4f9219f0,architecture-building-systems_revitpythonshell
522,cc48e6d415534af128750b52518324e8b80d03e7,architecture-building-systems_revitpythonshell
523,cc6fdc7044fbc5409f82deee92888027af8fea9d,architecture-building-systems_revitpythonshell
524,cc8c7b1fd60732c4a61d8e76216e6de002e971e6,architecture-building-systems_revitpythonshell
525,cc97aa25170fdb2cd83ca575ae949b958be04101,architecture-building-systems_revitpythonshell
526,ccbb94770fe87c29b6f9bf1925768eb32a5cdc68,architecture-building-systems_revitpythonshell
527,cd54a61e70527491556662ae0d816e3c876cc435,architecture-building-systems_revitpythonshell
528,cd658758b1bc96711499f91f1ccb57ab11a581b6,architecture-building-systems_revitpythonshell
529,cd996164bbcb0bbd08231c64de641d0fd16b5917,architecture-building-systems_revitpythonshell
530,cde43b52ec7f513c11924417c49e754daf834a46,architecture-building-systems_revitpythonshell
531,ce3a6321c3410d05230088cb97cb28676d460f55,architecture-building-systems_revitpythonshell
532,ce5d21b7883aaf80d6d16e6ae82fcb72ff285b31,architecture-building-systems_revitpythonshell
533,ce68fced2e3d2439cea1643c68d81a823a489ede,architecture-building-systems_revitpythonshell
534,ce870a6256cf63c17c4bb19ce791582e2b5d3583,architecture-building-systems_revitpythonshell
535,cfa6afd02137024093f9e6197d03cbf6aa35a5d0,architecture-building-systems_revitpythonshell
536,cfbe2a1e60719ca2504ede17cae68a6f99469c75,architecture-building-systems_revitpythonshell
537,cfe691462095ca2c44f33d3f68022908676a8a2c,architecture-building-systems_revitpythonshell
538,d02025ebba4ae3db208cf26ef1d6add386fb63dc,architecture-building-systems_revitpythonshell
539,d0570f0097ecc4c61e9cb50af4ab1e6959d194ef,architecture-building-systems_revitpythonshell
540,d0c4b92b75a347c0400a0abfade1b5e7670e21ab,architecture-building-systems_revitpythonshell
541,d0d4f5370c60e9f3d0b54c017c79940db083037b,architecture-building-systems_revitpythonshell
542,d0e940665644a0b66c4537bc4e11a4561dfa980e,architecture-building-systems_revitpythonshell
543,d15538b96b803dc41cd1a427d29087cad7f01f21,architecture-building-systems_revitpythonshell
544,d21cb09d37c9f0e26c761bd201b949e39be5e496,architecture-building-systems_revitpythonshell
545,d310e9f343dcdd8912edbe1f1484f5f5a0531d33,architecture-building-systems_revitpythonshell
546,d3445d5ea266cb4334b42c00cdb7c8f26154d2c2,architecture-building-systems_revitpythonshell
547,d3998f7b70887d418857b442b2ed7c54d7520d83,architecture-building-systems_revitpythonshell
548,d436f78e730711199a003e5d29a43dd6554bef18,architecture-building-systems_revitpythonshell
549,d4a405b3d2b3be95d8954428b33a83f6d3ecfbef,architecture-building-systems_revitpythonshell
550,d503b9413c69e2cad9a2ac05ca6e79dd3033b553,architecture-building-systems_revitpythonshell
551,d548fac1801906a7e4e3e6d664219cc7b38bdab6,architecture-building-systems_revitpythonshell
552,d5bbb9ef827015a324c63fc74358585a803b5c31,architecture-building-systems_revitpythonshell
553,d5ccde535764dda415941270fe462340d37415e0,architecture-building-systems_revitpythonshell
554,d6bf3ff77ef2932ced00c62ff93041b43c1341f1,architecture-building-systems_revitpythonshell
555,d71b0be6dcc037fe72435d97a41bd4f9f67f04e6,architecture-building-systems_revitpythonshell
556,d7571126c167f15831359d6c89471aab7ef7131d,architecture-building-systems_revitpythonshell
557,d77dd3e2ebb59e671f1c6512b13c84a56a0e1179,architecture-building-systems_revitpythonshell
558,d8a5acffa15b2ec84ba5055df3e53351f47afffe,architecture-building-systems_revitpythonshell
559,d8ffc7693b4aee776d03932f4208f5ea1f2d27f7,architecture-building-systems_revitpythonshell
560,d92fbdddbe4cb78d3df0c0d2f780235cf3ab7f85,architecture-building-systems_revitpythonshell
561,d96dcfa93fd623bdf074baa3d676a9906622f0ec,architecture-building-systems_revitpythonshell
562,d98438daab2133312c453f8644b53f94d49cca1d,architecture-building-systems_revitpythonshell
563,d9df5d6521e8d747ea644634265e85a49ecc8fc0,architecture-building-systems_revitpythonshell
564,da4b92e3ff5557981ee406b66f3067a0c058bcd9,architecture-building-systems_revitpythonshell
565,db69039f1aeb465570af1f40d906ae69290e1cb7,architecture-building-systems_revitpythonshell
566,de8e678c8364fdd1ff355329823a2628379dbc2d,architecture-building-systems_revitpythonshell
567,df4bdb8406e711f896913240a8fb0f36bfea1a7e,architecture-building-systems_revitpythonshell
568,e063814d3372fa98301d53134dc45dc8f02167cf,architecture-building-systems_revitpythonshell
569,e1243cc42aa6fa856016809d8e0087a1743e373f,architecture-building-systems_revitpythonshell
570,e162b945b4ca030b5be333ac3edd0f5d189134d3,architecture-building-systems_revitpythonshell
571,e1d79ed548a104e238a6144cda26248d0653f34a,architecture-building-systems_revitpythonshell
572,e1f3cdc1d831d47e70da8c6cb4624061dc6d6c67,architecture-building-systems_revitpythonshell
573,e1fddb446ea43f79c2578b497ae107d2b242d360,architecture-building-systems_revitpythonshell
574,e31b3def251bd46f83e3f26305f5af7c47f3e5b3,architecture-building-systems_revitpythonshell
575,e369cb3ba8b52694ecacafba96a318e99d45c9db,architecture-building-systems_revitpythonshell
576,e3a0e08ac4604823560ef9b7caaabd0bcfbc7f9f,architecture-building-systems_revitpythonshell
577,e3e83ee14ffed0245029d9ea9a8f05fe878c6038,architecture-building-systems_revitpythonshell
578,e44f46a1e0b06675e7f1d9bc4870a021e79af0c3,architecture-building-systems_revitpythonshell
579,e4e32a43a78b971934a5f6d5eb845a41840ad1e0,architecture-building-systems_revitpythonshell
580,e5f8460cf442b9a1ff8af6761e246fc43e141f62,architecture-building-systems_revitpythonshell
581,e6787dd878f6d4947a39bbf7b3c27cef7b8a8a19,architecture-building-systems_revitpythonshell
582,e748d1e0507c6c102a5c05ae182ce091e234ba0f,architecture-building-systems_revitpythonshell
583,e7517dac5aa9dd6017446fe0fd6781f5f887aac2,architecture-building-systems_revitpythonshell
584,e771f48e9e160a3d87e3d7706392ea7c8ac21fe6,architecture-building-systems_revitpythonshell
585,e78ec860c8e8d1a57d999cb4eb65f0e577923a48,architecture-building-systems_revitpythonshell
586,e968fd964e6d64db44db499707d7a73e1d20e821,architecture-building-systems_revitpythonshell
587,e96e98a2e58e58a1ad19b2c4bd9ed0bca47ef8e0,architecture-building-systems_revitpythonshell
588,e985ac213bbdba1b4759dd6a234692278f3324e3,architecture-building-systems_revitpythonshell
589,e98fd737583707d0c39ae13fb1057b30e9d0e92a,architecture-building-systems_revitpythonshell
590,e9afe5d6187865da7f3b1975e610cbcabd70baf8,architecture-building-systems_revitpythonshell
591,e9f28906303214a79ad3c61fa31c333fe366e723,architecture-building-systems_revitpythonshell
592,e9f4b6f2e56da8f71ba4344fa1f39bcc148dbec0,architecture-building-systems_revitpythonshell
593,ea227a6f8ba8d2e5da7c59e93f12ceec88936bd5,architecture-building-systems_revitpythonshell
594,ea5595583b4faeacb42ed3d145c004576e345bac,architecture-building-systems_revitpythonshell
595,ea9a680ad527c6ec8ce7c81c6d59c18171456c4a,architecture-building-systems_revitpythonshell
596,eaa4647e92e47a4b262146cfd3e65fade0306a2f,architecture-building-systems_revitpythonshell
597,eadf2356dfa62045b64e0e440a36bd53507ee6ff,architecture-building-systems_revitpythonshell
598,eb4a4f5c7d1203bb17306f866f517adb4c747819,architecture-building-systems_revitpythonshell
599,eb5161d777ef5bdd1734989bf232b18a2f9c457b,architecture-building-systems_revitpythonshell
600,ebb9ec9a12152289f6e454bdcebc8e616299949e,architecture-building-systems_revitpythonshell
601,ec886a128c9e826234faba81fe23dccbefccfd9f,architecture-building-systems_revitpythonshell
602,eca7c6ed93df1b234986235ad2f105fa26765bea,architecture-building-systems_revitpythonshell
603,ece10fdefe3a9f8750fb8ec455fcabc20d9332ea,architecture-building-systems_revitpythonshell
604,ed3dba28ac1acf55f88cdaf2313714673eb678e4,architecture-building-systems_revitpythonshell
605,ed87dc5e900b597bc54323c2610855b72f10f488,architecture-building-systems_revitpythonshell
606,edba4bf3877e27c40eb7fd7d9ab87531b450e6fc,architecture-building-systems_revitpythonshell
607,edbb67b94ffdd49e9e73d61464bb98d9cc694050,architecture-building-systems_revitpythonshell
608,edea382ef2293385091fa48022d2dfc93a48a4c2,architecture-building-systems_revitpythonshell
609,edeca7216d448a3be9234d5c3c85471177da6952,architecture-building-systems_revitpythonshell
610,ee73f4fce4705ac0576baee7ca351dff3f3a67a4,architecture-building-systems_revitpythonshell
611,eecc68875ccc8db49723e2ef9bb687ac81211924,architecture-building-systems_revitpythonshell
612,eefab76f294296774aab85fa416472165f59e940,architecture-building-systems_revitpythonshell
613,f1c53098b4432a74eb8439ca374d1bc92aef4835,architecture-building-systems_revitpythonshell
614,f1e02750984be9f34f4b8b6758a9df2f619ef50c,architecture-building-systems_revitpythonshell
615,f27c94db6a057789f8a2209a4e7000ccf2d16444,architecture-building-systems_revitpythonshell
616,f2dd57f136cef733fab9a8923f67f72212c5be91,architecture-building-systems_revitpythonshell
617,f30a9d0cbbca9c446d396dd848559c82bef307e1,architecture-building-systems_revitpythonshell
618,f3b574f470f3788a570c7524c70cdf72b9275e49,architecture-building-systems_revitpythonshell
619,f3f94ab3d6dd90827e240067d1a238744a1dee7e,architecture-building-systems_revitpythonshell
620,f4326585eab870b51a895e03ac3c0cbf1503fe31,architecture-building-systems_revitpythonshell
621,f43d7603380516b0aa9a1a2309c259a9743250cb,architecture-building-systems_revitpythonshell
622,f4694421f9530b6a30605e5a03a8645829577ee3,architecture-building-systems_revitpythonshell
623,f47c1e4d013b724736d72317a47d13079f6a1d9b,architecture-building-systems_revitpythonshell
624,f494c1b3e6b588513c5fc3d60818d8c9b6b47cf4,architecture-building-systems_revitpythonshell
625,f4f2060fafed75233ca7f7b03123fa9d4610bc20,architecture-building-systems_revitpythonshell
626,f4f3d2cfca5df3ba95060ec5873a464d59a47587,architecture-building-systems_revitpythonshell
627,f5e5bbed12068cc6315fb5f569a9d3cbf050e0a7,architecture-building-systems_revitpythonshell
628,f60f16ee5799279bfaf2ec8bede164c5fb00b45a,architecture-building-systems_revitpythonshell
629,f6b85cdb2dd59bfe2fb5ab6cadf5f1de891af787,architecture-building-systems_revitpythonshell
630,f70e4df5e20c3a89ca8ad724d0ffe7d8851f1e1b,architecture-building-systems_revitpythonshell
631,f74db0409bc416dbada66d35765735197b58fe9e,architecture-building-systems_revitpythonshell
632,f7bbd586535f41277e0e4219a66ab8e7f9b89c8b,architecture-building-systems_revitpythonshell
633,f7c686b316990b40434b40e0565547226f60d80e,architecture-building-systems_revitpythonshell
634,f831ee70a435476fce644136910e97fc4c6f8040,architecture-building-systems_revitpythonshell
635,f8bbc77ba6e514b36f63737f0a50d41872aa29c0,architecture-building-systems_revitpythonshell
636,f90b9e4f1e75840674b452142e65f64065379c38,architecture-building-systems_revitpythonshell
637,f9ca6d6d35538eac3c7c0fdcb570fa1f9796df09,architecture-building-systems_revitpythonshell
638,fa17aae2e350ec18884ba860f34f3e3dac86bbc0,architecture-building-systems_revitpythonshell
639,fa5ca6ef9b33cc04e519398031bd7090ce114a52,architecture-building-systems_revitpythonshell
640,fac0a5486a8a2c180aadff351a70b6ed96bd95d0,architecture-building-systems_revitpythonshell
641,fb2e4c3867b8ef78fb59eed5f80f66759660a930,architecture-building-systems_revitpythonshell
642,fb31913c94c344c41cc7f740c87861c590869adc,architecture-building-systems_revitpythonshell
643,fb8ec92259bda9381bbffb910065f8d942e14e3c,architecture-building-systems_revitpythonshell
644,fb99f5adcb3c04dd3ca5fa6e99e994607d30627d,architecture-building-systems_revitpythonshell
645,fbd895b6c4c874f3d91fe7efcf651b54d342ffa5,architecture-building-systems_revitpythonshell
646,fc9e79575a8c5736ff1d09134f72e57cb1a9652a,architecture-building-systems_revitpythonshell
647,fca17f47fe5f32135ddf1ada98d4ba205ad3df04,architecture-building-systems_revitpythonshell
648,fd7508d971e136d8eb22168af002f4cf7adea948,architecture-building-systems_revitpythonshell
649,fd960eb01529a95d1ed16123394a62c4bb863406,architecture-building-systems_revitpythonshell
650,ff2d30fdac85a2199c773d2d909a8152d6ae456b,architecture-building-systems_revitpythonshell
651,ff3850f14a62daa2a5c2de7148efbe597f38ad98,architecture-building-systems_revitpythonshell
652,ff44eb2e802fcf05727e4c7fbbd99aaf902f9e9a,architecture-building-systems_revitpythonshell
653,ffcc914a497b88ba79df8f3c8edfa391dbde5dbb,architecture-building-systems_revitpythonshell
654,ffcdc0d62083d2b15c6e425d3b7759aa5eee5a58,architecture-building-systems_revitpythonshell
655,ffebd0036ad0f62730ccdeeb788679aaff708c7f,architecture-building-systems_revitpythonshell
0,0008de3e593eae922492109cc092bd78998bd145,vlsida_openram
1,0008df0204681be1297aafc83cfa9c8fdfafc078,vlsida_openram
2,000d2f9f0f28a789226cc990cde430b929a55930,vlsida_openram
3,001bf1b827037247407084f3adcbf458c32ec9e0,vlsida_openram
4,0040efb86f3f78aa78a5aeb2e67c4b46f1bbe46b,vlsida_openram
5,004ee3748de5b6365cc9db7ac67fac2c15bc8ce9,vlsida_openram
6,006cc601c5d1e619a9b5a928e28158959243dd16,vlsida_openram
7,006eacd6d03db740e04af286047235a64b71eb82,vlsida_openram
8,009f6e94ea6f958ff64fd6fbb7b1ba3ce9f33f4d,vlsida_openram
9,00a87d57ab12408b8ba93a184cc851a1e26ddace,vlsida_openram
10,00b3772b4ebed3f9815581e9bbbda74c258fa887,vlsida_openram
11,00b51f546478b6a509541b4b5713a460d1d922bd,vlsida_openram
12,00ca2d45b637603cf859f7b0c39b36b89b1c94b4,vlsida_openram
13,00cb8a28d943d1dd33e9ca77e3dd52c4f232ba78,vlsida_openram
14,00dd6ddfd01232ad4f2f6e6bd1c4f81be7699c8e,vlsida_openram
15,0100ae57a3efc89fe3da55732234590ac0eec4eb,vlsida_openram
16,0107e1c050b43ea967a49df09bcbb3bae998c46d,vlsida_openram
17,01094ae4f0744dbe7add97d5f47bdbe3c3795dd3,vlsida_openram
18,010a187545579cdebaea9fea3f82bb373571ed02,vlsida_openram
19,0118b73eecbf75bafae94bdaec2ba3cca5bde872,vlsida_openram
20,011ac2fc05c89e678103b1e08bf74fa6a3934da9,vlsida_openram
21,01244347c1c2b8ccc6b4501c4678d2f1efb210cc,vlsida_openram
22,012c3923be3c5015e6d7066166a7efdf8b4570c8,vlsida_openram
23,013836bb3d66e5857feb281ffe53978ef34f3629,vlsida_openram
24,013c5932a07782e7194bdec476cf4e41c14a294e,vlsida_openram
25,01493aab3ecc8b6088e6a632e91d321d101ed866,vlsida_openram
26,014bca919955b1adffa43c5b31576cf50bf00c8d,vlsida_openram
27,014c95f761fa77e579e7cafee3902716d519c9b5,vlsida_openram
28,0161cefac918bd8e9856ffb166c56f935422303c,vlsida_openram
29,01655b1d549eec9292e1f7719d01777788e98a7b,vlsida_openram
30,016604f846743eca3a5324ad4f4f671c724e895c,vlsida_openram
31,01686a20050a2ff4e9559a92558682183a9a09ef,vlsida_openram
32,0175870628f562ee6c244af7854bb1c868525995,vlsida_openram
33,0175c88a164c31c82a6def555056fdf8b8b5bb42,vlsida_openram
34,0182309f922b5e097fac3147ae9d4b11e2e736e5,vlsida_openram
35,019512bc25e2153859529ffc7c5bad6be45dd652,vlsida_openram
36,01a73b31e18702357b7ee6c7da7d6f1e0533f576,vlsida_openram
37,01ab253925b107a778fbe2fbe9b086bef4e2dbb3,vlsida_openram
38,01bdea23aeb02cbed9210cd006d41b65f8501de4,vlsida_openram
39,01c8405d12cd5a613005a57db6ed755c16e1e7db,vlsida_openram
40,01cbc71a2a68f9d41fe87d267e254c99e7711ab9,vlsida_openram
41,01ceedb348100fd6803450016c1f269b16832768,vlsida_openram
42,01d191da40ac597e0e62e003b3d6cc8a34c46c34,vlsida_openram
43,01d312d65c1586bfa552fb76fc53437a0a13228d,vlsida_openram
44,01f4ad7a115c937d6bc91eb39899a8b28f42d8ff,vlsida_openram
45,01fe02bd90f986ec7ec60a5b936494dca397dfe4,vlsida_openram
46,0214cfb48e335e77684b37eec536002772d71b10,vlsida_openram
47,021d6048329a6878954cce3e55c6e86729b04ac7,vlsida_openram
48,021da25cd6cf51164236e6f4372dcc8640661e45,vlsida_openram
49,02352c35d766ba69035aa5fff85571aed0513a5d,vlsida_openram
50,02364c6cdfba213e5ae6ad36ca3f78eeaf1c46fc,vlsida_openram
51,0250d9add7306c558b10c834e3ef1555cdaebb5a,vlsida_openram
52,027b93ab8346efd9c347964bc635e53928a63823,vlsida_openram
53,02810a0740b6cec4aa1f03e54a8dcf0ae36b4a1a,vlsida_openram
54,028146f3c2139bea92f52d9a5cf99851da47a9f5,vlsida_openram
55,028d2a2954a48d2ebab77157af0156950dfc29c8,vlsida_openram
56,029f655c1b79b5b709b11c46a2260ef8def348ae,vlsida_openram
57,02a0cd71ac25835eb4e2458f305599e6f48b9c3f,vlsida_openram
58,02a67f986754ba9e637ab2d5403242a25e5c6501,vlsida_openram
59,02b4b13cc4dce7fad7f8f01289cd416615777e9e,vlsida_openram
60,02bafb47571dae752f27ec7cd94f70f79209011a,vlsida_openram
61,02c1fac3b8829cd751f3555d8223cc840bedb9ce,vlsida_openram
62,02cf51d3be40f58a4b00f7b8ce0d23dc5bfb613d,vlsida_openram
63,02d8eca6404e98858d25e3955fbf35b64f121b1b,vlsida_openram
64,02e65a00efffeabddd67dc887a971b70c6ae85b7,vlsida_openram
65,0315f6d3ad63becc010b74a8330fb756eebd25bc,vlsida_openram
66,031862c7495c20518a717fd55005ca98a5eeb226,vlsida_openram
67,033111a5f3d1084968111adadbaddd616026e9c2,vlsida_openram
68,03422be48c7d676df583fa7c0b4371380c3a19cb,vlsida_openram
69,0354e2dfb73bbc247fec7a0a4dd1b63ce03580b5,vlsida_openram
70,037468d88d8953ee3c144aaa11130bd641604019,vlsida_openram
71,037de969896c14b44b5cd56d82e9e507e1c430de,vlsida_openram
72,038acd1568705afdc021023f7af8034291e0ddfc,vlsida_openram
73,039f5312438d2fa70b029ffd51e163ba966331a0,vlsida_openram
74,03a762d311e3a62d8b35179b2a955e9af57e1fce,vlsida_openram
75,03adf94b6a90aa8de0c5ae9e20e79ec118b4cb7e,vlsida_openram
76,03c274c3191a20d83535ed8382b90f9351629d33,vlsida_openram
77,03dad01e4cefbaae4785243161bdab701e6a888e,vlsida_openram
78,03e0c14ab216f1a9d8ceba708bc324a293a8365a,vlsida_openram
79,03e1b9c50d46dd68826d7f6acd03995645829d2f,vlsida_openram
80,03f87cd6817860538eaa61ae4b77bfdfa3e0596f,vlsida_openram
81,040340b49f88063050530a5919f7cb9b7a1d1b55,vlsida_openram
82,04045cf67250a117531af5159c16d594c893e3c6,vlsida_openram
83,0406a92bec2adc9abde9fe3ab8b3afdf167515d4,vlsida_openram
84,041c738cb261f8b03317c250a6c3cbfaeb0bb2c8,vlsida_openram
85,0423f109264c895cca19dfc772f88b0fb3bcea04,vlsida_openram
86,042a3ed14fae23756a34c1b6a3b9cb61cf4afe9b,vlsida_openram
87,042bfcabea9a6fc4c1f5f119e8255a3ea26aa894,vlsida_openram
88,043018e8bacb481ecb876b289de429c2fd595387,vlsida_openram
89,0434e57609e606a40fe7f0dc817525515c2c679b,vlsida_openram
90,04382a2271e7b0a39e43a9bcead88639bdf5b710,vlsida_openram
91,0439b129bb2298ec23f08bd4489d0873d97970dc,vlsida_openram
92,043e468818482f1f1bf725641cc956e8cf05aaa6,vlsida_openram
93,043e93e75e38ac0f565057802446a0c106ae1ef1,vlsida_openram
94,0464e2df5dd0b9bfcff55ac7286a796c656f1f54,vlsida_openram
95,0464ec3f160ebb950d3fa653492d1a9a262e24a6,vlsida_openram
96,0468430dba77dffcbeddbbdae35c5d094e693d4e,vlsida_openram
97,047d6ca2ef43e64c369a5e02d03d5158666ca4fe,vlsida_openram
98,04949e093d8a6fb7f7a554992e908d4d59435814,vlsida_openram
99,049751ae1f8691b46f1ec22ae312dac037d9c238,vlsida_openram
100,049d3ffcaf0b2131427b9fadf3ae8f0bea03ffba,vlsida_openram
101,04af5480d21bd2b634e9e728a84f5e88ca23182f,vlsida_openram
102,04b7c419f15010ced99797002fb1267949c60f9c,vlsida_openram
103,04ce3d5f457f6da81465c30bf3a79e9b3e01bc01,vlsida_openram
104,04d254542dde8004f363a2a113ee253cc98dfb1b,vlsida_openram
105,04ed3792c7e86c8bfb78a90bc07165f1603eba60,vlsida_openram
106,050035ae8d9bc14f1ae30c8fe575394383549456,vlsida_openram
107,0507a43474b76ed589af373236b837b166e11d11,vlsida_openram
108,050eaf53fc7448d3988d5ac00e03564838b6b7ee,vlsida_openram
109,0510aeb3eca17788b3b8c9b6ea16494b563fc39a,vlsida_openram
110,05158f104b3b8c7b75cd896e245a8fbffd14ba26,vlsida_openram
111,051c8d8697c35caddea0e4dba2cb6c0015e63052,vlsida_openram
112,053392077728b5ac2cc7fbd5bbb5d899ca654f84,vlsida_openram
113,0544d02ca25e8ea9ed928931bb486638e6a1ecf8,vlsida_openram
114,054b7cd47da28a5bf67cd954be938aac1313a7ec,vlsida_openram
115,054e4d3c2809c6c0deda1f2d722b5c1aa8d73436,vlsida_openram
116,054ec9652b85988fe3a54d8f94682284e6a12dd4,vlsida_openram
117,0556b864245e15d799bf7d7227138d1db2c34381,vlsida_openram
118,0556b931a9f30ed075c6a79cf1293d98a9f84702,vlsida_openram
119,05667d784f64fc32860ae32fed90c28427e651c4,vlsida_openram
120,05773ad16e8e98dd5c3c41e542ea5742b3ca5a76,vlsida_openram
121,05884cf6a7ccaed474ed02c4308be20e030f0c2b,vlsida_openram
122,0589a35f7315fc075eaca38c0abd477703e70bf7,vlsida_openram
123,05ab018ffc31ce90a7fa04e801a4b2d2c0c63387,vlsida_openram
124,05ab45f39b8a39af2d4dbb1b62393a54b7e268b3,vlsida_openram
125,05ad4285af3f21de35023a6b34e244057a0b7a4f,vlsida_openram
126,05c25eb5060769fe71615cb652d98b8a97c5b4cc,vlsida_openram
127,05dc179e0b59bc498b5048e0f2ec53d171d4d41d,vlsida_openram
128,05ee7745c67ebb7ea01fcb587d6db173e74970d1,vlsida_openram
129,05f9e809b403a363812394bae22f08645e1fcfe2,vlsida_openram
130,06058e1b87cc9e45c9d856406aa04ee003c5c0ce,vlsida_openram
131,062156fbd3f7bb7103f44feba006a82cf21e147c,vlsida_openram
132,06232dee8f71a5c8f93392bff2932978762dce96,vlsida_openram
133,06254fae724387e376a633a6a05c6cf64331a422,vlsida_openram
134,064fe34edf55fbb1c358598652d26820d6b86d67,vlsida_openram
135,0658cc20e64a0757fc60e96c49f3be85eac1675b,vlsida_openram
136,066570bfeb6f5ce8bf22588c594867f74c90ba0b,vlsida_openram
137,0665d5124935673162abdf4428bd550e0e14223d,vlsida_openram
138,0667a93d5361e5135704c060ecedb1ac71c91b51,vlsida_openram
139,066e558b20df8131837abe743e68ab7d07c988bb,vlsida_openram
140,06805d1e7005f5d32d26e7f1b8f0bfc14eb4c2ea,vlsida_openram
141,06925932360435993d985838e069a6e3d1225686,vlsida_openram
142,06b8f3b2bef628f009467cc82e1ec331f7172c8a,vlsida_openram
143,06c132b69545753c562a6605484f3e0b3e9780dc,vlsida_openram
144,06c56c256ed84a5083dd39e98cbe654b6a00a3b7,vlsida_openram
145,06cd2620f54c713637a31c314d69fe9d08403b14,vlsida_openram
146,06d391b3e365127628434b98044035232615f4b0,vlsida_openram
147,06dc91039051fd207d010de19a1f0a54c29d192a,vlsida_openram
148,06e08f75f2b63fe920557011df009da4dc5d90e0,vlsida_openram
149,0701fceb0b390713467b1ebb904834c673002a19,vlsida_openram
150,071670bef08f2b2dbc1a0e81ce07d18bf1ac8c3a,vlsida_openram
151,072a65a5118c4077f7a87e297de34fed3f5751f7,vlsida_openram
152,072c8e3174afd0a3f3fd9831f04b9244917d3f8e,vlsida_openram
153,073bd47b316e3f9ff103071d76a465ff3e024f0d,vlsida_openram
154,07401fc6ea0bdd04281b0da8f702b03ee4a5d21d,vlsida_openram
155,07411892c12b031991d6ebdea63379395e6712fa,vlsida_openram
156,0744cbcc603f7177048f604b40e91fcc89918241,vlsida_openram
157,075bf0d841c2c8413fe114d732941baba5e1785c,vlsida_openram
158,0766db9e111682c7f0aa3487cd05171d625f7b4f,vlsida_openram
159,077f3f20ec7adc18416aa9d8729a6b601148d3c5,vlsida_openram
160,078042d0e0df9f7a9313fbd42518eddf9e238fe8,vlsida_openram
161,07d0f3af8e031f60cf0783deb7348764fbd35667,vlsida_openram
162,07ecf52b9f6cbae1e4c942376a924a2d111fe383,vlsida_openram
163,07ef43eaf809e24bd8f6d9f1d757ce1a97b3168c,vlsida_openram
164,07efb52ca92591fa4dd1a4dc25e4b10e1b314c1f,vlsida_openram
165,07f4d639eb09078109406132e8685e45f343598a,vlsida_openram
166,07f84cb69f7a13fc2b7aa7c66bacc3f179612773,vlsida_openram
167,07fa78e00c82cd76b271c27fcf1d98bbb45674bd,vlsida_openram
168,0804a1eceb1d9a5e8bbb92de9b41ad6243736a32,vlsida_openram
169,082decba18c35b05598ba31d557cd3cb9e73d3f3,vlsida_openram
170,082f575e2a8fca9c347990bc4161a5be437f2401,vlsida_openram
171,0837432d4538b75e74a522092a1d51ebc3667ff6,vlsida_openram
172,0861ea563200272ca96df568121494261ad25ab6,vlsida_openram
173,0880c393fda4fbfd2a9a4dc43f1eb7b945db5304,vlsida_openram
174,089331ced3ca8fc55e680c99af4dff090115fcef,vlsida_openram
175,08ac1c176a6aa5569a713dad88d0da58c772bf34,vlsida_openram
176,08c2e21724a657f0f380ac06326fae58818fe62b,vlsida_openram
177,08dad8121447b452387e29a236317543159fcf9e,vlsida_openram
178,08f6bd8d241bd6aaa591a134002d8c1cf307ae41,vlsida_openram
179,0908aa9e255470918837d78dcb70801bb3ac3647,vlsida_openram
180,091b4e4c621d6575de0a16421749ac78cea90217,vlsida_openram
181,091d0f8775591b8247287427d81a4b3f75789381,vlsida_openram
182,0920321a2e661c02a7acfec3b55aca296555dfbd,vlsida_openram
183,0926eab9f54f141785f4898864985ed36b16f8a1,vlsida_openram
184,0937f86761e727ae3ba6c3e0d6df8a84a760cf8a,vlsida_openram
185,0938e7ec9a96e4386154e0db51bf79da1934e7a3,vlsida_openram
186,0941ebc3da648ecf3779cdcab42ed04e0be684b5,vlsida_openram
187,094e71764ae5364833f05e247ac09e8da1885b68,vlsida_openram
188,095e0baddd0c917d081fbe8d0f8ec69c99f94ddf,vlsida_openram
189,096505af14ea094d83c3ee548822905425e33cb0,vlsida_openram
190,0970095415ede857fa5f8cd30f573dd089fbb7c5,vlsida_openram
191,098219d56c9bf8127ba45dc69739f7ebc494595c,vlsida_openram
192,099869d4c9292191858634105402a6481848794b,vlsida_openram
193,099bc4e2584c9b2238e67d560dda2e4443ab02a0,vlsida_openram
194,09a429aef729e3672cd774b09030e621a472b704,vlsida_openram
195,09aa395174513f750f66bb5bd4b855d78d91d15b,vlsida_openram
196,09ca8ba17d46b76be034f4468a213ee71523e395,vlsida_openram
197,09d6a63861b2b34776a889dae5fb4e1083e8fb2b,vlsida_openram
198,09f9c4cc20219b933ebab9565524d76785ffdb6f,vlsida_openram
199,0a02f635ad385cad76234d3ee7feaa307e50bdd1,vlsida_openram
200,0a16d83181e2c3e591523836f2ebc8da9c065ff0,vlsida_openram
201,0a1de57cae63c57a0161cb1542f79a671282b28b,vlsida_openram
202,0a26e40022410bfc67a6d7f44790dd885153273d,vlsida_openram
203,0a2fceded496c83838b9fd95b2899d15a1ae3976,vlsida_openram
204,0a3889a2a6350104e91ee3c01af98385047b005b,vlsida_openram
205,0a3c1dd9b888a3bfcdb80687facf706ece27adfc,vlsida_openram
206,0a4a36488b21137d41755f8d0540b747f625b8bd,vlsida_openram
207,0a5461201a530e04fd6cd504700ff74324903ece,vlsida_openram
208,0a87691176ddd61679535dac5d7a7c324192f86c,vlsida_openram
209,0a91bd01c8ef94fc50483d318524c7539f303ad6,vlsida_openram
210,0a9a946cd186960aca4e5f950aae593ae42e9c7d,vlsida_openram
211,0a9b326f6acc91fb5e91c4706815011700922f6f,vlsida_openram
212,0aa9c47f89353b7267c4b65b3a8797b51b9d6092,vlsida_openram
213,0aad61892b397dc0bdb1ddb84e49bb18c35ca807,vlsida_openram
214,0aba4ee48372aab2bfb154719bd1d4b641cdf190,vlsida_openram
215,0ac2922573acde8440255e7e05d243abf5db1404,vlsida_openram
216,0acbf4390825e077370b8613f438b64aef1b7d89,vlsida_openram
217,0ad619f04c104238ec3d25f255cfedec2ba2324d,vlsida_openram
218,0adcf8935f0775dd9d5936efe30e442be0e745b7,vlsida_openram
219,0adfe664296ccf8087689709c8d1291bb5bde62a,vlsida_openram
220,0ae194f17c78ea754ea775baf76cf086c37f48e4,vlsida_openram
221,0af4263edb8eae9eab2bece636b4f7813179d8f5,vlsida_openram
222,0b056dca54cb0b1203b16918ac549905625a3e56,vlsida_openram
223,0b094076dcf4888a53242b61ac0c2d9418d3b5ce,vlsida_openram
224,0b13225913fd854b8c13fa093fdf6ba4c1914d15,vlsida_openram
225,0b2196a3e4f8a71e39c13a8b1be76c80d521a275,vlsida_openram
226,0b3d2fe9de44466eabdb2d14d16ce151f25f88bc,vlsida_openram
227,0b4b5e713361277beb10cd69e51cab1d4e33afc6,vlsida_openram
228,0b5039cc899c102b64f9735cd4153bd14de2e038,vlsida_openram
229,0b6eddef435fb8511a4ec0890fddfb0af41de23c,vlsida_openram
230,0b739793885e6f411e40fdd4c364e211ccdd1f30,vlsida_openram
231,0b7b87e0e66e45886961b36edba2d08e58eacd96,vlsida_openram
232,0ba1ceff6a93492820124681a6bafbc093546834,vlsida_openram
233,0ba229afe5885840ea199136807db9bba765cb2c,vlsida_openram
234,0ba2feee53b36a477ff663cc99ae0eb4728d2534,vlsida_openram
235,0bae652be92feeda73d19b8649b2a2c467ad2e41,vlsida_openram
236,0bb41b8a5df2d48ecc8836aee43b86b367535611,vlsida_openram
237,0bb4a7f93dd181ae44dc684cf3755d8c80958fba,vlsida_openram
238,0bb4b48439da18942d0ac1bc16f97fbe6f54d5e1,vlsida_openram
239,0bb612d9e409228f01fc71ad51e0bf9945705e6a,vlsida_openram
240,0bd169708cf2c2eaffe22d5d7df81f7827c4d94a,vlsida_openram
241,0bec6f0439b02362a786e88969826b9b9f6b0240,vlsida_openram
242,0c045815d24fc1352cc1a463c1a1a4ba9ab5b02c,vlsida_openram
243,0c08d5da5f9c0fcfc42f14feaafeceb4a243d400,vlsida_openram
244,0c0a23e6ebd1cbb1c3011422b3c2b57f025e07ce,vlsida_openram
245,0c203c1c7ebefdc42f082a44f59b7fb8acc1758a,vlsida_openram
246,0c23efe49b6f0959d1988e5bc3114472103ef283,vlsida_openram
247,0c27942bb2ca643f0c413f36d96c8b620c32202c,vlsida_openram
248,0c280e062ab421ef929d29b680b13da3b7c0a28a,vlsida_openram
249,0c286d6c29e0ea5268ef0ca9c8347d0cd58102a7,vlsida_openram
250,0c2ed487d9dcc4abb7e7331b8d86476a83c5ca29,vlsida_openram
251,0c3baa51728fa7c742c701a7968bab5c2fbeb899,vlsida_openram
252,0c3c58011bfeb6759da679534766be50bc8286e8,vlsida_openram
253,0c3ee643ab5b64ed2cb64a8e7821757e69c8e7d5,vlsida_openram
254,0c5cd2ced9ec5054d7c3a23c983a5a587103f081,vlsida_openram
255,0c9f52e22f3b8a9d1107cf1ebce746ac2f17b28a,vlsida_openram
256,0ca14a366288ed2d3a1a96774a9a30ce066337f6,vlsida_openram
257,0ca94b3e288c44ff1c9c414320a822d1db56af74,vlsida_openram
258,0cabee060d8625c10357c474d5c0078b6d45fefa,vlsida_openram
259,0cb4459b4b4070a1e2361fbd74112c0e479d2147,vlsida_openram
260,0cb7c2b09043e14c8db1abeedec3e2dc7ee8253b,vlsida_openram
261,0cb86b8ba29a3b7b4889ceef8d2b3588891939eb,vlsida_openram
262,0cbc4a7acfdfc87adac049e2dc42844e6d4518b8,vlsida_openram
263,0cc077598efc0eb7457c7150b5a53dcee052d712,vlsida_openram
264,0ccb3487b6577c9af512dffe9bd6887bd2892ab1,vlsida_openram
265,0cdd3af1aa0c61db2ff750b035997ef59c640dad,vlsida_openram
266,0cdd3b99bfbf1a876f9619ccf545ace4d2138dd1,vlsida_openram
267,0ce2dd279108a500e43ec4f316ee51a88d699a32,vlsida_openram
268,0cf60a6a18488fe4492e802e3fb59b2dd4dd888e,vlsida_openram
269,0cfa0ac7557a223ce26a24040ff12a81687ba04f,vlsida_openram
270,0d359412410c5f2fd6c1fb33dd27a45a220fa2eb,vlsida_openram
271,0d427ff62c43dc5c58c409e0c7885c2976f50788,vlsida_openram
272,0d60c76e3bfd1d37849004af2d33e9a0d7793fdc,vlsida_openram
273,0d616ae072e6c42a0d8a006eebc681408502e956,vlsida_openram
274,0d6c84036d18ceb1484def9f6760d0cef9cb2571,vlsida_openram
275,0d6d707315916dab363dd903ee1d98d388568f9f,vlsida_openram
276,0d7170eb95ee092e6609d4f413d0df6daef8349c,vlsida_openram
277,0da8164ea6391693c8d40c70c9eb7aab865eb5fc,vlsida_openram
278,0daad338e47f1c0d2aec410f2edb4646f48aa7b6,vlsida_openram
279,0db0c5a3a914b03dfce7f011464d1c0d25a4f56c,vlsida_openram
280,0dbc88dab2fb3f0db9b6a421743bb989622c9eb3,vlsida_openram
281,0dd97e54ddeb17064df7f51f46caa620238a8e63,vlsida_openram
282,0dea153919e6c3ab5d5fb4b4da58be7ff847cefe,vlsida_openram
283,0e04b079c24a1f11529bf8a95eef1f942a827e3b,vlsida_openram
284,0e0516c4a620bfdf5d96a1935f599534d1df1f15,vlsida_openram
285,0e2409d836c4ffe7e6fdde43d977d508ba7afed1,vlsida_openram
286,0e35937da55be11b4144001bd195705a35a4e199,vlsida_openram
287,0e3fd80a0571b1900596ee59fcaa931299c77e9b,vlsida_openram
288,0e48e020c1764d89fe20168ec89ac57fed00a759,vlsida_openram
289,0e53cdd4e1462f4ca2ee7834f8feb62a21b8375a,vlsida_openram
290,0e641bf9054e55197cbd4988a5765cd7590bb1f7,vlsida_openram
291,0e6720be66a58fd241b84929ddefb6ba9f31ff92,vlsida_openram
292,0e7301fff8fd7cd6a3fec5a52a58d013ecb78bad,vlsida_openram
293,0e781dd2247b2440235f39ed9169cf0d42948ae7,vlsida_openram
294,0e96648211f11b81cc20a069b7d1c5c61f8ec63c,vlsida_openram
295,0ea5d0b6a7f0aca6144e508a689af6909d24170d,vlsida_openram
296,0ea6c689c04b1372cc83606257ba8bd4100eedf5,vlsida_openram
297,0ec16c2b6805f7567cc41e7577203591fad4e7a0,vlsida_openram
298,0ed81aa923fcd0e7b717616318c684fa8b9071d3,vlsida_openram
299,0ee6963198844a7cbb5905e3278b576f01b6564f,vlsida_openram
300,0ef06ec1e14c07948c54d5012d050988e1ce6f3f,vlsida_openram
301,0f03553689a41b9250991e19ff60be25e2494029,vlsida_openram
302,0f6998a1c5dca33abb6b0604b84709688d0ae6bf,vlsida_openram
303,0f721a3d40032a7d7d1affc94de8dcdd957d1ad6,vlsida_openram
304,0f87ba742f5cfd258d86db9d9da34689f3fb6af5,vlsida_openram
305,0f8da1510e31c4ab61a519f24692312c194f50e6,vlsida_openram
306,0f9e38881c5736e732df1c8ea83db0b0cd4beaa2,vlsida_openram
307,0faa14c0e3c747cc90828bb697023c36888c2802,vlsida_openram
308,0faa8e62491412f6557a9438520623b550a6d7ca,vlsida_openram
309,0fbfa924f7cca13a8a867fa6b471c94b40586497,vlsida_openram
310,0fe104af664b8587214a2ec66bffb77dbc9d8816,vlsida_openram
311,0fe1c05e511aaa3f5773106bf4563b02068aebab,vlsida_openram
312,0fe8b3be17d5beba3cdd6ac817b53ead4ba2b28f,vlsida_openram
313,0ff1d1a23dd849ab10cef4ada57f86c0ed943d86,vlsida_openram
314,0ff3b29b6687a13c592f296d80fe6ad09ae8929e,vlsida_openram
315,10085d85ab8965c4401ab1722a3a9f55e035cc49,vlsida_openram
316,101eb281126f6dd3fd1897ed0a4ebb3ac2f6372b,vlsida_openram
317,102758881a4abf349d314b8b2dbad14c6a7aef1a,vlsida_openram
318,102db4fecf2ada7a56bc5fc20fe3746d477a20e8,vlsida_openram
319,10542d6cc30f8a525baf9986f42cede60912757d,vlsida_openram
320,1062cbfd7f6f01d75d42f65116a0ef05cc527f1c,vlsida_openram
321,10753a0802671de9e7597911420fb6bc38917a9e,vlsida_openram
322,107752b1fbe920f4c894612f27713124808a860c,vlsida_openram
323,107cad15a166d9fdc21e3136edc0f596248d2d16,vlsida_openram
324,1085497476c4edf3799a05ae9c2456508bc40176,vlsida_openram
325,10988b68de4b836e5a340e8dc29cf835e70f40b3,vlsida_openram
326,10a8531813932be25cee887b38cb5198d2277aaf,vlsida_openram
327,10be2d08b5eac5e532e14366f5d143bb479337ba,vlsida_openram
328,10bec414e892c9d59026314cbcc03407e33b4fa8,vlsida_openram
329,10ced3312742b64c698b68373acc64a73624bcc4,vlsida_openram
330,10f561648f306b48706f75c4a3f5ae61b91e880d,vlsida_openram
331,111533f0b0c0f3bb95cc8961a4bcbe99ace4eae8,vlsida_openram
332,112d57d90afd7a16ca1d3093d9e6d92abfc82ca2,vlsida_openram
333,1130062343a28959745d1009e6fe838b33ef9e33,vlsida_openram
334,11384ef926c06a01995ebaad4f41be61fa647c55,vlsida_openram
335,1143dbec94cdffcae7449bcb96f10077a06a18b5,vlsida_openram
336,116f102ebfca940c32c9c73842b8cc1b13fb1e5f,vlsida_openram
337,1175f515c83eef5e7cfa3c181a7a11b24705c1cd,vlsida_openram
338,11760a999317fb7a56ab3b826424890a71a64463,vlsida_openram
339,1177df619382bb358a082aa4675bfa85b254d240,vlsida_openram
340,11873c03cd63275ad8334adb7e22cb199b2f8b4b,vlsida_openram
341,118b2b1215a8f7ae35b62c3d318c9d7dc470abff,vlsida_openram
342,1190eb76e89f54a146691305dae723fcc8dfb3d4,vlsida_openram
343,119bcb9197a51641580f947b225b3f54daa8c437,vlsida_openram
344,119bd94689dfac8ed7be26f917b4f4d077be055d,vlsida_openram
345,11a82b728357587fa82656f330151272650848a7,vlsida_openram
346,11bb04cc80ab4f3f42277e0bafc4c5ad0f04901e,vlsida_openram
347,11bb10554571a7ae9637a57df78a31a26371cce7,vlsida_openram
348,11c5a644eb2559d1c7f53544786fc267f449da29,vlsida_openram
349,11ea82e782ba8d338515f9c5870df7be6bd1e257,vlsida_openram
350,11f2b6b8096bb9908159e6ea50b57f0aff7a8614,vlsida_openram
351,11fa0777e855c20b43d1df3e18de73152199f67d,vlsida_openram
352,11ff8713c5dc076f86d25bb4bb85e4f692bc7cb6,vlsida_openram
353,120c4de5ade02c26875b1d571ca38b47e697fc85,vlsida_openram
354,123149503b80dec347e7ee08b350e739ec370b21,vlsida_openram
355,1236a0773aab29f3ed86b53f8ec3ea5191a18443,vlsida_openram
356,123cc371beabe50a21bdf4382ce332198cd20255,vlsida_openram
357,123e43e9422864b4ce6791e49d7fcd1cc9d70a27,vlsida_openram
358,1249dcc34d28de19938bd4c774b4558cd23c0559,vlsida_openram
359,125112b562471418f54555560397f1e020a8186b,vlsida_openram
360,1255a81487db1c2b7e3fd884a83dd87cfa6450f1,vlsida_openram
361,125bcafb3edd6ffba578ca529632b9ae51fec3ae,vlsida_openram
362,1268a7927b4058bcf798649be261fd4fa6ae43e3,vlsida_openram
363,1269bf6e16d7b3639c0a61d1e8a5f66771204749,vlsida_openram
364,126d4a8d10f2074f91bdb230f53e226844df717f,vlsida_openram
365,12723adb0cdf9f311054d5164d3086e02bf2f5eb,vlsida_openram
366,1274824793784ee368bf3bab1b6842a0a867e01b,vlsida_openram
367,1283cbc3be5419ed11ee45a9c6af92932213d2a9,vlsida_openram
368,128dfd58304868144ea8aff98ca4deb653eba16c,vlsida_openram
369,1297cb4e407aa3c4a3a898a63fac48974cd2affa,vlsida_openram
370,12999893328683e044afa5b78d41e9f3d6547cfb,vlsida_openram
371,12a6f1f2ee54f89b19c847087d0c5f334abd86d2,vlsida_openram
372,12a853124887c5d6bf362406dd50f629a3d7aa29,vlsida_openram
373,12c03ddd9fda4b2c44b04800eb37075509576a35,vlsida_openram
374,12c58b0457a74b4ee3e560f67ead74c278363f6b,vlsida_openram
375,12cb02a09f08f53386671527dadfdeed90110394,vlsida_openram
376,12fa36317e400880bb49814f88f3d8eef990eb7b,vlsida_openram
377,12fd60e8c3101b7ffb1b52674c695c94d73e8491,vlsida_openram
378,13008e1de442929e66200017b3640e17c53920ef,vlsida_openram
379,1315387663471e6ed0c441d155cd81d91f4d60c5,vlsida_openram
380,131ca42512ca7841e11cf0b77e209e481c718cac,vlsida_openram
381,131f4bda4a75b5b74169cb7d15cb767806741ed5,vlsida_openram
382,131ff8bcef881e124f01ec7726bac44da2d21b79,vlsida_openram
383,132c91d68f11197d343cb4e451b3327273603075,vlsida_openram
384,1330671e5aa83ff2762476e7ae893c777d3d0861,vlsida_openram
385,1333329dd497b13e70d8cb86ae31e37e832d2d38,vlsida_openram
386,13409083301834f77115e4abd3a417dff5009e4f,vlsida_openram
387,1344a8f7f1a7140a17798859773594d568b59bd2,vlsida_openram
388,13459cb6ddbaf56187017ab6a6de592361b6ce48,vlsida_openram
389,134bf573ecb8daabd58d812301e62c961c3acb85,vlsida_openram
390,134d7cde7a43e19253b0b817664c588ee5762d83,vlsida_openram
391,1356e5142d003e6ba24169c3a6d31dd87b3e71c2,vlsida_openram
392,136d4564a2c588fdf7b6001d85a773c7a557a3b7,vlsida_openram
393,1380cbc50c733ccffeb816111061974fbeb94c0a,vlsida_openram
394,138a70fc23931da0713f0ea47bff79b401b295df,vlsida_openram
395,138cbfac1558fc0d89b85f18d001a5665550aecb,vlsida_openram
396,13902538ff4f5fd6e5cee864e03b5a2ab5a2eec6,vlsida_openram
397,13adfc3724cdec40c1c2f32e75d98ce4f134a093,vlsida_openram
398,13b1d4613c41c771930fcde481978506039b32d5,vlsida_openram
399,13bdae2e3070095f2aad3055cf57d094e8fd61d6,vlsida_openram
400,13e2a9f5f7b77398163d4bba69004c83a7e6db2d,vlsida_openram
401,13e83e0f1aca410d5ce5da301fa00881b569350d,vlsida_openram
402,13f974fe7db8be2a9910a2665dfe1e3e2c0c5f65,vlsida_openram
403,13fd87d99e93ca6804fa89560301f1f5fb226a5c,vlsida_openram
404,1415d139a31cc32d612355f6ad1c85088c7bd64c,vlsida_openram
405,141a4e3380feb1e499cd0978cf72f2b162e9994c,vlsida_openram
406,141b42dc0eb9a256c3e49012a8f0396a14003806,vlsida_openram
407,142044df553818e11d06d41a3575490162eda3b8,vlsida_openram
408,1429b9ab1ac4e131964d802bfe31b652f8e3cc13,vlsida_openram
409,14385194950e201faa2561146342b6eda392615a,vlsida_openram
410,143e4ed7f955b4618e0534030a423431139826a5,vlsida_openram
411,146efc50700d893d551e4eef8b4cd5a2cff0d46c,vlsida_openram
412,147649e142d0a56548eb5b6cd8c67094336f5466,vlsida_openram
413,14782914b33330181e89d3cd150774d3786ed83b,vlsida_openram
414,148521c458daf7540af5a3bd3ca699ff8d0529e3,vlsida_openram
415,1488b31dcee3bdc55a6d1c9c976c92ea21817a66,vlsida_openram
416,148d80531eebf2136a693d1e4413f09a461d0cfd,vlsida_openram
417,149abe1dbd1510c53f1dfd4b9f4b6de09032b4a7,vlsida_openram
418,14b040720b3547b14900f0329758c3646fc62a0d,vlsida_openram
419,14c219d9f1b484af3e7819dc9760965ef20c0c28,vlsida_openram
420,14e087a5ebb6f6837f2803c368571da76a3a615c,vlsida_openram
421,14e8a26246d9ff0f70a94970ab527a26389255b5,vlsida_openram
422,14f440df7360f3b799b3ba1448fac9ccb580097e,vlsida_openram
423,14f8008c4f4c29e339abf34b7cb76f8ac4e5a60f,vlsida_openram
424,14fa33e21d97f5e03b5d9cb262f73e585841ae50,vlsida_openram
425,14ff20fc9e233a08033a3f61676181377c5956e3,vlsida_openram
426,150259e2bada95b53c554a5f712d9b42ca41e88c,vlsida_openram
427,15089ae4f1a2d8746e737c7cf8386eb1eae28abe,vlsida_openram
428,15209ae966d7e673515d3594c12174f6ca092ece,vlsida_openram
429,15342953262fe692af6e499299427ce28f856354,vlsida_openram
430,155abb991d3b1e2d60dcdc60b15e512b157c88dd,vlsida_openram
431,1564d6e02b466a815fac7cc66b26bd615e4fb054,vlsida_openram
432,156eb4f0f7bbe96998617a3ff5366220bc294b07,vlsida_openram
433,15747b47598aba9cd116ba9c09b9dc1c6152bffa,vlsida_openram
434,157926960b51631f6ff8d6a74862280fd2d3f93c,vlsida_openram
435,157935c91540d1ede9e86bf4363267a0537b9b36,vlsida_openram
436,159c04a25dab094af11c988a43b5bcabf41ceceb,vlsida_openram
437,159d0ed603e07201390efeaeeb9f1ade89bfc261,vlsida_openram
438,15b0583ff23ec53de2e7653c1e4ac04393e424a1,vlsida_openram
439,15b4e4dbe8785ca7d119a3c38aaa9da97541a719,vlsida_openram
440,15c5e57d77b2e20a5f2863b0fb59bc6ec218c4f6,vlsida_openram
441,15c8c200f3c2e3a0655d9ec11769818ba592c44d,vlsida_openram
442,15e57d89ca5859227f22fa9a389d4f054ff8f2d2,vlsida_openram
443,16063cc9a03b0dbc28b358bd7e66e8c389ed7d3e,vlsida_openram
444,1614dc140d00bfd32e338c666e1fb018244a4894,vlsida_openram
445,1615de05e4bcf910fa01608eff1c8810bcabe5fc,vlsida_openram
446,1617840ed3dd2a540eaba00d907d2492185e2d46,vlsida_openram
447,16238af5840a2f3f370e21ee31dc4cca18802ed1,vlsida_openram
448,1624d50ca9c82dabdc4b667c57aadc23910360c0,vlsida_openram
449,1633ae0265fc8ec26be32f87b4f3dc2949fd2d5e,vlsida_openram
450,16432016b618aeeb738e94db699f4a7b26b4465f,vlsida_openram
451,16490e9928bfa74affd01abd9c4be7f33672fc83,vlsida_openram
452,16512bc4ee5dbba72e98710d7668fec140d4b875,vlsida_openram
453,1659f66070446ac88cbd6603563e10be8a4362b2,vlsida_openram
454,167524be83a85048cc041a1338dbd5b28ac6f692,vlsida_openram
455,16904496acef2ee6d089b1f75ebdfa01f63b6598,vlsida_openram
456,169933f3ccc52b57dae7fea01434f825b789bc07,vlsida_openram
457,16a084fde1dac99998da3249480075b39129d934,vlsida_openram
458,16a734fbdfa77233bd7646bdb05d78abd901aec8,vlsida_openram
459,16d54e4fcbd90d72afd6541d3d8e425dc1dbec5c,vlsida_openram
460,16df8e0e43cc5c6af36e0c76bd0fb4a3fc9e5a02,vlsida_openram
461,16e658726e68183d4b25a898fab16e7486dbadfe,vlsida_openram
462,16ea09293c88758a93b8a2127dc5889cbe82c29e,vlsida_openram
463,1701eac1a9b9482dd1e8ee80844bef41c68172f3,vlsida_openram
464,170e3feb7dddb0512b02a1aef6caba94987944ec,vlsida_openram
465,172d07088049bd713c380cc1d787ee7cf961632a,vlsida_openram
466,173e47ae45bfe8462e66b721016cbcaedf9f36cf,vlsida_openram
467,1742927751de68ef52869a1fbeb10d9e84b622ea,vlsida_openram
468,17504a7da3e2f6cdd12c322fff3c54d23e4bbe9c,vlsida_openram
469,175e95dd86c2f1717092dcdf99b3e86d4ffc0056,vlsida_openram
470,17716191c11b1dc2dc2da3b2b7bdcee7c45583b3,vlsida_openram
471,17769f27c617d4aa1d1d94b0ba08ce855c415226,vlsida_openram
472,178d3df5f5964c1e0ce54750d5fcabd8eb92b612,vlsida_openram
473,178f1197ca72dcf428f80cd95ff00cc158696d45,vlsida_openram
474,1795dc56770ffb3bcdbb1d8679c3abd83351a619,vlsida_openram
475,179a27b0e3554a01bce2c63fd939621b6d08320d,vlsida_openram
476,179efe4d048d172ff6a16065bb875c949bce08b3,vlsida_openram
477,17d144b5b547ba2d8ca52bb07d3bef4c1762eb18,vlsida_openram
478,17d42d43b487cb74a306bacd39d89be601d8e4c8,vlsida_openram
479,17e6e5eb16de3f8e4715a7d0729075656b1f6935,vlsida_openram
480,17f87c50a7fa7ee02d6c4ea90aeb2dcc9024c5fd,vlsida_openram
481,181808c326dd12ede44d8adda1d1310127fbefcf,vlsida_openram
482,184643f35469798e957314c352781c6570eae1bb,vlsida_openram
483,184888b3709219c4b6efb143b8d9c2a7252edaa9,vlsida_openram
484,18573c0e42c4b48ff24716d230fb1c454b6304dc,vlsida_openram
485,1859bd1b5a927d87e196f1fa48145635a0bd07a8,vlsida_openram
486,18702f5f5e2ec76b15436a654ce1138f6e265153,vlsida_openram
487,18805423e32db50953673b31a5217192ce230499,vlsida_openram
488,1881d4394804ba97c68c33ff0d8db0369e7cc98d,vlsida_openram
489,1885794016ee7af954cac149eba9f442c062b478,vlsida_openram
490,1890385be1f115576b31277baf2104a194c8213c,vlsida_openram
491,189824429cb5d58ac87762560450a90ce3a7e721,vlsida_openram
492,18b19b8d9d9dbc6238b09a94432cc1ad32f97306,vlsida_openram
493,18c04892d1ee528ba38f9241c827caa50ad9f37d,vlsida_openram
494,18c8ad265eb9dcc3780287b29a6714ed13c01008,vlsida_openram
495,18cddb4b233d36408404e756804492452d538e82,vlsida_openram
496,18d2987805835a20ad3e7f072ccdddaa2467a17c,vlsida_openram
497,18d2d68e83099a30e3fe3a2b52bc4cc8da71c03d,vlsida_openram
498,18d874a96a994ad1c077d11801608016cdbe35e5,vlsida_openram
499,18df0f55ebd50d6b9e620b3e1c38a1fe90efbc30,vlsida_openram
500,18e748f3c0e0a744d79ebca2c893d345970870c8,vlsida_openram
501,18fbf30b46b5a237697682f03cc27445e56988df,vlsida_openram
502,190234df58048a67da6c5603218f1957a633d1e4,vlsida_openram
503,190c5a078ee258343a8c5a3ca04a486382df565a,vlsida_openram
504,19114fe47f2cf1af913e1a697b54ca6106b796cb,vlsida_openram
505,191b382171a58295340c3b56c20573c148f9617c,vlsida_openram
506,192c615a3865501160e08780ee360e6d3bb6d76a,vlsida_openram
507,193779cf6100654d34f2b7328b0c9ce4a8401832,vlsida_openram
508,1942ef33acb732cba26a8f8987041689d2ddd836,vlsida_openram
509,195fc9804f38eb183018d0abeb7605e3a2c88232,vlsida_openram
510,196710ec3eda8e039f65ee1ac631f6ab9a72c1ac,vlsida_openram
511,196e5998c8753f410bf31a01dc351231cdda4a99,vlsida_openram
512,198c0faf854a6d41932885b6b8572ed16533e5b2,vlsida_openram
513,19a09470d472480d61ca14a2d8fbb63bc8e8453f,vlsida_openram
514,19a957a57c967dcb2417ca85e46ca48a55eab0c5,vlsida_openram
515,19a986c35c29a3fe1c19a611bc02cbeb36d6f80a,vlsida_openram
516,19c0e1638b8d3a840b36a6a79d122b5ab9d23b03,vlsida_openram
517,19c53cd50cfd031f003650e871114380f0b36705,vlsida_openram
518,19ca0d6c2a830b7d076faafa92fbc86f9bb151d6,vlsida_openram
519,19d14e39ce1ef17049cff9f7d9c963752dc38319,vlsida_openram
520,19d46f5954deedf04268c203f43d4e2ea4a08f01,vlsida_openram
521,19d68f613e522d64ec2ca88f3e1ad8d880f8410e,vlsida_openram
522,19e7100f80b3c8ef840d7abccd05c02d13961f9d,vlsida_openram
523,19e99d1c7b29281b1a1f12bf73d9de4ef25c9752,vlsida_openram
524,19ea33d43ddb03e470a5cc3afc9e719eb8bb2cc7,vlsida_openram
525,19f4e30989f3291ba8150617db7a55bf643a14ec,vlsida_openram
526,1a0568f2440050dd3abc3dabb6d361aec6afa77b,vlsida_openram
527,1a0861539a39154961a723b05b76949525308019,vlsida_openram
528,1a1900fa140b37e3aa1f3430b8c366e0f3b838db,vlsida_openram
529,1a1b5a49b223afb9ec37995e564c467300c00ed0,vlsida_openram
530,1a214a7309edc20064192af3f46f0705a1eecf92,vlsida_openram
531,1a23d156c00d2948210ca25e9e77359aa9fcfc04,vlsida_openram
532,1a25fcf9a5af0234dd7afb3f4f6fa901ce118c34,vlsida_openram
533,1a2865b9b18dc557a418b4a8a173ac1e9ca8a7d2,vlsida_openram
534,1a2e0046b103007cf7d40a4b757424866033cddf,vlsida_openram
535,1a2efd77adea46f307c2121793b6f013ffa46690,vlsida_openram
536,1a340c9c85ab9c4d233548afa7de1af1053802d3,vlsida_openram
537,1a491f3cd0f81f1b678261e7c35c8089a6c4fc26,vlsida_openram
538,1a528f9739db719eded519d0afc682d2a3988fcc,vlsida_openram
539,1a54fd0d1c2d12554581f204d549585e4ce2a5b8,vlsida_openram
540,1a621cf41d36104d46f22036dc6e6eabf7d7aa31,vlsida_openram
541,1a6cb91608a4577ec33ec1104943349bc896bd4c,vlsida_openram
542,1a6fd32f77a45ad79e4c13c12ef362c4ae9498f1,vlsida_openram
543,1a72070f042ede8755387b874455aa7ed10a3d0f,vlsida_openram
544,1a7adcfdad3042eaa140c81bcaa8b4534a17adef,vlsida_openram
545,1a894a99dd0d8216c9dce56908eddfdddc665289,vlsida_openram
546,1a8c27c54943c3d9e3e0f07afb730a70de6654e7,vlsida_openram
547,1a97dfc63e29b52db7ebf579c1c1c2eefaea97c0,vlsida_openram
548,1aa403d7dbb73b931b3a14ff26936152ab82e25c,vlsida_openram
549,1acc10e9d5a395c384a12f9f7c103cafc83796eb,vlsida_openram
550,1acc6be3ce12f483c9467393c2f310d687ff84fb,vlsida_openram
551,1adada9e27085f521e34b0b5568d498207a696bc,vlsida_openram
552,1ae68637eeebb664bce3b304bda14a44890550d9,vlsida_openram
553,1ae94b30aa515335faaadea25564ebf03badb93a,vlsida_openram
554,1af5bb3758018487b80235a137a5bcb3b1728001,vlsida_openram
555,1afb0a1d86417b0c4a6dcd8b463525b1dac31056,vlsida_openram
556,1afd4341bdf2fc3945eb8ff670e69741322a8fc3,vlsida_openram
557,1b13d4369eb551bff9337f18a96f7ff4e6f61351,vlsida_openram
558,1b21d49ffdebe3119079dc84a2234cd551a8fdb5,vlsida_openram
559,1b2df3a5a1276c982ca95c57ba2bcaf21d43041e,vlsida_openram
560,1b30eb4b64bfa8770ef6d58b39a8c3252f49752e,vlsida_openram
561,1b31afd773306a31411ccedb2f95f3aa7d56b47b,vlsida_openram
562,1b4383b945dacbfaba487b8d8ce08cc6ea7b5e51,vlsida_openram
563,1b4be741df7d5ab1d5686ce148e026f3f7b83d73,vlsida_openram
564,1b53d12df2f29bab0fd50647fea930eb87bfd4d5,vlsida_openram
565,1b6634bb9742ebc3be700e93d1fe6d50033f2d21,vlsida_openram
566,1b711ed7d724c86c41e51f7a342533be3eaa8840,vlsida_openram
567,1b89533d7b23dedcb0b7a60e6a2b51a09028b7fa,vlsida_openram
568,1ba626fce12f9152c7e08832dd6ffa7e98705e94,vlsida_openram
569,1ba87c88f5b8688e694f21ee756fd80577d6cbf6,vlsida_openram
570,1bab3959462611990140023490e4745b99aee518,vlsida_openram
571,1bc0775810685ba142e89a917fb7ae7455303ece,vlsida_openram
572,1bcef7e3ee2385f930412dc615aeeed7442299c5,vlsida_openram
573,1bdd9f56d6a5c15c63d1400ca7860423a3854b3f,vlsida_openram
574,1bdf4dbe4f404eab7449491ab074018a96c51e24,vlsida_openram
575,1c274afa46fb5a99f6d7624b942caf88a418cbef,vlsida_openram
576,1c426aad296b0938fb77ec3c091f0c3480d3c46d,vlsida_openram
577,1c53c77418a3be0e1ed74f7c69af4771a880d8c5,vlsida_openram
578,1c65b90c709b8bedb95a2b416cfd4119a1812734,vlsida_openram
579,1c6d4eedd152c4dc7ea35a1cec5787bfa93aa43f,vlsida_openram
580,1c6de4591dc4e9078b22721aba58ee62087f4186,vlsida_openram
581,1c8aeaa68aeb0ebcb2066334ec861bf301b11473,vlsida_openram
582,1c99624b561ac7316907b82cb727c86e77587396,vlsida_openram
583,1c9b59e71c17395996fbd343b21d9c3a12806e07,vlsida_openram
584,1c9b5c7372f00463ff1d64088a17a8a768f102fe,vlsida_openram
585,1ca01540277f6412b269f438af4587ccb63f53fd,vlsida_openram
586,1caecf5a69d50dd1532cc96595ba4deee8722a66,vlsida_openram
587,1ce5823df83cfd633cb64921275502ba7c688cfe,vlsida_openram
588,1ce6b4d41af5c6b839f10207cdbab308a8efe80a,vlsida_openram
589,1d0741baa46634c07cdd157a7d74cda7ddc687d2,vlsida_openram
590,1d10f9c734f7c06e6ec37e512be38fa8174c223c,vlsida_openram
591,1d22d39667e4b9f7873c79c774c4454f243b1f24,vlsida_openram
592,1d5a41df2dfcc874dba4cb80dc943d1fb11ea5cd,vlsida_openram
593,1d5e5e3607b3f0af40de3b21d31c3dd4d439bbd5,vlsida_openram
594,1d657abebc82d5939d2c1be45e0c5704e5ca8c47,vlsida_openram
595,1d6bd7861225415da291a7166cce6bd31092717a,vlsida_openram
596,1d729e8f02643f50a3a84a8453d7a9aad23d5d9d,vlsida_openram
597,1d8f2a4ad6dea40bab54a49ff68d12b3934782d8,vlsida_openram
598,1d9274621a0e00114418ef274b806428b6bee19b,vlsida_openram
599,1d9296ceb1ab9b5a1d7472657691d66d20535228,vlsida_openram
600,1dae539e1d2c1fd7496c1a44e0432d2c1816d436,vlsida_openram
601,1db9881ce78f7b36b31b96f9644f1f4b3657e8b2,vlsida_openram
602,1dc7752429ae063f58d1ddc7db4b46192c539992,vlsida_openram
603,1de545fc8e48b56480661b18f48dbd93b5acdba7,vlsida_openram
604,1de6b9a0f6400ffd9326dff75da6bfac2708d479,vlsida_openram
605,1ded978256491b45e350e51ae25f4f3533ea8b84,vlsida_openram
606,1df16eceb60f2a50f78e18b5256cc3c318c9654a,vlsida_openram
607,1e08005639fcc04b4078e4a527cb0fff8bb685e4,vlsida_openram
608,1e1ec54275922b6c8f15f0dc5bbbe130500f91b7,vlsida_openram
609,1e2163c3a6319964604e7927e6f35b7307c8a532,vlsida_openram
610,1e24b780bb4b13e41a4b686606a624a18c781662,vlsida_openram
611,1e36e8e20ce6725dece3842976eb116f00ad677c,vlsida_openram
612,1e3734cb267447e9e62fba22a2103865ba88e6be,vlsida_openram
613,1e486cd34429724affb665942031f2f071c3dcbe,vlsida_openram
614,1e5924d1b7cfe04b115425e0530215ddf4284c17,vlsida_openram
615,1e7ae06b7e52df715a000132513e71c96e36287d,vlsida_openram
616,1e8743f5a5657729947b8039391ae0925d426ef6,vlsida_openram
617,1e87a0efd2f548b18f0632919f8f3202153e15ec,vlsida_openram
618,1eb8798bb6019d6f27b8eaae8c9c5587841130d3,vlsida_openram
619,1ed74cd571c4bd472c272a4d5e9163ddf144653b,vlsida_openram
620,1eda3aa131192297e964f663a717c2f15e4b1ee5,vlsida_openram
621,1f094b03bc3f2d962ebd06138cfbade446eac82c,vlsida_openram
622,1f1426b97c83f986cf961dd9f3c5ceee7c17c604,vlsida_openram
623,1f1f064036742e39b575fdd58c8b1878dba80020,vlsida_openram
624,1f35855c6dadb92c4055d0846a4bb41b0720a4e2,vlsida_openram
625,1f3bdd598a60f7e33823bb29ebec14b558434e17,vlsida_openram
626,1f53a82d5662e18701877e30deb0c0d7512145ac,vlsida_openram
627,1f5841b9337d6fef5a12af6ac41a3167936d9048,vlsida_openram
628,1f5a03ef0cf201f0c61d819b60590cb6110e94ad,vlsida_openram
629,1f5fe62456fd5d0828494dfa14c3c27cc49e7e0b,vlsida_openram
630,1f76afd294366a1b7661e4450c436f78c160c2fe,vlsida_openram
631,1f816e2823b56c0c3f406d4f7424e7fb6311b236,vlsida_openram
632,1f81b24e96241dd7349843f79b8eae83cc68ba30,vlsida_openram
633,1fc404060774223b282d953da1e9877a54c73111,vlsida_openram
634,1fcb20f8461e73c66a6cbb85d2f2e0c4afef1617,vlsida_openram
635,1fdb0ba5fcf44131ed3a2ad64d4d73d690d4ec5d,vlsida_openram
636,1fe767343e35a46f7dac5f39617fc83c963ab93d,vlsida_openram
637,2011974e010908f4dd8f7162993577ca5aeb2dd1,vlsida_openram
638,20324ab3c4ceca04f379e66d27178e92bc9b9474,vlsida_openram
639,2051f54f70d978a9ce85f3f338292db5baf23776,vlsida_openram
640,2053a1ca4d8ffc2d8a7543782a9010c29cc4b780,vlsida_openram
641,206b02a7ee555eae3b53bee799c4e383d8e5a574,vlsida_openram
642,20744cdbcd2e579453a74d3a1a2e2ed36b32bb63,vlsida_openram
643,2075d244cb36a966fd99ae94236ba720f6e5c89e,vlsida_openram
644,207c9ee727629be54d22a2eaf2b54853ad4c21db,vlsida_openram
645,208586a8e8811e711d81f9dc3054e26951eda6c7,vlsida_openram
646,208c6526534e4abfd69b0e1ca147f4d90440965b,vlsida_openram
647,20a65fe7b211670aa015b254aa6e192574300f78,vlsida_openram
648,20b869f8e166c20ec36bfe7a9b4845965d0efb38,vlsida_openram
649,20be7caf982c7348a780561d1edb2a34e22853bf,vlsida_openram
650,20c45f52a69c893d6861af4d3caf7353178acf98,vlsida_openram
651,20ca8e3b22615a4bc3a7dd8e2881952eff0cdc44,vlsida_openram
652,20d0df29470f831f939146c240e51b0b02e4e89c,vlsida_openram
653,20d4e390f6ac35859dd2eac76c791d799b8ccfec,vlsida_openram
654,20d8c0bc45416a2391d46aeb4a481d2241c28de4,vlsida_openram
655,20d9c30a648a0ada327819426500be9905a8391b,vlsida_openram
656,20dfb81359932036767e0d59391810a45fd4cf29,vlsida_openram
657,20e454925a8d5f7679302d89f6bdd6146b13e5b0,vlsida_openram
658,2101067e4a5e8c1eb444743ac7d011cd5f6cf8bd,vlsida_openram
659,2101d89646c1ebd07f57d92ef3ab48e0f5073098,vlsida_openram
660,214f55f8d71ac14cfc8d382192e49cf658d39cca,vlsida_openram
661,21663439ccc17456f566b7c8b5702241e22bd646,vlsida_openram
662,21759d59b4f2a57f84ed835098734eeafbd0de0b,vlsida_openram
663,217b0981a24ab9411276083722eadbf5b77121c7,vlsida_openram
664,21868e1b60cd8cd1f468f45ef7c6132e54f70563,vlsida_openram
665,21868f9de7357c0ff70189cd701cf56dd5e825ee,vlsida_openram
666,218a553ac5a385165152e51fabdaadf4cfd1bc2e,vlsida_openram
667,21967fccde3bc1d1c14757ec644dad1096cc6b8f,vlsida_openram
668,219b29a8334a50ca9a9d239e3656c5eb2bc60a8b,vlsida_openram
669,21ad39fd9c8bdbf3c4c602381d50df0fd2106cce,vlsida_openram
670,21bc5b7d057b4b8557814062cf073850fb37f867,vlsida_openram
671,21c77645d3e5b342b738243ed5507c96a675610a,vlsida_openram
672,21d111acfef582a6d52f6b3a62879b7c1ac32f36,vlsida_openram
673,21e85297d3f67371b7fef9abf95e823e6b335492,vlsida_openram
674,21f5444f81ac936ac8a12ba8604b5d2d67d6605b,vlsida_openram
675,21f5fb0870538e82986202ce2c2d64b4a725368a,vlsida_openram
676,21fec02dc77f675291602af2c27b08d5f7f46053,vlsida_openram
677,222b07ad7ae11bd37a41333fa7661c540d18f807,vlsida_openram
678,222bbf57ff080bb05a6bfa2a9f9d9b7afd66b932,vlsida_openram
679,2236ca40df830eb6fb7d0427ceb78ea8d63f64ec,vlsida_openram
680,2237af04632847b15847b918e9fa6e9110a1efa1,vlsida_openram
681,22437615007097d2c198b0d61c64c404bfe35631,vlsida_openram
682,2245ecffa029381af268e4829bbc4cfe02dc9c2e,vlsida_openram
683,224e35920859cfa8eaeddd92dc66f3617049a41f,vlsida_openram
684,22517b7921f9742fbd9aaf23a695846aded68a5e,vlsida_openram
685,225265f1dd222dd38b4a7008f920f263a6b5f0e8,vlsida_openram
686,225fc69420164c6754c1b5aa1eaea204efe62388,vlsida_openram
687,2271946eefa6f6acadc30205d7181ad1a875f2a4,vlsida_openram
688,229a3b5b3d0375f075a9aaf7b48fa4bf1206d0e7,vlsida_openram
689,229b0059c4035b3a6c0e5a7e6d59e8ce3531222f,vlsida_openram
690,22b5010734bb0e0b01820f559cf973c4b80a43b8,vlsida_openram
691,22c01d7f27e4691036b9e65e2d6e1c6d30787de3,vlsida_openram
692,22c821f5d868865910d4bffb82f8e23a0bf01373,vlsida_openram
693,22d40364ec854bed4fa8bce0dc18ec4badad0f85,vlsida_openram
694,22deab959cc5a5d9a71c566dd7ec0496d63315d9,vlsida_openram
695,22ed725a35446fe3f10d9509d1f11d6d85f56cf9,vlsida_openram
696,230454d567647e7d2952926d68d1e0ed81cf6b21,vlsida_openram
697,231dca5b51f8850b505fd37479add67a37f3ce17,vlsida_openram
698,231f90f4923510f7691d537a12a10ddc11af14e2,vlsida_openram
699,23232fd3762c8f5a0c6ada4fe4fcbbedb1a8382c,vlsida_openram
700,232f754c73ae6acd0f8b35d38a8e1ec6ef7972ea,vlsida_openram
701,23368c0fcfa9fad84dd4a9c2d2f6aca0366e93b5,vlsida_openram
702,233a1425e4baf6111b5fbea16363ea0927b360af,vlsida_openram
703,233acc3fcccedd7c1d26119768c725c368f9bd0b,vlsida_openram
704,233ec010fffecd2f1fe45d4f9bee3f0ec4dbe00a,vlsida_openram
705,23501c7b352a32b9f87b77d7eda43d92a5c1bc51,vlsida_openram
706,2350be8e3975becf81c96496db7e8b18c0c40766,vlsida_openram
707,23611f8fac6564e7bef3175e755f12fb3f6e8825,vlsida_openram
708,23676c0f374eeada21d2f55135ddc6bbeb4ea662,vlsida_openram
709,23718b952fd71bb0cdd9af59981da8be39bf58ab,vlsida_openram
710,2388ddbfb02db6471b2a59ed32efe346516e96c6,vlsida_openram
711,239b3ea007c55123bcd6a1107b604c0d129cae0c,vlsida_openram
712,23aa69ec4012ce48933374e0a4c826cb0024c13a,vlsida_openram
713,23b5655cabadc15fcfbcb730209f80a0434dba63,vlsida_openram
714,23f06bfa9a7d6afe0599e399eecc8596674e74d3,vlsida_openram
715,23fe8ccffaadc161da0c806f731b8a3253d24ef9,vlsida_openram
716,240c416100657359bf0cad4bddb71ca674691cc8,vlsida_openram
717,240dc784af7ce4daece083ea0aa9abff9be11d9d,vlsida_openram
718,2413304f4ed40ca06025cdbd2f3b5ecf17c5a5fa,vlsida_openram
719,24161a1df29d612df4de707c4cbfef16892e3bd8,vlsida_openram
720,242771f710f5200ef9938692fbc2986b6d7c836c,vlsida_openram
721,242a1a68e04685aefe47bdfac5c83cef20fef289,vlsida_openram
722,242a63accba79707646e3a19394cdb339d5898e9,vlsida_openram
723,242d90f543b53d7529053731581bb390492112cb,vlsida_openram
724,243097cb33a089ac4816e6cafdf9053536537f4a,vlsida_openram
725,244604fb0d2840182fac53c5706b23df2f5672f3,vlsida_openram
726,24546461addeebe03963be5a238ff775cb7531db,vlsida_openram
727,2468f224d99af6d06bbe75bd2fe6903480de4091,vlsida_openram
728,247a388ab5f82c140a032fabd4ad9751699062c2,vlsida_openram
729,248decd004e3bb0ba80632fb528a3653bba2b49f,vlsida_openram
730,2498ff07eab5e4b8e6cd31e8d99eb2736d24f29e,vlsida_openram
731,249b5355ba8ed083e011c000c3f3fb3ed6f8b01f,vlsida_openram
732,249d1b9c1d8323571acfd6f67974c75f1a8d0a7e,vlsida_openram
733,24b1fa38a0466606771f876b5acb70562486b5ac,vlsida_openram
734,24b45ca2d4c18dffe6153925baa463c5b7602d9e,vlsida_openram
735,24bb6f8c11924147e938aa8c1ac7a9b19efd8134,vlsida_openram
736,24bfaa3b76e889ea94bab17012c111d45ddc70a1,vlsida_openram
737,24cfed9fa8adb5773cf9ba367cbb33fdf239a2b4,vlsida_openram
738,24e0e326d412d54ac03d40ed6909a7e73046b133,vlsida_openram
739,24e42d7cbe79570b0e962e704fd879aaa42f0aa2,vlsida_openram
740,24ee594e74c93b3f67c73df68822a589879b87ef,vlsida_openram
741,2520d9f59097641bf2c7359687bc95718ed4993f,vlsida_openram
742,252ae1effa96a1275dc34fcb6382ed3be5e5ac63,vlsida_openram
743,2534a32e20cb4a933d9f3424a83dd55ffd062f74,vlsida_openram
744,25495f3d9492115d4d7b6d199b5e292c401036f2,vlsida_openram
745,254e584e35d51f5327effa5241ff4132d86cd9fa,vlsida_openram
746,255343944785328804bbcf6b42d5ddda5f5854af,vlsida_openram
747,25544c3974f41762a7f593470c511ceb91859b09,vlsida_openram
748,25611fcbc1852bfd08f5a2f3332f170f8a83d675,vlsida_openram
749,2565305158eeb409628f519eff0d89ad3a129cee,vlsida_openram
750,2573b5f48bb6e8ae2687ddeacdce69313a16b3c5,vlsida_openram
751,2573d4e7d06a0471a876f3b131da06ba03df0d24,vlsida_openram
752,257ba70a0308e9c4ffebf18c0993d8effffba17d,vlsida_openram
753,257cd62d25b08994d446f4235be5a40364f297eb,vlsida_openram
754,25ae3a5eae67fd3ea3b5d01d4f15ea72d8a710ae,vlsida_openram
755,25b0da404f6408ec435c9bdd86a348c2f04793bd,vlsida_openram
756,25b8224c8c8ae33d3016c93fe628c16a495f7907,vlsida_openram
757,25bc1781325743ae8e5ebf06a1c128d6575cebd3,vlsida_openram
758,25bc3a66edc671098fa5a2a8de3f10fe575abedc,vlsida_openram
759,25c034f85de57ee9aabec5be1bfe1b7a81813b10,vlsida_openram
760,25cc08db80f0da15862440245c380e7ace4f122d,vlsida_openram
761,25cf57ede50c5f6f4442d907cc1d94e43cb80d1b,vlsida_openram
762,25fa0a8de3651ac2bb095b6c599781990976afb1,vlsida_openram
763,26068fd2e119706daacc56b7fe79cb3965cdbce7,vlsida_openram
764,2611468dd7580b157c241fa6a4fa8ddbba084fa7,vlsida_openram
765,26146b6838881f0d5a42dddba9399bc0489607ff,vlsida_openram
766,261d31312ad101d89d757ee07036a544467f912a,vlsida_openram
767,262782cba09b1c3167239d5876c83e1c3253262a,vlsida_openram
768,2641841e4c2619d7bffa2d4e018cd5ac93209569,vlsida_openram
769,2643a96f9759f588bad32c8bbe2c0b1a0aa69325,vlsida_openram
770,264d55b16ced7b0d60002bf8f92136b029f8799f,vlsida_openram
771,265b5d977a0acd6ec8703f465e3c695944518776,vlsida_openram
772,2661a427260ab00be56d446eb10759519069fc26,vlsida_openram
773,26629c025aef05159ae07a0d78736b8a6fb75f1e,vlsida_openram
774,266bcd9cf225def90ebd48c80c0ee57a8aa449a7,vlsida_openram
775,266d68c3955046d811bb84c5a0cd1e3bd787c250,vlsida_openram
776,26814f92ef3063299d657b039a4d58d377df63ab,vlsida_openram
777,2694ee1a4c22febb077cd1e83b1c49194247ddd4,vlsida_openram
778,269b698b0a7f789276b43f2e649b6fae1b186f0f,vlsida_openram
779,269d553857871de3ca324808504302b1f8db421c,vlsida_openram
780,26a082f44d1b1ad1337ed656160ef67682e68baa,vlsida_openram
781,26b01e37c6514100eb8f0e68641b301295a8e289,vlsida_openram
782,26c62325644b7de3bcf2c9ec754699bed7335446,vlsida_openram
783,26eed77de0d86a017257426f651f65b6aebf8904,vlsida_openram
784,2709f61317255a8edd30d58c91ba7ffdde02fd5d,vlsida_openram
785,271109344243f0358643b6e46a389862e9e2aa3e,vlsida_openram
786,27166c75f08cf633d4fe039668bc823677e2e584,vlsida_openram
787,272267358f16eac7ffc689718814251a32f6306f,vlsida_openram
788,2733c3bf3fe2acd23b6d89f9a8e7ca2c27b8e326,vlsida_openram
789,27427d4192c7e6dfd266a01f425053657a9f80c1,vlsida_openram
790,275891084b744b8d8b34b40ab2b350945c48c236,vlsida_openram
791,2760beae341a736ac26ecd30b2308f3357c71836,vlsida_openram
792,278c40f4b76cc8cae4dd9d4743a2468508e90918,vlsida_openram
793,27968008983aaf0ddf7469f9e32cc8fa7e1a19ae,vlsida_openram
794,2799c106bd45306f9c363bd8f447151fb7072818,vlsida_openram
795,279fe4d103070924e40cbcc63e543fd6fd49cf05,vlsida_openram
796,27a652ac1b65b74dc9c91e1ebdce2b04c3cf0521,vlsida_openram
797,27ab4111464fd1b6986367fb6df21be5b533ad4a,vlsida_openram
798,27b4d2edb1499eca6fe090095f7e9f471fd24bd1,vlsida_openram
799,27bb1d2ee7a55c0457deed7039f25bb35e1ef158,vlsida_openram
800,27c197026ff67d00caca4f15d97b36b237872c67,vlsida_openram
801,27c6a13923bb5b484aa8aca2b907588c2e202ef0,vlsida_openram
802,27d05e9b36a5453b6cddb3b5a03c73abd29f17d7,vlsida_openram
803,27d921d2db130ff8de90cf8e5366562279681079,vlsida_openram
804,27dbb95c19e99d5e826b8e3d0e517a356e52e65a,vlsida_openram
805,27ec6173152c784a68ca9cb275f10beccc4d91e6,vlsida_openram
806,27eced1fbe0729c764117379c992cae405d14ada,vlsida_openram
807,280488b3ad373888ace5859c6808fcb9411145e5,vlsida_openram
808,280582d4d624db85500a6f1604de404c0f77317f,vlsida_openram
809,280f12e9d632fec31e3d89c50b3a1ae6bcb34b43,vlsida_openram
810,28128157c08f1670def9e7384665acaaec3ef703,vlsida_openram
811,2824315f79fe79e76ade41cfbebfe217104b169a,vlsida_openram
812,282f944b2f06709870e6a4b8f6fcf03fe95957a2,vlsida_openram
813,283183ae9f4ba264df77b6001b9ca95ccdb712a7,vlsida_openram
814,2833b706c7adaeec0e7602ebd989ea7c3fb93b92,vlsida_openram
815,28354bffe0ac1d1092c9b92983fc8e81b30426bd,vlsida_openram
816,2850b9efb5d333920700d41a1a40197c4423425c,vlsida_openram
817,286ac635d68bd8d59378c33d3231a31a227dc3bb,vlsida_openram
818,287a31f59800a1607fc000936de87b27fa121c58,vlsida_openram
819,288f6cbb9f39c5211193a63100b1572af4ce3d52,vlsida_openram
820,289d3b3988f0a47a11390cebb4753333c5d32714,vlsida_openram
821,289f48c3f3331ab966709fecf95e112392c11e23,vlsida_openram
822,28bd93bf51c84a4ffac4696bea492551ad8002c0,vlsida_openram
823,28c5406075d91d6554d2190c83099a5dbcf9361c,vlsida_openram
824,28c61694ed8a83306f9932bea0261cba4644bd66,vlsida_openram
825,28c99dae4a2be86e269c924a2884c3fc2321cb5f,vlsida_openram
826,28ea93bd0a15251c3bc08c53664a670ed3cea179,vlsida_openram
827,28fe49d0691def8f0086031617e50816feaa2e52,vlsida_openram
828,29079bd6ac9698479094d629da5ca7a3948f3845,vlsida_openram
829,2936038c903f41c5a6ea415eede90ef61ced1edc,vlsida_openram
830,2948b08e6604e0bbf198014df99e2b70b5cc251a,vlsida_openram
831,294ccf602e8bf681bc6a8264d6566a3234dcc415,vlsida_openram
832,2954f13294a77cb154a971276c4cbac133c05673,vlsida_openram
833,297ea8106080298d84fb4cf38f1bde8c688d60ed,vlsida_openram
834,29880a0b5aa55dc1efc2e5adb90a8b562872f690,vlsida_openram
835,2991534d3f2de86e6986cec02daa22523172de7b,vlsida_openram
836,299512eba29daefeafcc636838055a9542f86617,vlsida_openram
837,299a9432e6e7c4fd92838474ed55cf6863387f91,vlsida_openram
838,299cffd3930919289fb24d8b411e90a02fea3dfc,vlsida_openram
839,29aa6002e66fa9f8c27b4a47d83ad140704d4d91,vlsida_openram
840,29ac541b28787a826a90c485a13f5c58d98a77f7,vlsida_openram
841,29c3d46be68fac2410ecc46cfce02bb09e0b8542,vlsida_openram
842,29c5ab48f0a82972337f4b17ee90695ff1f8f825,vlsida_openram
843,29c79abaf8888f3b67f7c8cf5366616aebddd02e,vlsida_openram
844,29da8a5209d5997d93b8282a94cb93aa2f261000,vlsida_openram
845,29ebc701c6acdf2a2f95e0814bda59bb1696f96c,vlsida_openram
846,29f19ad70f58ffd1c118d548bda63d7660c75ec5,vlsida_openram
847,29f4ee492b9542898b4d5f6d645d40703c32bfcb,vlsida_openram
848,2a17856c694aa05a32367fd41367731e20925ddf,vlsida_openram
849,2a27fbc98e866954da847e59b13361ca1d3de14b,vlsida_openram
850,2a68b5721552e536fcdcbe524e27dc69841c141c,vlsida_openram
851,2a6b709a41c6101e8d9f26a144c2157a36f0a5ec,vlsida_openram
852,2a778dca828f3a28952556cdd30af23bbd3b0ed0,vlsida_openram
853,2a8199c3ca565a8501668c2a72ae468a39e1d232,vlsida_openram
854,2a86f9015bf6ffde55ee34661f5ca73b1161751e,vlsida_openram
855,2a9129ef45bd916385289ef8f023cb93d70f6bd8,vlsida_openram
856,2a912dab7a3debf2cc4666430e11b68057003dbd,vlsida_openram
857,2a9b5db6d47c11e4205479e56c431978f7f327a0,vlsida_openram
858,2a9dde5401f7c3b3dca02f6b2f249813d103d4b8,vlsida_openram
859,2abe859df1ca8ba54c7fa0a0e668a727d23cea97,vlsida_openram
860,2ac04efe2e466e0653dfadbf4520fc5a6d2c4239,vlsida_openram
861,2ad38d1110dcfabcc3473ced0be1c06629e8292b,vlsida_openram
862,2ad52205c53627362532b47af220a6e31026136b,vlsida_openram
863,2adab1ea1a33ca55ccf2f8167bdb8a454f5ff065,vlsida_openram
864,2ae1e0234db5ec74ac8b26926cb1b5b154a8af77,vlsida_openram
865,2af72db5dca87adad9d05839b7634e5387e77930,vlsida_openram
866,2b07db33c8c13905df2e848ab202d2a6b517dcb7,vlsida_openram
867,2b0f8bf2637a9a4c8623d5e6f95a0e9c9f7c7a11,vlsida_openram
868,2b130de1984c16049fd65405f3dbf696c5818fd3,vlsida_openram
869,2b15289daf76fbc8a5bef21965243ce8e63eeb27,vlsida_openram
870,2b1d0bd9f7593b406ae53baa3bc8b1c750cbab21,vlsida_openram
871,2b29e505e062434e88432f285d1e9d0e3421d7f5,vlsida_openram
872,2b3b4bbee6551ef58938d92137bcd55d50d08417,vlsida_openram
873,2b475670f749277e4d29cdbb2b7467e0cdab30de,vlsida_openram
874,2b5013fd69741eae1bbef7d74ef606b154cf0e59,vlsida_openram
875,2b7025335cfa62f4f28f5996a4ec018c36a15a96,vlsida_openram
876,2b72fbee4e3ececeebc28630983bc591bb798296,vlsida_openram
877,2b79646b8f674565013e517fdd03b506793c4a5d,vlsida_openram
878,2b7d89d2c155a2ffd7918c93309bd38dcf50912b,vlsida_openram
879,2b839d34a3e22e31e8222d008816f34fe367e812,vlsida_openram
880,2b8e601932bd5c6ff38c8f067037a3c5f35c22a3,vlsida_openram
881,2b9df2ff1f1b2e7e88ba13c0b61334d6640268ec,vlsida_openram
882,2b9e70d318bdc6a2f69c7043512cf890c665a790,vlsida_openram
883,2ba49fd96f329e6690a0e60934d1df12dec1ca1a,vlsida_openram
884,2bbd293bf24f3e278af1a0f2e3cc971dcc72438b,vlsida_openram
885,2bd498c39cf1a412845bd8f93d9989770e3d62e8,vlsida_openram
886,2bfc94fcdd6f78a97348add91369829b51b40ca3,vlsida_openram
887,2c01daae8d848637ecea83ff50c10324a45084d8,vlsida_openram
888,2c12ef2161d3f404c56bc0c191d279db21073414,vlsida_openram
889,2c203530ad56ac2697c95a57a37450ac168f6a09,vlsida_openram
890,2c43d315db02b63306d27dbcf98430a9caf8c44a,vlsida_openram
891,2c610036b2ee00d10286353c2e758e3778ed56b5,vlsida_openram
892,2c6d3223ea6d5e8c1dcec60409f4e907ab651810,vlsida_openram
893,2c76a2680fb79f5285826990ef83a2bba15674c9,vlsida_openram
894,2c7aa5d0dae1720faa1cd2e8c1e6c9d0bfee5f32,vlsida_openram
895,2c8a52f32dc0075f6bc0bcc0cde0dd5d979e4171,vlsida_openram
896,2c9f755a73b6d9827069f6792773e1aebd7ab7f6,vlsida_openram
897,2ccf3aea3b9f48121d98f992a466a0197bfddb22,vlsida_openram
898,2cd1322071da2dc464fd7b52bb5611fdb0a80a2a,vlsida_openram
899,2cd3d28add0dc6c33d1ca0324b6f019f38738844,vlsida_openram
900,2ce7323838df9f9b0f8e8c414acf420a1746d49a,vlsida_openram
901,2ce802612b668a0196dc59e31393a5c721f22f45,vlsida_openram
902,2ced895b32d4750ee5c1268885d5d01e8ef421c0,vlsida_openram
903,2d0533a7d5befaded2d84d3f5109c3834fe9c122,vlsida_openram
904,2d2620d21a64f2b48e8a4ee9d5833bee7da12453,vlsida_openram
905,2d3acb03a1b8e6e98f6c063a09d05688848266cb,vlsida_openram
906,2d5199961dc57f9a3d0262c95dd806dd408d0506,vlsida_openram
907,2d539a1b9588f0c6abe3bdc3a8a531fdd53030c2,vlsida_openram
908,2d849aef39feb6fddb6a034bfee4d1e0fd970819,vlsida_openram
909,2d86492d91fe3583598a3669aa98df276501cccc,vlsida_openram
910,2d87dcda46c529c6f2a4bb087f569de4229b6dc9,vlsida_openram
911,2d8d90952e8cf54fe2034adceaa3e2a52ca9436a,vlsida_openram
912,2d8fbc7cbbf6094747739b3d41c0285ce88f1f03,vlsida_openram
913,2da90c4b6a8634d2f78058fc4909539768148411,vlsida_openram
914,2da9c307dbdad87bfb29d61b5e2e6c600c3250d1,vlsida_openram
915,2dbe928c090fac2578300596731e362e67afe8c1,vlsida_openram
916,2def767caaa186d70c425b207476a3d61b531f74,vlsida_openram
917,2df9b79b2888280150623e43b5eb4a20e9ff5e9c,vlsida_openram
918,2e23fffaddaaf9f304da35fc66c6772b836ed6cd,vlsida_openram
919,2e322be7f7db96e7dc997f186227f3bca730b660,vlsida_openram
920,2e353639f7dc7377a1d8ac8f4d562d6027646341,vlsida_openram
921,2e3e95efdacb3f1c4b7c884591c57a87f640fdb1,vlsida_openram
922,2e55385cd6e18a7d46f2f508f7aad3ed8b6db369,vlsida_openram
923,2e5ae70391831070d85851e99551856db4e459b8,vlsida_openram
924,2e5d60ae87c02dd5ae9cfa671fb8f9220dcd4e41,vlsida_openram
925,2e67d44cd7e09acf733acc40fc2f599757d9089c,vlsida_openram
926,2e7206343eed18f6dc17f0db005c539b2cd680d1,vlsida_openram
927,2e72da0e53982b74279d5e4a6639c744ccaf9083,vlsida_openram
928,2e7d2483ebab5a72f728dd66b2fa8872562e5072,vlsida_openram
929,2e7f9395f2e3022b5cd086ddf461888b9f8dbf04,vlsida_openram
930,2e846cb22f63319bee4a7c31576ef78f72cdcab0,vlsida_openram
931,2e86da4cd13257aa7cd21c3d011cab973e9e1e17,vlsida_openram
932,2eb98083d08ff653e425a585f8ffe4bea04526f7,vlsida_openram
933,2eb9f5c6bc24b811d19dce7df02da9d77638cd38,vlsida_openram
934,2ed107f9ffe52f78b654bf1360ed9ade4c0f90c7,vlsida_openram
935,2ed34160172e77bd4c5a660508158f0e484fafa6,vlsida_openram
936,2ed8fc1506902106095d16624cf8f63044ca1370,vlsida_openram
937,2eedc703d1cc045eab2ffc0a92ffea68eb012339,vlsida_openram
938,2efc0a3983491d4fa31f8cb2893de7eab09493b5,vlsida_openram
939,2eff166527c5c98fe40afbb2ad1e72d640c9a3cc,vlsida_openram
940,2f03c594c52783454039479fd964190450059891,vlsida_openram
941,2f12c77668b9b51acbb02f1a3bc6333ee8db0841,vlsida_openram
942,2f1d7b879fd99f5b34bb55f84279585649c9a428,vlsida_openram
943,2f29ad55108bf6adcec11b3c085034e1bbd4e855,vlsida_openram
944,2f352c905f7ef522b657d15848cccd1d8d8213c9,vlsida_openram
945,2f353187ba3a87ef465c65b82ba81174201f8c5e,vlsida_openram
946,2f4f8ca912fa16654dcf3bb137e4bd820519f8bb,vlsida_openram
947,2f55911604dcf99c596470a14591de295e5e0b1c,vlsida_openram
948,2f5d3b6faf95f23bbba9d39f8e8a2ce62e00d6c7,vlsida_openram
949,2f6300c7a0dd6e3ad1a68e1140666e05c5e9cd20,vlsida_openram
950,2f795f8068bed59970f3a2264627eba145f9b137,vlsida_openram
951,2f994b8c0adf6fe3fc0063d47c04a15a066a5f16,vlsida_openram
952,2fa561f98f5aee68ba26f611da370439c4e979d8,vlsida_openram
953,2fb08af6846c59e989f295f0c7c55fbed82da029,vlsida_openram
954,2fcecb7227e7de15fe78a3c9f3ab292062b9ae0c,vlsida_openram
955,2fd86958a8b542e4ebd8702efb68b4e2f5eeac81,vlsida_openram
956,2fe5774d67d3934885fdf41fafe17d19ec268ecc,vlsida_openram
957,2feebf4f84c1ca394c7593403ac671a908afdaf9,vlsida_openram
958,2ff058f5d563a1a8a1fcbda30fe4b1a3e64871bc,vlsida_openram
959,2ff7833e3b42571b7616768921471703942a8fed,vlsida_openram
960,2ff9ea4f78ec218f0832a18048eb55db7399bb7f,vlsida_openram
961,2ffdfb18a473b2749168ca64f5593d1bcf1971d6,vlsida_openram
962,300522a1a80c6346bf11e0d9185a3f387fe861e6,vlsida_openram
963,301f0326198bfb8bfb7bc25c39e21ae37ab2105e,vlsida_openram
964,3048c61c2008396f4295fd4b87352033389968ac,vlsida_openram
965,304971ff6086982d14a638439dd5407ba3da56ab,vlsida_openram
966,305b546ad53edc695876459b985fe113ad3a4da8,vlsida_openram
967,30604fb093dc752479d03124031ad8ef2874833e,vlsida_openram
968,3062aba214a44a834c80a55a80056ecd2dd78659,vlsida_openram
969,306740f0f3cd21e4615e7732f58246e1fc38d307,vlsida_openram
970,306c0b92c3a098f391d3b2b064bb428c558a5ac8,vlsida_openram
971,306da8a89507f3201915cd7498b7d3f00b7ec404,vlsida_openram
972,3074349c3890172e2f01859b544dae75d8ad607f,vlsida_openram
973,3074cf3b86c150189541416558997029cb2261d4,vlsida_openram
974,3097599a7698c3a6fadb946c2c4b157f50489b5a,vlsida_openram
975,30976df48f2f3346831f7b71c8d98f42977a144d,vlsida_openram
976,309bfaea2a10566f6a53e00132f0c7392cf031c1,vlsida_openram
977,30a77f8527fa72da8e721ebbe67b5b193895d0ae,vlsida_openram
978,30b9c2fc25ce54bfb5af79ac4c0ac8453aeae221,vlsida_openram
979,30bffdf1b4cd6731a99659a89b5a0f03bea963b8,vlsida_openram
980,30c74accafc62a3ddb3c509dddfd4a869441d07b,vlsida_openram
981,30e085ccc23fe3e2d0d0bd654b1d50247ac72fc9,vlsida_openram
982,30f5638b9fae0b52161438c5b29d0fb0754df404,vlsida_openram
983,30fc81a1f02ad66cb5f551cbf8bb2cc31f388a05,vlsida_openram
984,3101643964a7b4b92fa689b33ac73bcb7c0e40d0,vlsida_openram
985,3113798b13dac5470534fde5aaebbb038dce195f,vlsida_openram
986,311ab97bfc6513554a59915e22f686e2678ec580,vlsida_openram
987,31263252fec2118a2341a58c374db268f9f80e79,vlsida_openram
988,31364e508ee99bd84ae4a8166feb6d1a86e1c584,vlsida_openram
989,313e06d2af025f353a481eb64a3bf25d9274d805,vlsida_openram
990,3147b99ce00640cd9ac1c4aec872f304ee37456e,vlsida_openram
991,316132a33c31b262391edae81f20be769307f394,vlsida_openram
992,316f75861b44a942e054f9849298ffc228faffc1,vlsida_openram
993,317662d4aa8bbbe3ccd892a3cd869f5f114d1881,vlsida_openram
994,3176ae9d50272185cfdc03e102f6b4e8ef73b5aa,vlsida_openram
995,317f2d1293ab4ebdc78ed0621ff46773f905663f,vlsida_openram
996,31825d9d77e049b56182ad0eeae50537047195c3,vlsida_openram
997,3184e1d0e4ecb5a53d97061aa9dacdc717992afa,vlsida_openram
998,31ad1963f67499a30d3235c67059d1fbd8f7ec14,vlsida_openram
999,31ae56ff39a9b4e39cdb5585dec9fd8b44f2e639,vlsida_openram
1000,31bf5364ee5ba68e7e7a5cc7575b48d3cf7dffa7,vlsida_openram
1001,31c192c2e931f6a87e1c3c44558c4e661a30d657,vlsida_openram
1002,31d21e169fdb00d370d233b49aba4c297896ebc3,vlsida_openram
1003,31d2d7145b7714e3d1624aba50e9c2cce715adf7,vlsida_openram
1004,31d3e6cb26022e4cab05413daae63a55af2aa55c,vlsida_openram
1005,31de5ab87ed041b6c524d8cc6055b714ed45b2f5,vlsida_openram
1006,31eff6f24e38d7c3c18ffb2f4b9f7fe50b3b5f0b,vlsida_openram
1007,3202e1eb099930345c81e7e70cdd60d371769062,vlsida_openram
1008,32099646cf6a9d6a698a664f56177f70ac819f72,vlsida_openram
1009,320b0223f8073a719a754eaaced8aced6a52eabc,vlsida_openram
1010,3221b4ec5724c50419784723bb0e0588118e3503,vlsida_openram
1011,3221d3e74411c4eb16c2260d5cf6b0dc2e2ad90c,vlsida_openram
1012,3227f1bb52cf51bf0e9a2b7ede9ed42a69f430ce,vlsida_openram
1013,322af0ec09d607e5e43d18e8a2de1e6fc8222772,vlsida_openram
1014,322f354878a8eb2589284dd0e066f5cfbc78542c,vlsida_openram
1015,32317ce3a55c9c00dfd80ecec9c607c7364c81df,vlsida_openram
1016,3244e01ca1d516ede1c944040a4c1c9c87682ac8,vlsida_openram
1017,32576fb62c9ac7a69518f7fe1714eeb1de42d912,vlsida_openram
1018,3260468477841f5ac8084d8cdbfc058ef9ca8225,vlsida_openram
1019,3271c5e73c1aceee5a45f22abfccec04add288ff,vlsida_openram
1020,3295a813d6690af16a26ce6541a3db96ad7d22b0,vlsida_openram
1021,32ad436153df32e9a04a96a46fff3b60e1827d4e,vlsida_openram
1022,32bd91aafd728084b908a90c3da58308ab7d21ac,vlsida_openram
1023,32c7e90662d8c047a0984405f2e609f1cb3128b0,vlsida_openram
1024,32d190b8b1fe9f6e3a4fdd5174fda78e79af17dd,vlsida_openram
1025,32f1cde897532e790358074f21000c50548c2337,vlsida_openram
1026,3315fe32bacb1c24b71553fefc12f0d368f4c097,vlsida_openram
1027,331a4f4606a7de3c0d1554e85ed9832e8a6eef67,vlsida_openram
1028,331e6f8dd58b1719f8194f807f80c34a7552e6d4,vlsida_openram
1029,3327fa58c02802935ccb09356c03ed908b6a30db,vlsida_openram
1030,332976dd73ca2c7d2509f2bf526a67ae19c5a351,vlsida_openram
1031,3348fc0a16e5c07fbb9cebfb8bdf9782dcc73212,vlsida_openram
1032,334aa53cee3d229680ac4154c25effbcf219e06d,vlsida_openram
1033,3364f47e565b25a33ec360377f9bbb82fbf01da4,vlsida_openram
1034,3379f46da1d336a379697aa9cd8c0571eda3c3a1,vlsida_openram
1035,33a32101c9831465ed0e98cd7251acc77ead348a,vlsida_openram
1036,33a76834736d1b7130a42b25607e695df5d80474,vlsida_openram
1037,33b04bbca54d5c4dbe0813a44b4c14e8e6090046,vlsida_openram
1038,33b46b450de49a6c0626c87edb9913b087fb1a23,vlsida_openram
1039,33bb98894f251ec668409e387ba70080ecd24fca,vlsida_openram
1040,33bbe3fd680cff2895b2cb07889941fd2c4534a8,vlsida_openram
1041,33bc9a597c12e9ae26d8e57dda620eae089e9e9c,vlsida_openram
1042,33c17ac41c847c3bc5a48467583e86b8d71ee255,vlsida_openram
1043,33c716eda8f72ee5f3acd5db3b9e21b6aeede044,vlsida_openram
1044,33e8bce79d080bcf49855908ecaee6053697f6a7,vlsida_openram
1045,33f1b924a4bef749b7e4fa79aa115f103a8e32ad,vlsida_openram
1046,3407163cf134dab8cd5a7a87ac17031e79c0c66a,vlsida_openram
1047,341a3ee68d7d95738878740f3f0e080d41030edc,vlsida_openram
1048,341bde7a48f38488e54f38359c26af69b1e73b70,vlsida_openram
1049,34209dac3d6aa9680e1311ed34cac7cbb44199a3,vlsida_openram
1050,3420b1002c37ba79d7a878256fd0d79b5f7a8cbe,vlsida_openram
1051,3421055ec408e30d9e8afe2fcc02b45c1eda15e0,vlsida_openram
1052,34294443d4af3578cba406fd75c017cae0645851,vlsida_openram
1053,342de4e3841d4d692cce5dfee5dad3148713dd2f,vlsida_openram
1054,343a60944471ca11209dc6757a201ec53eb0a9b6,vlsida_openram
1055,3466162152e8ae167cde7fcb14673e94918d48a7,vlsida_openram
1056,346b1883722c2898ec8bb2aee025c2be4ad01e2a,vlsida_openram
1057,34736b7b3f6f07d47fcb065338b649cb4a94ad4d,vlsida_openram
1058,347a68074c54a5feee2d03cf62ca5be9f7d538c7,vlsida_openram
1059,347f1f97fd5a83eb8e5faa81d6d0258f16df0a48,vlsida_openram
1060,348001b1c8efad1ac5c1cddda21c9dd27943e66a,vlsida_openram
1061,34939ebd707246692b212ce7f2e1bf90391820d7,vlsida_openram
1062,3496ac8f5a290639054961508202d069ba7dc7c4,vlsida_openram
1063,34aac5a6b1b433bcb2b6499cabdd01301255eb5f,vlsida_openram
1064,34c9b3a0a552edc4d7bd9c9ef3031a5bfe351b1c,vlsida_openram
1065,34d28a19e66f1a34da7cddaff1688382dbf1f37b,vlsida_openram
1066,34d8a19871ed830c5e1e214fcddf3e1c746451a2,vlsida_openram
1067,34dd46c918a8effbd8dff525016c9726c0d51cd0,vlsida_openram
1068,34e180b901becc520811e3690a676e90aee52a0e,vlsida_openram
1069,34ee709c692adff96d10d101a69cd21e47110e0d,vlsida_openram
1070,34f28554add59f6511bcfa9e0d2137ce67662963,vlsida_openram
1071,3502bec23142d7157216dda50f9549471f5a05e7,vlsida_openram
1072,350823d434c6800253d6f906dea47b60608d0db6,vlsida_openram
1073,35110a4453dd7b9f03959c326f3a6141c229b12e,vlsida_openram
1074,35137d1c6718c539741b6adbab33fc222f41a8ba,vlsida_openram
1075,3526a57864e17dd3565b4a086492b228298d168c,vlsida_openram
1076,3539887ee484479a0ef54abae202400d6fde560a,vlsida_openram
1077,353ff7859c0835d7acb7cc9d0b5830986f4c8b36,vlsida_openram
1078,355474ce2c1b2cf23f9e81431e2457d94a836cd3,vlsida_openram
1079,3567a3e9139e2180102e9446fbe7e23b0cab7407,vlsida_openram
1080,357f967a93e46c373eb1aa7b876c80e5d389ef50,vlsida_openram
1081,3587f90e945c5e966ae25d863fd6c78c6162d224,vlsida_openram
1082,35a1b00aa0b35bc568aa96dcc261641779f238f0,vlsida_openram
1083,35a6b1d2ee6d0674dd9f44d99bbe7b9d29fed767,vlsida_openram
1084,35a8dd2eec50757fd25e5c2ad3eb203af35faece,vlsida_openram
1085,35ae4a275ec95182b127e1aaedf21116e33f129f,vlsida_openram
1086,35c162acbdd6919e01b6aa3c53c47e3339b6c6e9,vlsida_openram
1087,35c1f2d8a547d774c7b3eaef6c3c08fb73fb8bef,vlsida_openram
1088,35c91168f7ee0e98cd40b00144f3f010eea0ffce,vlsida_openram
1089,35ce838c8adbeb351bc15592b01fa9da15686eb9,vlsida_openram
1090,35e0ba6fc429448d859e3709439771a42d43e19b,vlsida_openram
1091,35e1a523cceee5d6bc50d70065e30b424a384869,vlsida_openram
1092,35e65fc6f294c473cb277750b845db1af790356b,vlsida_openram
1093,35eac54c0d7c3f93944808da62ff624771387417,vlsida_openram
1094,35f795d44d3477445edb45a481574bd9f34d26c6,vlsida_openram
1095,35fcb3f6316e1d780de07d688831c286e5796f7d,vlsida_openram
1096,3620d56790a7153f20a509a6e804af518cde763b,vlsida_openram
1097,36214792ebfcb178b971a7e65869470260194b57,vlsida_openram
1098,3647acda9eb47c3ac0d1abe5f28f185c8be15406,vlsida_openram
1099,3648401e674f5e0a894f20110b6a8132f1474026,vlsida_openram
1100,364842569a0dec098bdb51bd64dedfa630d6317e,vlsida_openram
1101,367d4168ad9f9ca9b8ccfc0f621cdd16accb97fe,vlsida_openram
1102,368ab718d68453e029711f44935ee323b6efd452,vlsida_openram
1103,369aa85cd2787037eacfeccfda9668d7be1d41db,vlsida_openram
1104,36ac2225012382b61a7c0d06a1b16535a8b5d49f,vlsida_openram
1105,36b1bc1284aa21b5e3b0886162b47f22b3c49c96,vlsida_openram
1106,36bbf81624bbf9cd5c31d70c58b702e02eb393ad,vlsida_openram
1107,36bfd2932a484fc21a47f173c1df53316e48f37a,vlsida_openram
1108,36cb675150f795c98ca9d42827d97891e635ff69,vlsida_openram
1109,36d8d98b177d89b3e0874112f355cd85f8369ee2,vlsida_openram
1110,36e23dc80fd5492119cb9ed60be43f720022f3e4,vlsida_openram
1111,36e3a08fcc176df893ccfeec130c1e0d20e75fbb,vlsida_openram
1112,37116ce9d83c368f487412af3284a64ddbb98afb,vlsida_openram
1113,3716030a23ab071030ef919522cbd7d47ea89bd0,vlsida_openram
1114,371a57339f4e5b7dff0fa86ed45e14adea59635b,vlsida_openram
1115,372a8a728efb4f0a5cf4af636446626305193a16,vlsida_openram
1116,374562f3546232940a4390a057df37d84bfc2292,vlsida_openram
1117,374e7a31eb654c5b516d5b15f49443f5531e3924,vlsida_openram
1118,378993ca22848d4e1327206915bebef6b354b237,vlsida_openram
1119,37b7de465338f8d1df96105e8750ec7e7d3bd2e3,vlsida_openram
1120,37b81c0af172de3a59797c6bc460f7afc01beebc,vlsida_openram
1121,37c10a219833de2e6a9238a525d9fa829697d7f7,vlsida_openram
1122,37c15937e21d3290f00f7f9c02c69ab63b33aba2,vlsida_openram
1123,37dee02161b611d4f58a4d7bca52bb6fd746f77a,vlsida_openram
1124,37e5c7dbfd72ab79274a75ad8897644b8cb9c4a4,vlsida_openram
1125,37edd7cac6b24ec4086ad1c130ef9b9447eee04a,vlsida_openram
1126,37fcf3bf37e923fee94f6f075eb9cd9e131353a5,vlsida_openram
1127,37fffb2ed2320e4908fd88272f2e9fe509d3dc0a,vlsida_openram
1128,3802c537e51164c15895752eda4b8de426c6d678,vlsida_openram
1129,3805db072a648cea2511cd1329b49330efa32c6c,vlsida_openram
1130,38110a55e1e434a80aa80ef54006c0719b5d28fa,vlsida_openram
1131,3820861ce8433e83a8b2882278c30d90ea664e10,vlsida_openram
1132,38213d998fcdb5d973ba5d7447fed7704dd203e4,vlsida_openram
1133,3829213afebf9e9eda72ea6cc66fe5febc7c4897,vlsida_openram
1134,382c91f342a1ff366a9d6e72b069cf50c35a1a03,vlsida_openram
1135,38322dae4e5ddf97d54d97b81cb446e256eeea96,vlsida_openram
1136,38494458e38966b2f34d2c4eb409a272195b7064,vlsida_openram
1137,384e169b5b5ae63540957edace24e517a7ebc0da,vlsida_openram
1138,38524a5e42c9ce16241ebd4eac8b662ac3a2a24a,vlsida_openram
1139,38648027d0e4cc4cabb45877aaf36e3f3ccc289d,vlsida_openram
1140,3864e45aec4cfc3fa9be153b9505f3c6a4b171a3,vlsida_openram
1141,3873f72a589e0784ad4eae58573e87811835e327,vlsida_openram
1142,388794b1e0ba5a03dd78ab03edec5f3c1230a75c,vlsida_openram
1143,389bb91af4e55755bf3d6fa6524df5a876ae937e,vlsida_openram
1144,38a035a7da71231da5e1e668577b885a75bc47ff,vlsida_openram
1145,38a1f35ff0114c52a6a58756d2e45a4265fedff3,vlsida_openram
1146,38a8c46034cd5b7052c98f4b9e6626228f9943c5,vlsida_openram
1147,38ba5fc10dfad151499ced5a0916b81bef3954ae,vlsida_openram
1148,38bf12771bb4f0d03d80ce1a30690f2f16cb2595,vlsida_openram
1149,38dab77bfcf3d12a9b9164e7b68563b93e44dde4,vlsida_openram
1150,38f5e8b865e41577959f9eb243d63a466f6cc4f1,vlsida_openram
1151,3902cee003d44d2bdeb4950378993a9e9eebc0e4,vlsida_openram
1152,39104fa9d83c39709c6c994285d452f47b6629aa,vlsida_openram
1153,3927c62e3269f9fa4a0860fdf0a259bc3a14477b,vlsida_openram
1154,392afd4d4b0bca548ab1dce679dbf5614b0eb4ee,vlsida_openram
1155,392dbc7c56995b52460b04e6dc5c5a474e49836c,vlsida_openram
1156,393a9ca0d83110870701135b3d07f96a2541eb85,vlsida_openram
1157,3950a9feffe90c2850767e5919a4013cfd662a89,vlsida_openram
1158,3959cf73d1f1bd67c358034a456aff39e8d37997,vlsida_openram
1159,396a41733ced13bdc8cf4dedf752ae5a962a3761,vlsida_openram
1160,3971835f242058eb204c4dd68cfe9c05e927a407,vlsida_openram
1161,39a66fcb875ae2d1b49036228842be830ed6c531,vlsida_openram
1162,39ae1270d7adbad35dbf9c4f522c10e9df540a66,vlsida_openram
1163,39bcdc8a584b4fad1eb41c9cbf617c0fe5af34e4,vlsida_openram
1164,39ed7615be76f5f0a044e9b357666e51ff5583ff,vlsida_openram
1165,39f1199b63fa830bcb4f5e0ef81c3a0a6dd5f694,vlsida_openram
1166,3a06141030c2f247d8184cef1db3955d16fbf01f,vlsida_openram
1167,3a0939c40299a1a65a78b4147a8c91979d571de7,vlsida_openram
1168,3a3da9e0d7106f95f4c103b9cf0eb90f28bd5247,vlsida_openram
1169,3a3ecb27d2ec2d3556aa6aba3f4aec555f1b87fc,vlsida_openram
1170,3a692e28469ef130f8c58440422ac8faf4275d74,vlsida_openram
1171,3a8e29ce776b29d65322f10416d0c8e4d34e9b41,vlsida_openram
1172,3ab0b569cb55b076770491e04e994bb3d4b3b039,vlsida_openram
1173,3ab99d7f9c3225672fa48af66477ef8ca985cdb4,vlsida_openram
1174,3abebe406836308367421b789c926b849b5db883,vlsida_openram
1175,3ac2d29940c3bc6f87e1e74fb839177070689ca7,vlsida_openram
1176,3ad7c8a8b530e87b2ae75def4b9a4faa214f8f91,vlsida_openram
1177,3ada5347ebdcdb5101417ea6a560f2a66cde8ef0,vlsida_openram
1178,3af1bbba269535a1052867b87022d8f699627442,vlsida_openram
1179,3b02a8846d0499819e2c0917f6ebcf6c2ec7e99d,vlsida_openram
1180,3b0533c9c7fb5185e48f0bac30082169ac208d6a,vlsida_openram
1181,3b0997e7cf95752acfcc0d275feac56b371e5563,vlsida_openram
1182,3b1fe26d252ded614cd61a9efa4ec4e50c8fde62,vlsida_openram
1183,3b43cefdc596a86b7bf18294d346138653608664,vlsida_openram
1184,3b662026d22af05aac792c923a1968ff0724f29d,vlsida_openram
1185,3b69cafde7f97691561e1bf4f2140978687fd90d,vlsida_openram
1186,3b6b93e2cafa90e9e0b4a2c784add6ba7717e8df,vlsida_openram
1187,3b6cc2f3a8bd712e6f7d80a64929d4da4239acab,vlsida_openram
1188,3ba90c035f3b9ab3309088eca12e8c2edbd67b4b,vlsida_openram
1189,3bb8aa7e559d508121db7b8b0ab348117fd7b0f0,vlsida_openram
1190,3bbb60450412c59d5cb8bdb95fc093847749615c,vlsida_openram
1191,3bc6f1db5e4a1f696293acdc22dcfed9c059c264,vlsida_openram
1192,3bcb79d9d5bf6a32d2ea703785eef74681f2ddb5,vlsida_openram
1193,3bd69d2759822ef935d973e494316fb7ce7a1fd7,vlsida_openram
1194,3bde83bdbe1b69b5ffbb8c7cd0b1723bd87561ed,vlsida_openram
1195,3be37482693c962731107177086d5288070d6be3,vlsida_openram
1196,3be59fb762f1aada76ed9f08d955b38f1639b68e,vlsida_openram
1197,3becf92e7c87e8460bafc0aa13090e18d7989ece,vlsida_openram
1198,3bf6ee1a91ed4298dee9572e398ef19eee6e4ec7,vlsida_openram
1199,3c0707e5d1aacc5fdecff702cb8f13f868272f1d,vlsida_openram
1200,3c08dfcca5e2c3b3b28811de1c24e03c7dd43848,vlsida_openram
1201,3c115f0ecb9c22b65f03a92edfa9f1a97724c7ce,vlsida_openram
1202,3c2e8754e02e5d61bd3b9a7fc658e67650874e16,vlsida_openram
1203,3c3456596a4ed89076dfc2d6eebdf17d67efbc1d,vlsida_openram
1204,3c44ce2df65bd8be4719af18550d968debce6704,vlsida_openram
1205,3c4d5593088f24e5985b7a5b9270044d7c13d8ed,vlsida_openram
1206,3c5dc70ede01c2328c3cd6b44b185ec26092247b,vlsida_openram
1207,3c5e13f95c925a204cabf052525c3de07638168f,vlsida_openram
1208,3c5ecb963d5c3895b705d318ed7bf0602406e1ef,vlsida_openram
1209,3c7f35d2958782303248075f1057da8987147c14,vlsida_openram
1210,3c7fd924f77414c4954d2ade2aa302c2337d57d4,vlsida_openram
1211,3c86f94549577b08dd2f08ba8fd7aa3e65527341,vlsida_openram
1212,3c9821991be652f581ba6c192d417c867a181161,vlsida_openram
1213,3cd3a6341915d8cb0ee5351c77a855526e3a5a6f,vlsida_openram
1214,3cfe74cefbd4a5f5fcc3efed54a92e3d10f1fe02,vlsida_openram
1215,3cfefa784f36d26256b8e8a40cecc5a6001a5f5c,vlsida_openram
1216,3d0f29ff3a079c33b556a5219e2c9fdb1b815bcd,vlsida_openram
1217,3d2abc08730bf0c6b7a3c8c8bd3ebd64abd12c52,vlsida_openram
1218,3d2b192682d4ed68a7e156111020c3442c7b4bde,vlsida_openram
1219,3d3a8202fe1d574abf7a3c255f83c4d7dfcadf41,vlsida_openram
1220,3d3dc6204b773430f888b840c315219f2b9a1e12,vlsida_openram
1221,3d3f54aa86dc6b0bb1b14e9956a9ffb5a54aa4a1,vlsida_openram
1222,3d4a40b338f2cc196cb48f780e15b776db5b3e4c,vlsida_openram
1223,3d4e4c9cebd5a3da5e55f479c2756491852ce208,vlsida_openram
1224,3d5c73709b5fc02352b1968995b2fdb2cdd5079b,vlsida_openram
1225,3d7bed0641b1c0828c384f72eb1f5d116ead7ed8,vlsida_openram
1226,3d82718f5a6609666c0627bfd39f597b324c74e7,vlsida_openram
1227,3d8aeaa732ef6be9651f645d33164bccb15e3116,vlsida_openram
1228,3d9203a7ea56de377dcf3bc11ad6b647d2fba100,vlsida_openram
1229,3d98f09019c02f72684a839e2a567c495ee56ef8,vlsida_openram
1230,3dac89d041b08dfad9acc9cf3cefe49c685828c3,vlsida_openram
1231,3dc7b602f5d9ffaf2b8d2b97f629813af04056c3,vlsida_openram
1232,3dd5bd56753f15b516e89128c45211c25ce690ae,vlsida_openram
1233,3dd65b1a01f3b004c1b07e1a3c2863b011b7ff89,vlsida_openram
1234,3dd72cdeac260bffdc82099f6805c170123c43f2,vlsida_openram
1235,3de81c8a678270f9aa4eb820daf382b70d52d31e,vlsida_openram
1236,3deeaf7164703a92915c30413c18873153986da4,vlsida_openram
1237,3def8959605bb18d1773cf05ae0623914f403c9b,vlsida_openram
1238,3df8abd38c653c31bb4e2b847c84b46bddd8eb80,vlsida_openram
1239,3dfc039f6f287e3e014dca80abcac25c73d40829,vlsida_openram
1240,3e02a0e7dff2f2b06fc0703e48b7299d31ec3796,vlsida_openram
1241,3e0a49e58d69eb8f7826bd30b129022145b07eff,vlsida_openram
1242,3e0f39cd8e4ed4520641c39fbd28dfe00371c565,vlsida_openram
1243,3e2b6e42d4e8e7bc74f176733467d1ce0bdcffcb,vlsida_openram
1244,3e2d4d631ddd55b8551abba4f169d29c421477d3,vlsida_openram
1245,3e3265c416991d3020c296788b34a93b9e453846,vlsida_openram
1246,3e41664db6f6c955013221c1683db0b1017d2145,vlsida_openram
1247,3e48991acb9e0e75c5e7143b6bbbb8a7890badc9,vlsida_openram
1248,3e4ef36efeb0bcdd70c4835fb7fd142e56c7ce43,vlsida_openram
1249,3e528a3e75d54d492c446310b14b891ae3b1d471,vlsida_openram
1250,3e9cce04002744bbe0118f3f499d9d1b88ef7383,vlsida_openram
1251,3ea003c367e64d5c85aec0586eee51cfe765fa32,vlsida_openram
1252,3eaf973d89ac20654cdfae54c41d1ff8d8d2d792,vlsida_openram
1253,3eb0dad06a0f4cb6842c5156560cc09a278b0e27,vlsida_openram
1254,3ebb7195350b7533e2ec50c16162f8dc17930634,vlsida_openram
1255,3ed1a92ce29a9a52c752ad93410a549d2eab780e,vlsida_openram
1256,3ee769a771b673846d172a6f8fc3b4d0e88c408f,vlsida_openram
1257,3eed6bb8ff0fc2c6761064c63f9aadc23c8db4aa,vlsida_openram
1258,3ef52789bea987aada977877011cb867c9da1d90,vlsida_openram
1259,3ef56a29ea370741b931875e8254b7c40b8f058a,vlsida_openram
1260,3ef61a298ff55f1001e03d8469109d055afb079d,vlsida_openram
1261,3f031a90db49513e6bca534425266777f97d3d8c,vlsida_openram
1262,3f08c848d74258d38530fc6158a7be6154efa4bd,vlsida_openram
1263,3f17679000c0be4f20ba330583e7f3a36bf26388,vlsida_openram
1264,3f1a5a20515c43f18af697ea906f3725368c260f,vlsida_openram
1265,3f1f58065d2b4b1d8ef8cd532852ed04d9ffc0df,vlsida_openram
1266,3f1fbc3d90d9ffaf850101a43d3b46ef3bad2696,vlsida_openram
1267,3f26f3f17368167271b476d13ea64d2bb43d170e,vlsida_openram
1268,3f2b7b837db84bf511d0b1966a5ab15912eba226,vlsida_openram
1269,3f2d61a0fa34aea3127b648e578f18fc57d77c2d,vlsida_openram
1270,3f3ee9b8859fd000242a6e2ea1bfe0d08111b85f,vlsida_openram
1271,3f45d107976a2b0cb051b6086761dee5fc7d0879,vlsida_openram
1272,3f468b1c183f63825e01d860cf950332e2d5ad7a,vlsida_openram
1273,3f57853969d6032f48b69023e5d5093e3a98adf7,vlsida_openram
1274,3f5b60856a004d97bac702fb6c8ff2490f851bdd,vlsida_openram
1275,3f5fd0b6f474fc5c16737235927b2b32928606ff,vlsida_openram
1276,3f761afcbc7705edc17d922e953435de87914fac,vlsida_openram
1277,3f8628fa948087084274a980bf2ea1a33e8ab981,vlsida_openram
1278,3f879c69c885b95b9ef7e43025a20052c18c1b29,vlsida_openram
1279,3f941d2fffce03b651340b8a10b4be0cfd7316eb,vlsida_openram
1280,3f94e228609caed70279bcf84d199e72c7180cf5,vlsida_openram
1281,3f9a987e513c19b522f2288d19334acba3068f24,vlsida_openram
1282,3fa1d5522e2bded2e87d860a11021573fe4a6ee0,vlsida_openram
1283,3fa8c5543a98d94da519cd025fbc2af5c5d11cf9,vlsida_openram
1284,3fb2b9c1c36bd27a7dd157c9dfad759ff64e9d0c,vlsida_openram
1285,3fe4578feb92792f0bd44475ddc1c50cbef6d5c9,vlsida_openram
1286,3ffcad0db8876d974b26fe77d68989209bf4eb1a,vlsida_openram
1287,3ffcf63e006d4cef31e031bac2d9c7587d0bda26,vlsida_openram
1288,400cf0333aef3ef153ad42e4e4e98b7727ffe6ee,vlsida_openram
1289,4022f014b2387bade0ebe78f62e8ad15b91267b2,vlsida_openram
1290,4028534a84bd9c58421e16eb58e48156c571e5d8,vlsida_openram
1291,403ea17039a6eac68f4ce751fefc8260e2c7fc3f,vlsida_openram
1292,40410cc9f5db760f249f6d4be43960e3a7a876a6,vlsida_openram
1293,40450ac0f5b6ea10f6d9b0aba8ebd3e01a9df46a,vlsida_openram
1294,40465d6518ea9cf28baaa477e5f65d725d2bc8a0,vlsida_openram
1295,407bd026ee0a3ef64c53bb01c689fe4cf07185db,vlsida_openram
1296,408ea15228f7d49a4584ee2cdb6a7eed4723bf7d,vlsida_openram
1297,40c01dab855bb651c0504f02503f02649743096a,vlsida_openram
1298,40edbfa51f62789ee822085d23839114f69adf48,vlsida_openram
1299,40f671acfd59bed0716597cf011c2d6beaa084d7,vlsida_openram
1300,410115e8303949d58f9563cce7287f980c362409,vlsida_openram
1301,4103745de2a738d806b476a6fefd082ef0e029fb,vlsida_openram
1302,4107c983e2d421b84c0f4c25911f8890b9b01118,vlsida_openram
1303,41226087bac97962b590037c649fb6ae362ac0b6,vlsida_openram
1304,412f9bb4632a10550558c348af56b4d5da7578b6,vlsida_openram
1305,4132decd3297fd29eadb274cc6f2bba74a722f2e,vlsida_openram
1306,41344a980b7c33b364efc2d2dda120bd2a73836b,vlsida_openram
1307,416140d04a54d1000cc6586da9b80c871aab4394,vlsida_openram
1308,4183638f0354cb7ac909c1d6752b67a137d1191d,vlsida_openram
1309,419836411c5be054e656245f6137876094243e59,vlsida_openram
1310,41abd4b3f48b5a58cdfd47d26ef8a0b46066c70c,vlsida_openram
1311,41b8e8665b168ec93b3b2f746cb8806834745ea5,vlsida_openram
1312,41c8eeb23c57363b787092baa323d80c327cd348,vlsida_openram
1313,41d04f88f40fd9a09f5ca423f3102a1d90b68696,vlsida_openram
1314,41d6cb639df606f7d51687f40d760045e7b10b7f,vlsida_openram
1315,41f0b9a412a9e6a43e488f3e5ae077635d0d5387,vlsida_openram
1316,41fba9d27c6f40776bef94dbbdc853e53ba104b8,vlsida_openram
1317,4205a6a700e29b2fa4fbc9788770bf704d98270c,vlsida_openram
1318,420ce01b46d2db06e0132e5f18f0e0dcd86949ba,vlsida_openram
1319,42257fb7f8cc56502d83a4ef99afedc24b7717d0,vlsida_openram
1320,4227a7886ade54f7fb59c54b433f1872a8c102b9,vlsida_openram
1321,423e2c165f2d94bb95dc40bf582ee73115516c67,vlsida_openram
1322,424c7b7e64710b3ba28ceebbc2cf4319604a4bd8,vlsida_openram
1323,424eb17921cc611fd441a5317a82a93e31142523,vlsida_openram
1324,42719b8ec289c98368f538183968982f2d7caa9c,vlsida_openram
1325,4273a3717d51d9e768704c449adbc61298be0096,vlsida_openram
1326,428432dacdde9c99ea7fdd15a3672797cc87e765,vlsida_openram
1327,4285e576f8c7327e001a6bdf06fde0a36c4ef240,vlsida_openram
1328,428aba6254ea8c2833d6fbcbb507cf498b2c532f,vlsida_openram
1329,42ad0cd282bb774bd118f3514062f0301d8e7c4f,vlsida_openram
1330,42bc6efb21f8f2652e487c06c58c4f3326f22eda,vlsida_openram
1331,42c16ed739f83d050902992ceb7b8d73bc013454,vlsida_openram
1332,42f2ff679e6422272d18fc7f012136a82480ce03,vlsida_openram
1333,4335f4d537cda8b4725f52a9d334a2414c9c23eb,vlsida_openram
1334,434063656f61fa46e25215df096493b9799d4634,vlsida_openram
1335,4345136d1a3b4ada6ab1afa14bf9db97c5299bf8,vlsida_openram
1336,43472dfa468c68e4950f11f4158c0d4163140e59,vlsida_openram
1337,434cba46cc8681307dc2122c86169862aa2e2798,vlsida_openram
1338,4377619bf6d0645950abbe92faf5a346419825b9,vlsida_openram
1339,439003e203af3d1bea01affa57e6ca15f82dd4e6,vlsida_openram
1340,43a7c2e33433b675ceb9ed8c273a684ae03a9f8d,vlsida_openram
1341,43bbd2e722d3ca4ebfcf4b5fe08eaacd7d361945,vlsida_openram
1342,43d2058b3ceee486c87c79ae56d5f4299a5343f7,vlsida_openram
1343,43d45fba9807f7ca7ceb193daeff5f65f3e5c816,vlsida_openram
1344,43dcf675a10ec3797191218607ec8260fb0c5a54,vlsida_openram
1345,43f5316eedc15dea4f48d32469ad1c97fecf409c,vlsida_openram
1346,43fe1ae023bda3a81408d2ccfd73442f0f8c1294,vlsida_openram
1347,441aff8e093e160165123f7d75eb4420bb7236f6,vlsida_openram
1348,4424ab64cb6528772c4db11a8fc273c814f35a61,vlsida_openram
1349,4436c61a39f18c7f5b85116063c4ba28002dab38,vlsida_openram
1350,443b8fbe23b7738bc1866a1aa102dd37e030c941,vlsida_openram
1351,443c401561f7337f7361a576ba1578c0cfe2579d,vlsida_openram
1352,44638cb885e3014ce8ea7069ec717e0caa38aed2,vlsida_openram
1353,4482c63d6f0c2ce29780261dcac270095db54217,vlsida_openram
1354,448e8f4cfd94382518cc952032989894b4248e21,vlsida_openram
1355,449a4c26607875a02d0fd487078e2d49b8a880a5,vlsida_openram
1356,449b0a7c28d8b4be4c8b17e675214ebecfe66703,vlsida_openram
1357,449c68ccae12a4e2b5e0cb5e23863b8d6b4e4129,vlsida_openram
1358,44b2e4589cd5fb0b96d84fb8bd6268f59434a2a2,vlsida_openram
1359,44ca70bd16b6164e4b102284b84318d16d12c3df,vlsida_openram
1360,44d85ecb946ce9516566cebd5de8e72844e1c9c5,vlsida_openram
1361,44e21dacbaad4346203793c73f44433075f41031,vlsida_openram
1362,44ed72b50d8e901fd9f089e7a5826e0cc42adee7,vlsida_openram
1363,44f0e4a1de9dd919d0e98dea1e51828db3bcea67,vlsida_openram
1364,44f1391ac033032fc99793b40449d14875657f4c,vlsida_openram
1365,44faa8d58dbcbe78b2df3177fa581c11a5e1499c,vlsida_openram
1366,4505c0f74e7e3c338ac1bd4c68a6fef33a3323f0,vlsida_openram
1367,4514927a7b40851812037852050d08193a620720,vlsida_openram
1368,451ef4d8965e54131add58b62ede96a75f5061f4,vlsida_openram
1369,45239ca2a9715b4167184162ea321c7e9d998f26,vlsida_openram
1370,4523a7b9f6dc23bf69207475010e48bfeb0c135b,vlsida_openram
1371,4526986de3bd0384a6b0d076a29e069fc0c15b20,vlsida_openram
1372,45295b5cfa8779af57ae7a18f41cf5ab10cc0724,vlsida_openram
1373,452cc5e443efc432c4a171eca6c60292fe6bc673,vlsida_openram
1374,453f260ca265263f840aa0d9a5e81bec31edc589,vlsida_openram
1375,455ef7ef9990963d81c0ded0d9d1d9cda033a0d3,vlsida_openram
1376,4567c2ebcddfea945bb1b89f649d2891bca2374e,vlsida_openram
1377,4577d380f99585f96695b56c92c680c386ec2a2a,vlsida_openram
1378,4586ed343f93b5d3bcf174d370caf27ca1a86685,vlsida_openram
1379,4590874ffa731e1fbc9be299f166e02c62d6e4f4,vlsida_openram
1380,459e3789b815ddf7c3332d3a555dc0c912bdf6f4,vlsida_openram
1381,45a53ed089749ed638906eca7e627efea92965cc,vlsida_openram
1382,45ae8c7315615d0d78fcea0d39975949f0f5c8b4,vlsida_openram
1383,45b0601e4b0789f84c1d38230d2ee9a890fafe34,vlsida_openram
1384,45b88889e4e03648ac718c15b6066dadb3219b0c,vlsida_openram
1385,45cb159d7f3ced59b0ee37ba803d68234445bfb3,vlsida_openram
1386,45cdecdea9c5368f419e7bdcbd78a669ce88a47a,vlsida_openram
1387,45d8c433761a49733cf8f0f6331c3af95231db01,vlsida_openram
1388,45df34c7747d199e59e7e26b0c6b38dfb392cd0c,vlsida_openram
1389,45ee3c7e55949af41136431ba29f851e1602ba8a,vlsida_openram
1390,45fceb1f4eeab794109c7b3b4852cd751af47298,vlsida_openram
1391,4604a5034eaf8531a11d65a3dcd081494710b7d5,vlsida_openram
1392,4612c9c182da6ee416461aa9e020e22316cd6bf0,vlsida_openram
1393,461643b00d0d960e552c8e3d54d8f02199d8710d,vlsida_openram
1394,4630f52de2ffede1f5a2fba2f76a2280174b8135,vlsida_openram
1395,467aaa708d8732a90f801c09bcd3631b01ac2099,vlsida_openram
1396,46889884344a97eb753957fb75392f1e65c28877,vlsida_openram
1397,468a759d1e99ad270e75b77164ea6dfb4206fbeb,vlsida_openram
1398,468c972acb23036062c69712c9759c2ffa2d2c96,vlsida_openram
1399,468de963f678874d9265aefbe7c6af6cbae1de3b,vlsida_openram
1400,468eb9a4a038201c2b0004fe6e4ae9b2d37fdd57,vlsida_openram
1401,469cd260b954cd191a9291eca69e61170dbf2bea,vlsida_openram
1402,46ab069ab92b0558186df4034aa96ad23e90884f,vlsida_openram
1403,46c18f53ba451d3f152f90aee18d09808d82fed5,vlsida_openram
1404,46c2cbd2d99749ae06f7a752fd53757e0211d5b3,vlsida_openram
1405,46c56863ee6412f60952be3f2159298d4598b474,vlsida_openram
1406,46d30688211832bff357eda2e306c86a42cda501,vlsida_openram
1407,46fceba6924b79af2113d716310cf809f43f8361,vlsida_openram
1408,4700f14e82e49c5fd05ed6ec7b6d64a1704b086c,vlsida_openram
1409,470317eaa404a70f28103140531edb7f7925df6b,vlsida_openram
1410,47114b14230e97120d9e01429794de0dab4dc3e1,vlsida_openram
1411,47185f6085bc6cb5d0cd333ab26c34616a5de673,vlsida_openram
1412,471d76335c4b8e79e62151ca78c534ddd5a08853,vlsida_openram
1413,471f68fab2d5797be6444ae73668c2859763d2c8,vlsida_openram
1414,474a240f38062a05fa1b6907c7d01613db3fc07b,vlsida_openram
1415,474ac67af5bcd910217e603fe9aec503a43c9061,vlsida_openram
1416,4754e6851d20db5454e00c6620fa9908e34da266,vlsida_openram
1417,475a5223a7aedbed56c18838d8de58a36aed9105,vlsida_openram
1418,475db65d267fbf9c293ccf520949905051b70b64,vlsida_openram
1419,47690e0076ffd1adb4678e03609e152e27baabce,vlsida_openram
1420,478c76c1cae2ae90c33fa7fed7d3d68ef68c656c,vlsida_openram
1421,47a3dfafee145ca740c1b10dd490ae87bf8122b4,vlsida_openram
1422,47cc4cbfca2f8c4aa7d0f28a2142dd06db95b915,vlsida_openram
1423,47f541df0e07bbd66a13db7ae203e508c8ac836a,vlsida_openram
1424,480862c7656efd1bef1501f8e8271593a0f6aaa7,vlsida_openram
1425,4813c01d56fff9afb603f2e35280035ed2d7b268,vlsida_openram
1426,4814cf6eacd3753b4ff3d2ca9dd587753e91933c,vlsida_openram
1427,483f6b187cd0723d196c4ef651013570cdba367a,vlsida_openram
1428,485590052ac4045e1ab84811aa6eb58eff592753,vlsida_openram
1429,486819ae0d1d11281e1f5544bc0a670c56632627,vlsida_openram
1430,487027a9f2694f364cf1f2d498dc63c2b2d6aae2,vlsida_openram
1431,487bb6c6e9916dda9a1c1ea72fc2eb9393b0e96f,vlsida_openram
1432,487e61457be78c15c6ccafa9ba7cfe7b5ff06fba,vlsida_openram
1433,4885616bec15c6b42647db0de5e45a64b7d4e4d7,vlsida_openram
1434,489faaba99be1f32543a6e006449442f6e8ad454,vlsida_openram
1435,48a148003ae476bd2c59c06dbb960556446677c2,vlsida_openram
1436,48a7065b3161eef380fe5a03c0c6b453f315b164,vlsida_openram
1437,48b556c43aa27603f01591dcc0dfeda3eb35f384,vlsida_openram
1438,48baf3ab4e1620fa3a3216d64a34b40651512d96,vlsida_openram
1439,48bc47c6868f87d08177838aacc1bcea71edb8fd,vlsida_openram
1440,48d3b25b74dd648086ec3fa1b48ba77cb19ea815,vlsida_openram
1441,48e35588f4ddc569488c2c7793b898074ebaf549,vlsida_openram
1442,48fce6485d212f6bb39e9b19679db5796121e059,vlsida_openram
1443,490a70dee986073e04de1de1e474da03ff4af520,vlsida_openram
1444,49268b025ff894a94e08c6e23f632a31983a674e,vlsida_openram
1445,49288c9f7731bdbf2ad07797d599c9e757b092e0,vlsida_openram
1446,4932d83afcd970612d7b782745b55600973d5b5b,vlsida_openram
1447,493c9125f1aaa3c7050ac0537bc0bdca0227ee6f,vlsida_openram
1448,496a24389c4e95f780a71a1f73959366a9744f4d,vlsida_openram
1449,496a9919b8fef530f5555405f0436b67c815a10d,vlsida_openram
1450,4971dde3169b742fa8aabf7476b408f761eafe34,vlsida_openram
1451,4991693f1a9860a04e96a76ce6e933dc0cbcb7e1,vlsida_openram
1452,49918b0716d8d403e1b47e412a356db3c9c51a90,vlsida_openram
1453,4994e3ddde7d6e24a465d1c240926a4a1607c7ce,vlsida_openram
1454,4997a2051174d5680e1f6919df45c52ac0b26a7b,vlsida_openram
1455,49af00313dac04357f537ae563e04985ab8b9669,vlsida_openram
1456,49bee6a96eb459c64c30a571fb20a67d44338086,vlsida_openram
1457,49d0b9d69c08ebf307d3d0e05f0f1428fb660ed9,vlsida_openram
1458,49dbbb33bca9df674b37f968a586e8d0c128fc12,vlsida_openram
1459,49e5f97eb4e536c78e8ae332ef4c60c0159cd519,vlsida_openram
1460,49efff33845b39e3d96066d6c1f290ebd2e74000,vlsida_openram
1461,49f7022416b4e77a3053152bd885fb5743a2bab5,vlsida_openram
1462,49fffcbc921a4c852cf7e363279cdc6f34f16d35,vlsida_openram
1463,4a139b682d456d96a24c034826b87f74d9fa472e,vlsida_openram
1464,4a1a7e637e5da1e52742358a7f8e29a2249e6aa4,vlsida_openram
1465,4a1b10ff0d3fb1c2de5f649d225f4532aebded5d,vlsida_openram
1466,4a22c5c56fc1abd296feb9fbad96249ba53643f9,vlsida_openram
1467,4a3a0c2c030ee174ba1491880cedb6556f41147a,vlsida_openram
1468,4a400b225de01334b920a4a3058fff695faccd9f,vlsida_openram
1469,4a40e96f6d3522335f3ad7ed5a7cdc5c5d5f2ec9,vlsida_openram
1470,4a58f09c1cdedb4220214aac9d964e3dbd352182,vlsida_openram
1471,4a5c18b6cc2d62755e2084c3b4a009068c9554e4,vlsida_openram
1472,4a61874888069ffdc623401d50368b22f6a256ec,vlsida_openram
1473,4a67f7dc714febcc491487f14dc7379c51e68217,vlsida_openram
1474,4a8e0cdabb2d97227ce7b3ac7fd7da94bf909ffc,vlsida_openram
1475,4a8ec7a6873e50814e5f510c3e906a0e16443e18,vlsida_openram
1476,4a987bef9a2a4a4f8e039dc184b619d840ae60e5,vlsida_openram
1477,4a9d0cb4b3f606de31c2b2a0ccbdda3c370d6c17,vlsida_openram
1478,4a9f361ab9ea6e2f2983822e853fcaefa33048cd,vlsida_openram
1479,4ab694033d956de2702f547fa30c5f2a7253f274,vlsida_openram
1480,4ad920eaf7b098a9f21649ef7be41187a6407afa,vlsida_openram
1481,4aee700331a2d07fe052e12c74b32329f74fe35d,vlsida_openram
1482,4afa391a870a70fbfbdeed6c4416a4196b7830f6,vlsida_openram
1483,4b06ab9eafa24dcd6589fb8caaffcda465ddbad1,vlsida_openram
1484,4b1c35908930f2cf5656b82884444f0ad388df01,vlsida_openram
1485,4b2659a5e2b6651bab0863f5a4f842491e19694a,vlsida_openram
1486,4b3af3872743058776fcdc97b18d48d7a0a9c7ab,vlsida_openram
1487,4b4153bdea6ff2e85d5989bf1422d6876a0c9b56,vlsida_openram
1488,4b515fe1ac8345eff2b590ca30143f0160191b89,vlsida_openram
1489,4b526f0d5fd970a87628aadf85183045ab06cbe0,vlsida_openram
1490,4b5bbe755f8593f1ccdcebcbad941a97a38f88ac,vlsida_openram
1491,4b75e49302ac5357f3f5054f0b8368215337b2b8,vlsida_openram
1492,4b96b539e2989b7bb71f3ee98ba8f1b6020283d6,vlsida_openram
1493,4b9ea66a42d3b66f7913cfdc8a183a22638918fd,vlsida_openram
1494,4ba07e4b94fc8c17f8021ed2f9ec1600fe1e30f1,vlsida_openram
1495,4bb586c949906216e8e24593948fcb03afc049f3,vlsida_openram
1496,4bc1e9a026cb412374b90945ac6a22642635ae1e,vlsida_openram
1497,4bc3df8931602269c242457ceed2f95c4da8e4eb,vlsida_openram
1498,4be075e586f2f4d757f84cfb9b1b29713f4b8e1c,vlsida_openram
1499,4bf1e206e218392b8afe68d04c9732f7a1822755,vlsida_openram
1500,4c0fb2d7d12e5821d5ca86b3e0dcf5144e052068,vlsida_openram
1501,4c25bb09dfaae5d2a326eb3e8b6094f500df0119,vlsida_openram
1502,4c26dede23cefbd9f2a187731e16d0d6c663998f,vlsida_openram
1503,4c34a54d32eaf1e7b01f251cfebda85e458bb64b,vlsida_openram
1504,4c3b171b722a6e996dfb5abbbe06f3d0b6ff51bb,vlsida_openram
1505,4c3bd0e42bf97045a6e680a1ac33947fa6a94bd6,vlsida_openram
1506,4c40804b8fb6f9d1b13f2c76bbb4019c9360a24e,vlsida_openram
1507,4c4cfb2a3cbd3ab31877c50765f1ab68b0c67c06,vlsida_openram
1508,4c63917d213c788296b8b51b7b899efc2edb00df,vlsida_openram
1509,4c6556f1bcb91dd6064ddcd574c51b56089d6d6f,vlsida_openram
1510,4c73d3aa7c0f8e293f5fc4d5c33414ac06cc08c5,vlsida_openram
1511,4c75bc003e78f982966e513c6e00cb4f7e84f49a,vlsida_openram
1512,4c9b3c5864138c51a7aa9d38d90c6e81f4349199,vlsida_openram
1513,4cb827c3d7a647ee64c82d31d4314beb737891c6,vlsida_openram
1514,4ce6b040fd42ef65864c7d00259f99fe6548f3aa,vlsida_openram
1515,4ced6be6bdf63985d4d9434a856700b4aafd1395,vlsida_openram
1516,4d00729fd2963570eef82f4fe208593404302feb,vlsida_openram
1517,4d0a8b9c8a7fef56b3c972ab2bf518fb3eeaf919,vlsida_openram
1518,4d11de64ac9c137e8320419203278cdb439c942d,vlsida_openram
1519,4d222010556b44300b886c111c02731668316107,vlsida_openram
1520,4d30f214dad49e121e84a37d942005c545f28793,vlsida_openram
1521,4d328c576859870d5d03963fe6a8165c8aa8abe0,vlsida_openram
1522,4d359725533d369b7e0184784bd4f0597ac395a2,vlsida_openram
1523,4d38e7df3cf966ca19150c13260403b760886b81,vlsida_openram
1524,4d3f01ff2f9ae48ff943f594dfdf4d8659ef92e3,vlsida_openram
1525,4d49851396af4a50efa4dbd43cfccbc6167666e0,vlsida_openram
1526,4d62cbd34557de98e9495a360417854613d09db9,vlsida_openram
1527,4d6d6af0a1b5c3a907adacca449e440797705b3c,vlsida_openram
1528,4d835e98b701d944331690bf8c9a9fd55e681cc2,vlsida_openram
1529,4d84731c34faa47c5eef978162508cdad383b3e9,vlsida_openram
1530,4d85640a0025154b511ee6be0a8d094c546b746a,vlsida_openram
1531,4d9cca736003e67d8bb6d040bbd83e6b78f99c0a,vlsida_openram
1532,4da56098e7bfcde87d18597917621fcf1428f9e3,vlsida_openram
1533,4da912637a07c6c83ff280a4bc356434ed90d4ee,vlsida_openram
1534,4da9d3beafcd4484c43c8e3d5e7072b88e4ec6ec,vlsida_openram
1535,4db5c3be261de3d1e90108db2b94aa3fd0162676,vlsida_openram
1536,4dc1f5788102a96c7884e0a44ceed9a88ef6dba0,vlsida_openram
1537,4dd075c7b74d52c54e872ed1923936a29183cc67,vlsida_openram
1538,4df02dad679b92537571af123752effbb78ab4d5,vlsida_openram
1539,4df862d8af4a41579fa59547b4037b4e491cee1d,vlsida_openram
1540,4e04e9a60e7ea83ed62476ea14686c92467a35e0,vlsida_openram
1541,4e08e2da87643ce4be9a61e2c6bec42b15cf48ba,vlsida_openram
1542,4e09f0a944eff56b4875cd697a8a59548720a55b,vlsida_openram
1543,4e10f6d8a6a8c43e300b91e2f5304d9678707f4b,vlsida_openram
1544,4e232c49ad27047c308d1a958499ec7dea74d360,vlsida_openram
1545,4e3f90cbcd030cad2ba7cddfc31ce7bbc8a53df1,vlsida_openram
1546,4e40017fdc55b34e068a3bccece7b93895d0f686,vlsida_openram
1547,4e414b6c15855b53227926c76ecb228faac4624d,vlsida_openram
1548,4e505b80dc15d6d78835823c90fae785576d2e84,vlsida_openram
1549,4e5744df507998fe9b81eae07472cd55dcbbbab1,vlsida_openram
1550,4e649aad6bc633e917001880235ed075ecaf1f7e,vlsida_openram
1551,4e7e0c5954316b3d3d0ef1f0a31a6f20a94c4905,vlsida_openram
1552,4e83e8c648025c40898b785a29898228e2fd1966,vlsida_openram
1553,4e97e385e101ac75cf0eb126138ff505cc78df6f,vlsida_openram
1554,4ea0fcd0681df0d60cb98fda0595898692a37ca5,vlsida_openram
1555,4ea2a70a1ba8a143757ff45ebf5e83befd8c244a,vlsida_openram
1556,4ebb8a26c4af563579a8d36e4ba5f0c0cf2b445f,vlsida_openram
1557,4ec2dd2d1fbd09e16039a01c6026352616076b12,vlsida_openram
1558,4ec2e1240ff693320f1bc10b336af437d12553e6,vlsida_openram
1559,4ec47d8ee1472fbb8531fbf995181b62f174395d,vlsida_openram
1560,4ec8733378f648d93575b6247c3f594cc0efa089,vlsida_openram
1561,4efc0e688ba73519b877f5f2e69a4ea745244f90,vlsida_openram
1562,4f01eeb3c16425593193772302c5011a73a856a7,vlsida_openram
1563,4f0806226825823ba372e626d495230ce10799ff,vlsida_openram
1564,4f28295e20fc24f74c5f4432e69594d84388243f,vlsida_openram
1565,4f28351dcd562d01f5b9cf71c88e4d8e4f50fd61,vlsida_openram
1566,4f3340e973ee87a8c84d913cff0a816713aab5f3,vlsida_openram
1567,4f8ab78ee2e812784d5ce279ef129af1acf40d6b,vlsida_openram
1568,4f90308c92e119644540ed5fbf757847e2b7edf9,vlsida_openram
1569,4fa084f2720302756b81a663926d902fbb8fe2da,vlsida_openram
1570,4fac069c3c58dea8f9e1fe25fa13f13ac7dca3b0,vlsida_openram
1571,4faec524095ee156881eb0ff7f101977461e9a22,vlsida_openram
1572,4faf97005f60009679dbccdb1ed51654f94a94ad,vlsida_openram
1573,4fc035728252655a2d8381ebfa7c54588160f262,vlsida_openram
1574,4fc9278b73c654e01d65ef8b2ff15fabe41766e9,vlsida_openram
1575,4fe5aa49e4026e73ed976f1860e771a7ffcd96ba,vlsida_openram
1576,4fe635a05fa5c4aa2ca688dff7942f28a66bc17f,vlsida_openram
1577,4fef632dceb4ad9cb5d6f4ab29bbdaacf7f837af,vlsida_openram
1578,500327d59ba077d38932699171bd034972315d42,vlsida_openram
1579,50045e54e8801d61c8feaa497f3fd73bc3604d17,vlsida_openram
1580,500a872c10b0788caf824d88074d06c32786402b,vlsida_openram
1581,50107636a0fbf766b48ebfd557742fbdc460f316,vlsida_openram
1582,503ec274f8d11fb718f8f6ed580baa75661d7834,vlsida_openram
1583,504f9aa8928dcea308ef4f56afa8ba8e2ee0919f,vlsida_openram
1584,50525e70f40bbbbff50bcd91bd2b49b552550f64,vlsida_openram
1585,506daaec9913a72a3c8999277930c754c4bb3ed5,vlsida_openram
1586,507ad9f33d7a21bcb9f0b5af54eaabb2d9724e60,vlsida_openram
1587,5081cf2383846a916409402285909567ff380b3b,vlsida_openram
1588,50872014a4cc7b5c602866fdd449e6aa8e5de5f5,vlsida_openram
1589,5088487cf7a42a7f48293f80ed31a0bbc7cfdea3,vlsida_openram
1590,5099ff6f6c05ce7095ab9b2d197b36fd3bd3d566,vlsida_openram
1591,50a0b88ef890c5c511f389516119df63ba4b708c,vlsida_openram
1592,50a9515e0c15372abc28688a05eb6aeafc62e0bf,vlsida_openram
1593,50cc8023a4a0823a627850e4a44c5841d1129bd7,vlsida_openram
1594,50d3b4cb8d304e86c579345b5c84cf964ddc8792,vlsida_openram
1595,50f13eabcefceb2368feb0869f9aa735ea045d0b,vlsida_openram
1596,50f746a9940a8661727cbc4bc21013bc23974593,vlsida_openram
1597,51097b2c8b94c3f1e436d950d2e1a26f3b44bd82,vlsida_openram
1598,512448f9e81498a8f98ed5d787ae1c766f9d6019,vlsida_openram
1599,513c7e9f71a46b97bcf112591235d6978edd21dc,vlsida_openram
1600,514682144820ffa159601792628abf86a2c90161,vlsida_openram
1601,5149ec34f0d0b8267a287be1eea70023bb0032e5,vlsida_openram
1602,514f6fda2786cec6fa06d644e85d8925b86aba85,vlsida_openram
1603,5176a70f846527bc97008716567608f4a12c6651,vlsida_openram
1604,5192a01f2dfed4c8f1f425ebafe4436b6296bf6b,vlsida_openram
1605,51958814a090e00c087c650bac60d1aae2266da2,vlsida_openram
1606,51a7161cd762be3780850f7c4ddbcfabb9131e2f,vlsida_openram
1607,51a72e26c77ed151593163c22170bbcc31add3a8,vlsida_openram
1608,51a97979b9bdde8f26da15f2c7f472007085312b,vlsida_openram
1609,51b0f125fba941cb60bea855cd77c26d2223bdf2,vlsida_openram
1610,51b1bd46dadd007ce07127bfcbc306fdf9b5d122,vlsida_openram
1611,51ba88d896e4f02b7bf5953bd2468ac303f8c721,vlsida_openram
1612,51d7a673bde7f9d666623f88447deea7c2740d07,vlsida_openram
1613,51ddb083850940d96d184b5b77919bed8b5096f7,vlsida_openram
1614,51e4104624df990c471116bf6a9c46b463271c74,vlsida_openram
1615,52029d8e485ec58f0979b8808465f09f8a2d44e9,vlsida_openram
1616,52096199872e36783e961b14baf963e13e3ef8a1,vlsida_openram
1617,520b4966114ef3823be4e5ace3374a038bb40749,vlsida_openram
1618,52119fe3b3d04a651bcdf70c76e79cb7c148da76,vlsida_openram
1619,5211be5ffc2d384fbf3a9a2c400b312cffa9a11a,vlsida_openram
1620,5235cf966790bcab49aeac3816b8f01d9f12fdd2,vlsida_openram
1621,524334d24de9e1fff997463aadc0d470b265921a,vlsida_openram
1622,5246d0a93ba845a4a7f3db5fe89de5d61eaf807d,vlsida_openram
1623,5248482fabcdd6d48be7ebf5d50f5246e8e4357b,vlsida_openram
1624,5258016c9f3923eaa9dfcff2d176c21039e0594f,vlsida_openram
1625,5263532a95f6e4c9720b594c7c8284072b15e578,vlsida_openram
1626,5268ec547b022250c2cebd108ebcc4efb0aaf5f3,vlsida_openram
1627,5276943ba2f0afa95feffdb0c4b524a5b217a2dc,vlsida_openram
1628,52791a27198de19314452934a68769eac59480e7,vlsida_openram
1629,5285468380cfd20e8dc61f58a6503a883a9c131b,vlsida_openram
1630,528cb07635f6cbc2c43bab511aea4d0c92238cd0,vlsida_openram
1631,529dbb48c49f4e00813129bdd6f34be2b70d39ce,vlsida_openram
1632,52a02a68ded72f29481d308e2b847cb1d17867ef,vlsida_openram
1633,52a4ba711bd8180bbd80675c52ebc0af59c7f166,vlsida_openram
1634,52b6804b9342609798426046e1fe2f47043ec2ae,vlsida_openram
1635,52bf8d09d7dae2f1741029537c29731c4eb6b261,vlsida_openram
1636,52dcd81a083a9fd22aa49846220b91a6b66edcd9,vlsida_openram
1637,52ee7b0a19e7895eb0b4898193ef1f1586b41240,vlsida_openram
1638,5302fd205f313a12e46fe567d60bbcf2ac456d35,vlsida_openram
1639,53107a8322b5ba48081ef66de62b7eec752c95ea,vlsida_openram
1640,531262970243a7eb165c713960499b628164ddd2,vlsida_openram
1641,5319107afa0e70316d07dbac7a83f0637684502e,vlsida_openram
1642,53217e4030a0af582f3440a70440ea71c22b0ee2,vlsida_openram
1643,532492d5aea6ff7517da33f45648cc4b562d7fbd,vlsida_openram
1644,53313bd470779d68e73945c4d689dfdf417ff515,vlsida_openram
1645,533c1c9472e100f431a96e842da5b5ca0aeb19c0,vlsida_openram
1646,5349323acdda050cf1b020022b0404ead7d56788,vlsida_openram
1647,534c6b36dfd08f7b6909ead72b7abf64bd4994d1,vlsida_openram
1648,53503f40d277ee621e01a6b7e6ebdca1dbb16c41,vlsida_openram
1649,53505e2ed294957071e101ed8e2fd59ac94d08bd,vlsida_openram
1650,5376b5bf2010b3393cb7907a3229e57039be34cd,vlsida_openram
1651,5378a308c1deb4b4b33cfea1b44feab9e218c454,vlsida_openram
1652,53791d79c837ae1364f5dbbd3cfea776d7f71275,vlsida_openram
1653,537e0689fb18be96105024b44bb714480ce58f47,vlsida_openram
1654,537e862d4877e5aebcf17f0b58a08d4ca1d2bda7,vlsida_openram
1655,537fd6eff9dc0f1980dfebf442d59f1ab8664023,vlsida_openram
1656,5386b7a0f41abc45d37d1c713c46519597f81247,vlsida_openram
1657,5395f21be9616633b517c0b66bce809db4fc7333,vlsida_openram
1658,539dfc979a52fdd9d8f91f0763fc59d652cfcacc,vlsida_openram
1659,53b7e46db4ec63e10792a87888172de860673e17,vlsida_openram
1660,53c72c60543f5b39e73e112199171b8dad4f5952,vlsida_openram
1661,53c8e7cd18b546c11da6aadbd5e216a4074e4f11,vlsida_openram
1662,53cb4e7f5eb8a7874b8c9c26c683675a6366b09f,vlsida_openram
1663,53cc99f5c1ec5a2401c70e5e7c6831282a46250a,vlsida_openram
1664,53d00f5b34d28f3f1053f3b0c0a14ce7984dc4f6,vlsida_openram
1665,53d0544291ef50b006906135cce4c39ad63a3ab0,vlsida_openram
1666,53e4c45038469d8464818be801f67e47acec975e,vlsida_openram
1667,53e64fb696381c38d11d260c1b3c0a07a7a559bd,vlsida_openram
1668,53fa6108e10c8f4258c0a0ed555bddadaaab2e74,vlsida_openram
1669,540711bcf275e4a5476545216aeafbc41b9186e8,vlsida_openram
1670,5409f0be7dd153a4117f639d55c1640930bffd07,vlsida_openram
1671,54120f8405d02713fb73ab698cd22e278c266866,vlsida_openram
1672,542df3387810729e356c338b1672b00740196359,vlsida_openram
1673,542e1a5e038a2917ae7195ebdb0a9a61b36d184e,vlsida_openram
1674,543e0a1b9a32d6b31b88b1e5b70cca2ed8685284,vlsida_openram
1675,5451a8d07a423cf12d13d04df6e260cea8060c37,vlsida_openram
1676,5452ed69e781d3f06e4b15971be8b10acc6e4892,vlsida_openram
1677,54639bbb94782d797ce7f7d3af7f55538b582a7d,vlsida_openram
1678,547746f8398da7784c314bb7cb93bb9b07918b69,vlsida_openram
1679,548178e343fd0081af8a712cd017e223e909a52a,vlsida_openram
1680,54890a8d77e50a505735b13beb6a703753eebe7b,vlsida_openram
1681,549112fcf88fc3e925a3241dff209d50b5be4c15,vlsida_openram
1682,54a012b574c258f2f2764c57bd2bada76a74181e,vlsida_openram
1683,54ab9440db4f69f634cc40b89e3612c16760b6fa,vlsida_openram
1684,54b312eaf9735cb257ae0efe90eff4bf3915b58f,vlsida_openram
1685,54bd022efc83de17cc3d90dfbacf2afd19c2a84d,vlsida_openram
1686,54c21f628252b8f894cc17f902c7bcef2c9978b3,vlsida_openram
1687,54c2710aea44ffc0b8dc285a2023d2a50ed5a01e,vlsida_openram
1688,54c6043cb81c51f5f4a2f77e91145545ce0ed6d6,vlsida_openram
1689,54cbef1aff18afa957104f8ee414f4096db2c5fe,vlsida_openram
1690,54ce1377c5820177e31419d94187f8faece0d5c9,vlsida_openram
1691,54e4d147f614abdae8d16d27682c46426a0b2365,vlsida_openram
1692,54e8293a1404c1499af083c43d974650940aa831,vlsida_openram
1693,54f245cb9fe4c401264ef6c988e0037957bc1a1e,vlsida_openram
1694,54f2e73214bbfd4728ae0a02bb7e9a0c554f31c2,vlsida_openram
1695,54fc34392dccd953eefa15e9d6758cf2a62e6d1b,vlsida_openram
1696,5508ae945d268ff376e17ca5e369f24418641351,vlsida_openram
1697,550d5cc729c13401f9b4273aeebb69f8aa729536,vlsida_openram
1698,550eadfa821ddf44c8ccf3fa1533a3b0ef99be69,vlsida_openram
1699,551499670809b0293def390d77e8c28e3a30cfed,vlsida_openram
1700,5527e73db08bffa230fca7c9f4ee3ca44ed5fbf8,vlsida_openram
1701,552811b41bed2900d8d0974383a66981d0cdcf58,vlsida_openram
1702,553894c5a2da7e8485e4708be712e37bb3dc6748,vlsida_openram
1703,5545581d6e63391879d3842fcd7251d60d06a35c,vlsida_openram
1704,554b3f4ca7729e12d2eedf7432597068e24c994d,vlsida_openram
1705,555e776712770176bf469a583655f02837ff41ed,vlsida_openram
1706,5573c6b241b6f0d297bb55fecde143641f9ccfac,vlsida_openram
1707,557b2e7459a120b6ab15a05b7a02afde2b93add6,vlsida_openram
1708,55814a8f74b43f3a7fe806da0718fd961f0929bb,vlsida_openram
1709,559300e5cceeac8d6327d9a84e22d8e9acf61548,vlsida_openram
1710,559dfbc7a67f4f6ffd9a33c61da4e578df736ec4,vlsida_openram
1711,55b01255ef603a3e2b5c8630974818d79a2e8d96,vlsida_openram
1712,55d89fbae8af531323879bf98841921735a14e53,vlsida_openram
1713,55dd4d0c47217c313da4efda838ed0e3e500f40c,vlsida_openram
1714,55e5c425e90e56cdcb371b19576388ef5ea3c3bc,vlsida_openram
1715,55ed6212a1ec67ff3f1be7c9ccc1e3c8d478153b,vlsida_openram
1716,55f09d00a464f4e77823417588d0cd51b21cedf8,vlsida_openram
1717,560d7680101d9e00fbc79b717f3ed3682c18e04f,vlsida_openram
1718,561e0c228c105e1df28413d519b1c3b7a085b3e0,vlsida_openram
1719,5626fd182e2c993ed107154c809802db28c3f68c,vlsida_openram
1720,563ff77d44e5075ab72d81cc47e008123e0552c9,vlsida_openram
1721,56466607655165fa79b1297895d63b632621faeb,vlsida_openram
1722,565e3f6814ed3e870c5bd87030e4d6eb6850219d,vlsida_openram
1723,5666e792878a59c8c262f8c065936be7f42e19cf,vlsida_openram
1724,5666ee663507280500f3ecf3c296421731050ee6,vlsida_openram
1725,567675ab31ea4cbd54a0380cd72ba37b84b144a5,vlsida_openram
1726,56770f558f252e4c4460f99756271b5718a7bc61,vlsida_openram
1727,56879bf48ba66921cfd1e44e24c2d0f8172252a4,vlsida_openram
1728,5695cd69c621ae2c4fcf5e475d5f7db3efb7494e,vlsida_openram
1729,56b65da727069d9699791c3f9c5d27c2bcfcf5cd,vlsida_openram
1730,56bee27ee32596f2aead7d2bd0eceb6d6d5745dd,vlsida_openram
1731,56c2222c2b32dae3ef5b26d7dc999120ac942cad,vlsida_openram
1732,56c4c8972041cc9923b93a288808e59c6bd37a92,vlsida_openram
1733,56dc83de476ec7129b22304e44f8038646e90653,vlsida_openram
1734,56e14113aa7ce1487bb0ca796dc1560bfe1b7602,vlsida_openram
1735,56e79c050b133014955b7b2d01730c3028cab5f8,vlsida_openram
1736,56f7caf59ff7c013a5a6b1d6aa3e5ee734572d17,vlsida_openram
1737,56fa274a5efb8c9ec2a5a86664a9c1c2e6d96bdb,vlsida_openram
1738,571dca5d5f53ae52501fd3f56b4eac9b860c780a,vlsida_openram
1739,574eb50064d80b2b9777e1b7cc72bafeaad91455,vlsida_openram
1740,575278998d42648acc089aa94fa9d7d5b5036bed,vlsida_openram
1741,575f504e4b17e6d1c195e83e9824a7a7362d2cab,vlsida_openram
1742,57767885744b2398ce7a5c25d0dc2acaddb3e8a6,vlsida_openram
1743,5778901cfe84219f722879ae09aa79f6476b1024,vlsida_openram
1744,577cdcb232f7a302ce67e1ad2645ed7bd4d8837e,vlsida_openram
1745,5792256db15554c35ff42ae74da901a1ff85b22e,vlsida_openram
1746,57b6d49edb4f39d4c74c0f5587eb078f101c921b,vlsida_openram
1747,57c58ce4a51b021c7c54ec470951c957727b3f17,vlsida_openram
1748,57d7a784219f6b4c7c8977360ba4795893679d22,vlsida_openram
1749,57e708a6e1d4baec9098114229c26a544f0c4c18,vlsida_openram
1750,57fb847d50bdff2d8738064fe56fb30dadc47043,vlsida_openram
1751,580b0601b5d637ec2ff06919350972c3536bf251,vlsida_openram
1752,5811c5ce99ab20c1979f9e2065005f9ad6a47bad,vlsida_openram
1753,5816c669f3966ba2ec046a87e1ada6a7b7ab6711,vlsida_openram
1754,5833728889c6210082f81bd6962d0ab6a3b74b00,vlsida_openram
1755,583a70c24e72ccb6c1a36ec468b368229651adb6,vlsida_openram
1756,583dc4410b7bae2c9b563214850bfb5423838e78,vlsida_openram
1757,584349c911d5c81544d3988ab1b0f5f04cec9b1e,vlsida_openram
1758,5843aa037c5f72d88053acf8b4c02558b244ed35,vlsida_openram
1759,585a708e0c6972a3799ffc3b3919884ee40546ab,vlsida_openram
1760,585ce63dff471b3cc808e8eb186fe45c47025761,vlsida_openram
1761,58628d7867d2b6016c422696101fbebf00b7bfcf,vlsida_openram
1762,58646ab8e6007eacc057b8d450b8b9afde6014c3,vlsida_openram
1763,586c72e4f77aeb491e901ec51681384399554347,vlsida_openram
1764,586d80623e2b371adb5cf4aa35a4151f42a9072c,vlsida_openram
1765,5872f553e1b02cd385cf788c2b99b269ae5e7b15,vlsida_openram
1766,587d44e536904de6323a0440d61fb52845934fcc,vlsida_openram
1767,58846a4a25eed59b4e8bd84d1f69da80331cb5c0,vlsida_openram
1768,5885e3b635302d10e0d2f1bb527014cb99f44ec8,vlsida_openram
1769,58896a6f8ef63ae48ae3116cca96f6f41bce7b05,vlsida_openram
1770,58b8bac845ebde56e69c023b52ba02faab8ace58,vlsida_openram
1771,58da8af619689fb2002e2b03dbcd7eae0a859dd1,vlsida_openram
1772,58de655aac507cd13007d386e91a29c1f0440e10,vlsida_openram
1773,58e41a998fecdf10fd0d6c396086287b40f7b8f8,vlsida_openram
1774,58e42d3999bfd4fe3b1baab84d61da713d54acb8,vlsida_openram
1775,58ea148d4738683abfb73a7faa0b41dd06417b52,vlsida_openram
1776,58f1b55e08b1c9fb1eca8fe5e2de2f73e188bea5,vlsida_openram
1777,58f51b72f19e4427bed6daefb0c68f69181ca802,vlsida_openram
1778,58f8c660208ac0efb89c32f0c9040dacfd82e440,vlsida_openram
1779,58fbc5351a7d1a5e95a26e2929aa9569d6bd16fc,vlsida_openram
1780,5907cbb3e2904b1d0e2700e023e1246b728d6f8b,vlsida_openram
1781,590f6e01d15e48725030a07186de7d44fb0963a3,vlsida_openram
1782,59200d10485052f524ecf217093d037a25ec16e9,vlsida_openram
1783,5928a937729860eca427d451749f0896d9b87c31,vlsida_openram
1784,593a98e29a603f35740f274f21f28cff8d1a422c,vlsida_openram
1785,5941e01b515b11a8b43168ea84989b4f40a7126a,vlsida_openram
1786,5942b3b2c4b0ba86d7bdbdbac9d1fc640b949343,vlsida_openram
1787,59562f2b92563ab718228a629854ede31523e0fe,vlsida_openram
1788,5960324ca6a06ab3e1b233fd09150fb14970328c,vlsida_openram
1789,596302d9a927743ba929b358cecdf8f32b0deb09,vlsida_openram
1790,5989a3c952c115ea99483f4ca591b441131becb3,vlsida_openram
1791,59915962a05f5b3ac6de080961eea671104e7d45,vlsida_openram
1792,59956f1446ee9bb72c89cd384d839fbc38e050f8,vlsida_openram
1793,599e5457a00ebc54ba6693f79b7cde2477b5841f,vlsida_openram
1794,59a0394c2ba60bf9ec82ac872bff55460805a5e4,vlsida_openram
1795,59c042180477212cdf2dd1db4bf751d1776a671e,vlsida_openram
1796,59c4148fc4f495a23275dbe9add31f061aa2af8d,vlsida_openram
1797,59c6980052fb30b9be6ee6a889cffc1f78af35cc,vlsida_openram
1798,59d2e4574447bf3d856cc6ac95cd3e5a47c1a7ec,vlsida_openram
1799,59d65c46c3b6b47e95f04903b2135f84492d67c3,vlsida_openram
1800,59e5441aef7012ae995db197762991f08fc49d28,vlsida_openram
1801,5a065cf701ea2d3b0a4ad9394e8f2c5d5aab5b13,vlsida_openram
1802,5a0c75d573dfa7cab187b86f910c26c4e2f59618,vlsida_openram
1803,5a0cd209c363cc3a682e8d815f1290606f805849,vlsida_openram
1804,5a26be52bd279c75e06f619ed354d880c93e91cc,vlsida_openram
1805,5a82c45a33e02887fe42fece2b825965b0fda848,vlsida_openram
1806,5aa8c46c169e8400646e67cfb2cea72a53ed3ee1,vlsida_openram
1807,5aa92a6549ae56b7aefb9215e146eb12a5d1d6f1,vlsida_openram
1808,5ab0d0177968b49b179b72a30925b71a0da53d45,vlsida_openram
1809,5ab67214e5fd039169dfce1772b8b765c007bf0e,vlsida_openram
1810,5ad1db95a80e04c541bf16d59678375a60734807,vlsida_openram
1811,5ad86538d49c4d2201c8e6d01c24758fde15b781,vlsida_openram
1812,5ad97aa6366e2653ed2fcf69e27cecee76fb9437,vlsida_openram
1813,5aea45ed690593e4e9b965f84639e12ea29731e9,vlsida_openram
1814,5aed893725d9809688437f3c4e1245c38982af63,vlsida_openram
1815,5af22b79e2cbea5df4faf370b760d825ee103821,vlsida_openram
1816,5af56e5a3ad1fd0bf9198cc1df6d6d11b7f5a679,vlsida_openram
1817,5b0f97860a738fe5a8012b82c39d5c085c334b2e,vlsida_openram
1818,5b10f06be6ba779a8aeab5ce589ca702b44188e4,vlsida_openram
1819,5b1544ad4528bf254c759cb4e976b282624ead41,vlsida_openram
1820,5b2365336989c2c7fd78a79a7d5da71e5c5b250a,vlsida_openram
1821,5b282df6676b8e0119015b589e743216deec2c39,vlsida_openram
1822,5b2cb6a95e95502dbd4583463c024b0697afb23b,vlsida_openram
1823,5b3846e1e52ecfe4fcaeac8c98d52b6e67b705a8,vlsida_openram
1824,5b44dce50d37e4ef30e2d3115536208dc700ae29,vlsida_openram
1825,5b556e6ef575bf863a2260f10c41b5244c66e0c6,vlsida_openram
1826,5b6bfce7e068f8da163674236c3c97cf47981548,vlsida_openram
1827,5b701d828e079c2ae7a1ed70a38ab97eb5c3182a,vlsida_openram
1828,5b828f32cb12fc1b6e7cac5555ab0e292ed49fa6,vlsida_openram
1829,5b849a33720e495152f9750c060ab470ed4c83fb,vlsida_openram
1830,5b86c76f1d5399787a1c4a5faf274f3892563161,vlsida_openram
1831,5bb1c8196d57ce6d47508613d64ff9c1e063be45,vlsida_openram
1832,5bbb8eae4c9d54da691bf8a586a5bc2769709cca,vlsida_openram
1833,5bbc43d0a0cb9d4911388dd81d8088eace5b90b0,vlsida_openram
1834,5bf629f3e5854b3408afa7f2dccf4f8d41abc020,vlsida_openram
1835,5bf915a23256370188e5b6c86ff23e3d4a00667e,vlsida_openram
1836,5bfc42fdbb1fc4ecc970012ffff199658cc352bc,vlsida_openram
1837,5bff641c0addfd299640b5d30424f5d23fac9352,vlsida_openram
1838,5c10aebc0f5b6632c301b6dd2192357f63cd922e,vlsida_openram
1839,5c1250191c6a59c723eddebace56987989e0c17c,vlsida_openram
1840,5c173551ec0a5eb86c4557c47fe542a149c15c35,vlsida_openram
1841,5c22e382b5608eb4d88585f46e485148f19eb754,vlsida_openram
1842,5c263e0001caf6311477030ab91e0ea877e12728,vlsida_openram
1843,5c26f3de25e63100433f7ea5c4b0c48231fa09ac,vlsida_openram
1844,5c4389efa44776ad24ebc43188eae9a26e7be0a1,vlsida_openram
1845,5c4999d4ccc961b5d4f4ee7f853e8ad507ff5303,vlsida_openram
1846,5c4df2410e8d0f569c53d3d80cf79b1b442cb79b,vlsida_openram
1847,5c4ee911aaae8e34641a7706d3107848fb890429,vlsida_openram
1848,5c50cf234bade52c321bcfb502f0de6654ef2dcf,vlsida_openram
1849,5c8a00ea1d361de2f9cf66a417700bdf599daebf,vlsida_openram
1850,5cab786e21a7282a93e1010d24ac99bbe169037a,vlsida_openram
1851,5cb320a4ef69fd3242dacda8966f81531237234c,vlsida_openram
1852,5cb3a24b19e0f726e0e220b3583df8518ca671ce,vlsida_openram
1853,5cbbd5e4cac7ae9ea8f191545ba911bd8df032e2,vlsida_openram
1854,5cd89fd7dae86c8d0b28e9c0fd4920ad7b497964,vlsida_openram
1855,5cdecd781b371599d77415e5c3c4478d276bb449,vlsida_openram
1856,5ce193c2dd855f720a059ba20c405324d6b51014,vlsida_openram
1857,5cef8606b4c1c7815652b4376af2b21ffa4ffa28,vlsida_openram
1858,5cf62e82cf723969af7a7855c96efd767b318db0,vlsida_openram
1859,5cf774b53e846c183355c0bbd0b5840f52b16fd7,vlsida_openram
1860,5d2df76ef5bf7104c66c57367affa5638c7c91c3,vlsida_openram
1861,5d32a426c4a41a02883121491fffabfc968ec052,vlsida_openram
1862,5d33db0ee4c520bfb3c38fd083d2718d7882df0f,vlsida_openram
1863,5d59863efcdc71f684a87c6824611584c157daca,vlsida_openram
1864,5d5ed552e37e66d4483eae459b38c46198e1d8e8,vlsida_openram
1865,5d684b02e06af3f1503257ddfb2672aa13a55a33,vlsida_openram
1866,5d6944953b67d4f86e2198b749225056c97099b4,vlsida_openram
1867,5d6e56763f4d51af502c93ba8ed4c38b31b891c9,vlsida_openram
1868,5d733154e9a7a9a5b40beca427ae45ee7bcf6882,vlsida_openram
1869,5dacafc698f994ec989e84b57cd3e87b5c58652f,vlsida_openram
1870,5dad0f2c0e241db1db2083354981e3329a7c116d,vlsida_openram
1871,5db470155e29eca9ac608306788ee050a2911979,vlsida_openram
1872,5dbc22091ceb81cdf6136c213effc281dbb92da6,vlsida_openram
1873,5dc885a67445cf581cd4ea19058b1f91542edc59,vlsida_openram
1874,5dde466ab9d7411405afdfba6834408ed9dbdf0f,vlsida_openram
1875,5de7b9cda7575c03c741fe03edb3f207c83de779,vlsida_openram
1876,5de7ff377356e6cf7d4694fc134673a85f6ee198,vlsida_openram
1877,5dea8e5b971d2d573d172431705fa29618e63775,vlsida_openram
1878,5dfa8bc2c603e2e83348dc505492ed0a452cd905,vlsida_openram
1879,5dfba21acc97e417f010dcd5cd99d5f67a6f6d61,vlsida_openram
1880,5e0eb609dace0f695d0d920e1a5177930497f3e1,vlsida_openram
1881,5e19cf1e2451e6bc80a4316a867bec50ad2c0a01,vlsida_openram
1882,5e1f64c8f94972c122c0d165a1fb3339ca29f2c9,vlsida_openram
1883,5e2c199d38c4271ddf17bfd2a70145c6b01cdd0d,vlsida_openram
1884,5e31b624b5521a2565ce1211d6d0fa49217938ea,vlsida_openram
1885,5e3332453b2925c689ac2c034cb1a65a10b0cc16,vlsida_openram
1886,5e337812685fd7852f8405a78105a88383acfd56,vlsida_openram
1887,5e34233479ef7facbd83d18933353421ce7e60a8,vlsida_openram
1888,5e4d4bf6cd4597aea3133000c8b10170493597c6,vlsida_openram
1889,5e514215d5dad40b977bcea6ef3c2ebfa6b0daeb,vlsida_openram
1890,5e546ee97445f3707168c8b34dd24f781b5d8bae,vlsida_openram
1891,5e8dff1e909b8124cacd61369ebe59be9b627a98,vlsida_openram
1892,5e94d76127da12aa1b4391e1a0b58991b931b822,vlsida_openram
1893,5e9851c5f13be41fc60716b88d0e92ad24c9f85b,vlsida_openram
1894,5e9fe65907f1f04b937f981214433ce7dfd05a33,vlsida_openram
1895,5ecfa88d2ae1ec512b1177ee622108a6c6ac3875,vlsida_openram
1896,5ed9904855bd034f7e788617f3510eb6d54d669a,vlsida_openram
1897,5edb511dab1e0ccbf5ee01e5cd8a1f62c1135a64,vlsida_openram
1898,5ee3f4cc66599a47d9b061cc0c8be3de0379d757,vlsida_openram
1899,5ee42ee6d34a87e80bd9c15aa7450c94feea0f2b,vlsida_openram
1900,5eedce7dc36234976c0574f84d3857fff54a8253,vlsida_openram
1901,5ef964d01f05ed48f426a7ebedf8166fd99fb66e,vlsida_openram
1902,5f01a52113de8a5d987ff58ec76c88e5e6fcdd92,vlsida_openram
1903,5f17525501063673afc4a12a5aac45516dc134b4,vlsida_openram
1904,5f37067da7d92e3ccca0cae29405a5da080c4509,vlsida_openram
1905,5f37677225a2f04101363ef794f3e327b46d7815,vlsida_openram
1906,5f3a45b91b41d98d99560c9a3b6f2e55fb4c98a5,vlsida_openram
1907,5f3ffdb8ba4b0d0eb188268466a93c3d74ddd820,vlsida_openram
1908,5f45f7db15b43931ab3c9ecb787d8fe76a791964,vlsida_openram
1909,5f4a2f0231838604233987bacae7ce70c2ee7816,vlsida_openram
1910,5f4ed47c57e9ec62e4f25c6426664d0c26f68543,vlsida_openram
1911,5f76514cf09844936e3929106cc089c3317e1f9c,vlsida_openram
1912,5f954689a5b0ea1f52fd79fbc37f7b524e7b87b2,vlsida_openram
1913,5fa0689c024711551abdc9ded0219d71369df40e,vlsida_openram
1914,5fc643855365bcb157e8bfd06087ba30055c6d33,vlsida_openram
1915,5fd484ee5a36bf100816bbf298cd8a2799ea5998,vlsida_openram
1916,5fe784ab14fdf0a2182a573be64d2d1735ded2fc,vlsida_openram
1917,5fef78dbfabc7bee0d2a5b8bb22bb59fe52b7132,vlsida_openram
1918,5ff49d322d282ff51201729e3b910dcec10a7431,vlsida_openram
1919,60088c2dfb8cdada33d35c10c06a1465d4c231fa,vlsida_openram
1920,60224b105f8512893004ae4526f52989d7ba6b5a,vlsida_openram
1921,6033cc604d21cf047d22173d51cb9855efc83b89,vlsida_openram
1922,604e433e22a688413b0df46342569cad9b4da556,vlsida_openram
1923,6058af994cd446836fb5148b3a465498738bae19,vlsida_openram
1924,60625659734e8fb428f3d8e8fd6bc9d1a2b1cc80,vlsida_openram
1925,606260dd680aca66705cbffd44e3e34d2c50bf89,vlsida_openram
1926,6079152092df8efc670c3087c8e4f397ac3ff348,vlsida_openram
1927,6080b59058773c5cba10a80169f53e22629adccf,vlsida_openram
1928,608e4b81f1763727e7efe087d591c76956869fe6,vlsida_openram
1929,609aa98c8be449ba86308eca1536c4c0d5178f91,vlsida_openram
1930,60b4ebd6a07ee85e06b599957ff0bdbff3765d5e,vlsida_openram
1931,60ba2c1aa55ebf664deeaec919530d2ab6917e64,vlsida_openram
1932,60cceab50afab82d7452d63d05a20beeff124a74,vlsida_openram
1933,6101195b511ef95321115dfa5bff038efef8c556,vlsida_openram
1934,611a4155b9bdcc56a0ef421c5a5aabd9ac8ecb6d,vlsida_openram
1935,61221ff4fabfa40a1467336b7b720c0ea715877c,vlsida_openram
1936,613146520efa23c25a964fbb2f1f5e8d43478924,vlsida_openram
1937,6133d5468499520e5bfb5e42eb86cd098c723c79,vlsida_openram
1938,614aa54f179fe553cb9fdd48dfeda5618a832abe,vlsida_openram
1939,614ff23e3a9d586d99d7c5c01b2c19ff93b03bb5,vlsida_openram
1940,6150eb6fed93fd750d16d99a72b479ee94a906f5,vlsida_openram
1941,6152ec7ec5552a0b9f7f190533668560fa662b9d,vlsida_openram
1942,615c24f7bc4a08a13bddd8dcd1ac012ef8412c2a,vlsida_openram
1943,616c917af3cd390cea38448a0381e8581ba1a6c2,vlsida_openram
1944,6177c855777c4b0f7a072fbef4f9d6c003fe1fad,vlsida_openram
1945,617a84d4b89d8210a289524985b77da337b1a5a3,vlsida_openram
1946,617bf302d18f1863da212073d8e80d71097d7dae,vlsida_openram
1947,61b1b90dd3f8fe0a7141cb003ef4768cc6adfed8,vlsida_openram
1948,61ba23706c31d69d2edc0ae913d7ac4a2404d962,vlsida_openram
1949,61e1a1a466df3d844bee5e638d1e80957fda5476,vlsida_openram
1950,61eb28103859063d9072232fe9bc80d990a0c6fd,vlsida_openram
1951,61f5ff6ec44de5686ea89920f088105d5a07441a,vlsida_openram
1952,620604603c9949627df77b5f887f04e334d84e40,vlsida_openram
1953,6207f2157c1a1c69243070b1aa5af31a346ea62c,vlsida_openram
1954,620e271562a483ad3b5450f409e9df8396b94885,vlsida_openram
1955,621de4b47b3304664daa0c329bbb8f51ee1cff23,vlsida_openram
1956,6220ea6d4710cec60eab91a3f9b5782831cf800d,vlsida_openram
1957,62237830cd594f575041bce570e030708fd988e1,vlsida_openram
1958,623c1ac02facd8b0ff795f93af93524be6d037af,vlsida_openram
1959,62439bdac6ede5543d2c38addc98a0f19c8276be,vlsida_openram
1960,62700e4d2bdf75b4f41f4395036964e1441ca245,vlsida_openram
1961,62a04ce874d5236e3f617a7448192e84187f310a,vlsida_openram
1962,62a65f8053fa360aafd01f10004f6bac469218e4,vlsida_openram
1963,62ad30e741c70ed0361519b00f3f7d673bbdddb3,vlsida_openram
1964,62bf713913463d6136ff9961430c71aba7b65702,vlsida_openram
1965,62cbbca852d089c56f49348122e5e99d5613676a,vlsida_openram
1966,62f8d26ec623d13c7c054249d9ce89c8f8f0ee8e,vlsida_openram
1967,63038480fcb54c6782aa33b34d0091dce2c60f71,vlsida_openram
1968,6335bc37849ea906e5b2d37cc205535b2fe88b22,vlsida_openram
1969,63392c8d714b479854ccac4202c0ed47c8819cd1,vlsida_openram
1970,636099c5e13d230a506b5a124a7f8db8f3180250,vlsida_openram
1971,6389d4ac82c70cf8726b2b1a1e9622434500ece1,vlsida_openram
1972,638afaeb314cdf14680d7053d35c3a0a797ea13f,vlsida_openram
1973,63925bd48efae2931dc4050d9a59e25f25790c5a,vlsida_openram
1974,63941a10e1cda830debb445693531c0e4980a935,vlsida_openram
1975,63a6168b352e334592b7075d6d7d0b113d217c9e,vlsida_openram
1976,63a8f7c65362f191bc10e2046eda1681f4be13f9,vlsida_openram
1977,63ba8647fb31be14c13e833e25b66b630c0be8e3,vlsida_openram
1978,63bea67fb5700f5a7110ceab4faae542e07d00e5,vlsida_openram
1979,63ce754c72f7bcc8b6ad6130bed8c3f29cd36089,vlsida_openram
1980,63d0523228b5c302432243152feedc93b295a0c5,vlsida_openram
1981,63ea1588c1015d98564a129d61472506e7267d7b,vlsida_openram
1982,6401cbf2a62bf44c5519bf7673376acbc2070b00,vlsida_openram
1983,642a5cfe73eb7c6c37bc7e1db12c11a711420bbe,vlsida_openram
1984,642c4e1715fa08b18879734b3f0df71a20118260,vlsida_openram
1985,642dc8517c5809ad2b46ec371f7e63899d50e22b,vlsida_openram
1986,6430aad85777004e6f04e5544c567ec45d4882f2,vlsida_openram
1987,64546ad3dd1577723464a3095d19670898e6d6a3,vlsida_openram
1988,648a631a286f7425149b5ae0594362b873a6e65e,vlsida_openram
1989,648e57d19587b9d2afb653009f6231b320a25787,vlsida_openram
1990,6493d1a7f4ec489eb2ff0713906ceb19c3bafc25,vlsida_openram
1991,64b1946d6ed60338b8384c8156aed824e0fce570,vlsida_openram
1992,64b3cfee26fded705b80b8b62bfd6ee8871c357b,vlsida_openram
1993,64bf93e4e584fc4590eb63e23198961ee3cc6546,vlsida_openram
1994,64c72ee19dfe87a1eb945121cd04b0698b5602e5,vlsida_openram
1995,64cc620440e656323f98bf7738d136b00c8c73ca,vlsida_openram
1996,64d61f4d566ff1da3e2ec52938e724ff866076e5,vlsida_openram
1997,64e7ed5b5ea81d695f59c36abbc3dcbb598a17ab,vlsida_openram
1998,64f2f9066417f281cbad33d2f522c86bfab11b52,vlsida_openram
1999,64fc771fc44fdb1c82925a17a84ffff5701255e6,vlsida_openram
2000,6506622dfb7dde6d300123e5b51cc5866698716d,vlsida_openram
2001,650b6e513c39593ac8dec9c9c3388414c9ebe29f,vlsida_openram
2002,6514bcb4c1d49fa1dcb3204094af26ed7dd676e6,vlsida_openram
2003,652f160aca05f9a8003c99667bc630cdab9b2c93,vlsida_openram
2004,653ab3eda421dc03c24a6bfe3e2d331da77f6877,vlsida_openram
2005,656fdd10083c5567be96a5cf2e53d08c353c784c,vlsida_openram
2006,65735c08e2fb7b8d9b95c383c6b06230b5c08b55,vlsida_openram
2007,658f794b12e9596cafbd6146779dd92c79c6be92,vlsida_openram
2008,65b6bfd5e740c232ffef510ed8a2bcdbd2665cc6,vlsida_openram
2009,65c5cc9fe72ab9028c7bab6a2fdba2e68aea62bf,vlsida_openram
2010,65d341619cd1fb40214b50420238ef8c6dfafe87,vlsida_openram
2011,65edc70cfdbda159ccddf6b7b8e574355ef9a965,vlsida_openram
2012,660226c1924a91a04fadbb10361e6f31d4bac91b,vlsida_openram
2013,6603220258c4393a614762859392384ec67b625f,vlsida_openram
2014,6614c3eb514ce14bad19445e8ddf7e7e9c937a37,vlsida_openram
2015,66225ae21c621312d57f839792b0f15e1715b2cd,vlsida_openram
2016,662d4ea7242719dd4d0a17704d38e2c9faed8832,vlsida_openram
2017,663d57447aa1664773c6bfcd8e6f44f1b0d8fec4,vlsida_openram
2018,6640d3491d516c93a4c0549b061a46aa977fcc59,vlsida_openram
2019,66437593459abe2b042e7000f042ad3521c79fe8,vlsida_openram
2020,66502fc5dcc94408c3b7dccd1aa73f591334bef9,vlsida_openram
2021,665b81e9d8c663e8dfdd1d1bcf7c42f45ebe0ffa,vlsida_openram
2022,66633a843bb1e8d113339be036e5b5fab0e07866,vlsida_openram
2023,66933ed922009927752137b4869c59f18c59ab48,vlsida_openram
2024,66982a928368f488f2f91bf6f205c16772fe0377,vlsida_openram
2025,66a8a76fb02faeafe07ed07955ae1297ade091a4,vlsida_openram
2026,66b2fcdc91401e553ac494853f0b50b3dfe0f36a,vlsida_openram
2027,66c4782408c8dd440461d4096a210e8c05a7876a,vlsida_openram
2028,66c703d93221da9f7d2af2e6474340b5b6db56a9,vlsida_openram
2029,66c9501621666582c3e6d169b56194f11a5f6c0e,vlsida_openram
2030,66cbe0966c8bad036b655109df37b9a8de22ce15,vlsida_openram
2031,66df659ad464352d1305ce7014aa66ce38c514c9,vlsida_openram
2032,66ea559209c476804433bc12cf5e0c17cd994f88,vlsida_openram
2033,66ff1fe990e29d44cb2bd5a4917abec414a3d49a,vlsida_openram
2034,6705f998557e689b644017619213dac29e7e465e,vlsida_openram
2035,6707a93c3c71bbd4ac5a7dc33dc972f633017a52,vlsida_openram
2036,670b40642b992b5a28022b7d7e2a144207e3b49f,vlsida_openram
2037,6711630463617ad2a0895ddc840247a3b4bc70a5,vlsida_openram
2038,671470f5f2d249547f4ce80c54b93dc8ed6104ca,vlsida_openram
2039,6714e9fac0355b8a55fc6d93bbc49d39e0cbdcdd,vlsida_openram
2040,6716aac1a67c2b208d938e1734ee776bc21e6990,vlsida_openram
2041,6721e2d2501604ab0fdd5e83f5881eeaf0b03ed7,vlsida_openram
2042,672c5853559a54acfe9f66a401adf70fa37180d6,vlsida_openram
2043,673027ac8cfbd2cc2641f12dab0519cd3c5b86ce,vlsida_openram
2044,6743049d44989aa4807e4a1659e00df1e13ba36c,vlsida_openram
2045,6751442d353b39d83434a02bedc9126bfb08f109,vlsida_openram
2046,676b6764c7011e4f8647c8a7538ef2252bbcbb8b,vlsida_openram
2047,677588290d212af919e25581852c699cf3ca1e4c,vlsida_openram
2048,67877175b2af841c07438b51af0ff8b022a58d5c,vlsida_openram
2049,678b2cc3fae9a44aff054ee43e25c160ae7c6414,vlsida_openram
2050,67977bab3e02fb9e07b3a079607553cf1e7b1b8b,vlsida_openram
2051,67a09283033557f2f296801a95cb531f62e5734b,vlsida_openram
2052,67a67111a6e9274847fe4eb960b1d1fcd5f0a7ab,vlsida_openram
2053,67b51ff7f54179ec821533c46a4d8ffbf0227c1d,vlsida_openram
2054,67c1560df0ec7a1a44b07a9d66c66d396afcaf1f,vlsida_openram
2055,67c6cdf3bbddfd3ab16e56339cde955ad8c04663,vlsida_openram
2056,67c768d22c761488c7338b01de6867b2fd796815,vlsida_openram
2057,67dbb4893eabc6818d30f6590bd3a079b0ec0f5b,vlsida_openram
2058,67de7efd49933c5d95c134130013abcf366b6127,vlsida_openram
2059,680d7b5d93522b0c4fd7063d47454c49b62c5a93,vlsida_openram
2060,680dc6d2c7a2069a616cebcb91acd2b0bd669ad3,vlsida_openram
2061,681b3a91aa4f888f9543dc41c9b3a5fb8e679c79,vlsida_openram
2062,68330b4085cf902ea0c2639a2b5ac4c78baf96ce,vlsida_openram
2063,68387ec525e8e398ff401f0352599319cd8e7d9a,vlsida_openram
2064,683f4214b281d54e00641a64247f3bacda6e32a0,vlsida_openram
2065,683f5fb9fc769810cdf18d01fa000de48b1bb894,vlsida_openram
2066,6841de4a5035ab8b0832985944e5c0c44e0d1a6c,vlsida_openram
2067,6860d3258ecedfe595e7dae0cda0335525b82cf4,vlsida_openram
2068,6873342748484ec470205fbeeabbf1730b4a25ca,vlsida_openram
2069,688069cded857efc149aecd4f7793de1d7e73344,vlsida_openram
2070,688a1f1e6076305f706dac6756c2f844d90a8c66,vlsida_openram
2071,68ac7e595505ed0819018ab6e6ed97fd988b16f2,vlsida_openram
2072,68ad436f865f232f90a33108951037435d252dab,vlsida_openram
2073,68b30d601ec133df2b91b5870ac0fa275d3e4272,vlsida_openram
2074,68c00d7467db0e78d702e3bf9b2c7753a63289de,vlsida_openram
2075,68ce3843fe23c4719e55c3cbf1b2fe8160ad5017,vlsida_openram
2076,68d0a5642362e2be5ad85408c115b20597f497d9,vlsida_openram
2077,68d74737f7dff953675abf83e65f7c8635d44177,vlsida_openram
2078,68e7784143e26b897f171e627791ba89bbc8e18f,vlsida_openram
2079,68fb4e3c63521e68866fd995bb8cd3a8a0de5054,vlsida_openram
2080,68ffb94d2e36ae22f5ff3198577d0489798b6bdd,vlsida_openram
2081,690055174d8f9df37118031244f626ca7b060350,vlsida_openram
2082,691f7a989e342ac3538fc04b1d27be9525a1c79d,vlsida_openram
2083,69261a0dc1c289612233bf635bf2c8c638d34460,vlsida_openram
2084,692acd20661f4615107f658af2886fa4afcc9ba2,vlsida_openram
2085,693a81fa8d3f6a94fea025051ba3359d08c760f3,vlsida_openram
2086,694ea5c20ea58d831068fde3c596548420f5f756,vlsida_openram
2087,6963a1092f2074fae0b2b27a7d9e2b109f626ede,vlsida_openram
2088,696433b1ecc6cb2d0076b7e289674d37290c3266,vlsida_openram
2089,698020301c68d8440e9b7495a4cd7059b06c77a2,vlsida_openram
2090,6981cfa58bf972d209c8515675c51b30cdf37ac8,vlsida_openram
2091,6990773ea16edc06e5e7670fc1ba38bab1a5914f,vlsida_openram
2092,69921b0844dbcf75db5dfb558f227d93e8c93a7a,vlsida_openram
2093,699f7b311ee4879329f5f43152e8e746e9883821,vlsida_openram
2094,69a15601865ff2e97c26db016f5c4ec73658b8e4,vlsida_openram
2095,69bb245f28eb5571889cd6a021fb24facd357b93,vlsida_openram
2096,69bb6826dcdb1074f7ffa8a232637e7cd10ff10e,vlsida_openram
2097,69c5608b53fa6875a228e71261823d25db4c87cb,vlsida_openram
2098,69c988f8538ec1cd9f294009bd262f2c37b35fcd,vlsida_openram
2099,69cab426760def426a363934bb66a4e818ac15b2,vlsida_openram
2100,69d0e5e3725bfe10b739757a295f73a95ee9a64a,vlsida_openram
2101,69d5731d6778f4b87bc7517ac06b6d28094abb67,vlsida_openram
2102,69e44c78d8cbe646bfc1182116e0a457584646f6,vlsida_openram
2103,69f56212451979103987bca315b172f719a11383,vlsida_openram
2104,69fe050bade334681cdc874e128ae923083e48ad,vlsida_openram
2105,6a1f12b62db320a65bd0ed9bc1030f1d0463aac4,vlsida_openram
2106,6a295aeb38f91a88776fa32990a8251b8e1217cc,vlsida_openram
2107,6a3f0843ff279113f218484680f030057eee1fd9,vlsida_openram
2108,6a4bd622067d25ddae5e6c695c96380f0ecfbe09,vlsida_openram
2109,6a4f6cbbed8c63b80ea7a7f2a6a8dcd2644813a9,vlsida_openram
2110,6a6ac026dbe3b0e907e571a8b9b2a69ff9347b93,vlsida_openram
2111,6a723fafa160ca15f44668f081c3aebdb4a06180,vlsida_openram
2112,6a7d721562d2804b4e85ffb26126eacca7c03308,vlsida_openram
2113,6a8a76dd23a422eb23de332e3b8c9f728dc90e91,vlsida_openram
2114,6ab4f5363aec9db5f10399bc6fb5cef1238f420c,vlsida_openram
2115,6ac082ce239db4cec7ef5e21c0ec7fd9a701e201,vlsida_openram
2116,6ac24dbf0cc1a442cadfba397ab65c2d1c8fd900,vlsida_openram
2117,6ac474d642372df526c67b5e41bb439bd90b25b5,vlsida_openram
2118,6ac5adaecad77d25d64f95de58c0acfe7ff9a5be,vlsida_openram
2119,6acc8c89028fd8f8d8aa65488b5fcfd4284ef59c,vlsida_openram
2120,6af9c556a95f629ce4dc54f9e09004ae07574934,vlsida_openram
2121,6aff552c0ae32034799510699cbccfc4deb72090,vlsida_openram
2122,6b053c8185778ce4ac8eae0ca49463cf1a1a52f3,vlsida_openram
2123,6b0b4c2defa8217fb3176a9b3079eb3ecb4d7026,vlsida_openram
2124,6b56c833df36ce4bb0a93f5f95d37d68a0c73663,vlsida_openram
2125,6b5fe8a0967a224d3034e345ab6ffd7e68ec37cd,vlsida_openram
2126,6b8d1430731d2320cab9749256110f97a30f4a69,vlsida_openram
2127,6b967c08dd6d00f39750bebc8878a74365d7f031,vlsida_openram
2128,6ba2a9bca772841f90a9d6b77a0b442ec07cb021,vlsida_openram
2129,6bbf66d55b28dd5e88fedf01947b8ca937547c0f,vlsida_openram
2130,6bcffb8efb680f1321098580c52e59bf3fb0e2a8,vlsida_openram
2131,6bd437cfa8efd8e3d8d8232a8da77f07ab3fc8e6,vlsida_openram
2132,6bdcdb8f379ce2bdc9c956cc5189325c1f9aea81,vlsida_openram
2133,6be24d4c6c0b1ff650099871b3c226e88252a550,vlsida_openram
2134,6bee66f9dc0899a07d5aa77788e9029a6b1602fc,vlsida_openram
2135,6bf33a980fd357f94516dd446f19e2239a21ed4b,vlsida_openram
2136,6bf4190dde5ad84e5b5808748d7b66dcbcc730bf,vlsida_openram
2137,6c04166876eb2ced5c3ebb96ba893f98cd0933e7,vlsida_openram
2138,6c17734712a6b96dd3bbf0fc447626fbd8ca53f9,vlsida_openram
2139,6c1c72c520d096775ca784569329b9c269cf207c,vlsida_openram
2140,6c48c8fa9414382e4d0a132f792fa1667e0630b8,vlsida_openram
2141,6c523a75561cb3e4ff9e65b1dd0b953c4b028a37,vlsida_openram
2142,6c537c48847f01201a00e27beaf736cc4404d568,vlsida_openram
2143,6c70396a05b9f473b6399fc08834363e710c0dc3,vlsida_openram
2144,6c7c6a9fba6ca226614e7146eccdf9b569919c98,vlsida_openram
2145,6c89f7965d08ac08770421f947bd4a89936c2fdc,vlsida_openram
2146,6c9ae1c6595659f68ad3b15332ac4fb4dfb486f4,vlsida_openram
2147,6cd1779f7b7299bc271e96e3e16809f73971b259,vlsida_openram
2148,6cda5415a4565a74bd69a28b961b35255f9b0f06,vlsida_openram
2149,6cdc870091d07f3e6bd633837087684968f2f678,vlsida_openram
2150,6cde6beafa86f53ee64df4568679bb46f5d4924e,vlsida_openram
2151,6cf20a03538bb318e7325e65d37a15ae6b23c376,vlsida_openram
2152,6cf7366c569c5c100b4fb549942386e1e11f3a23,vlsida_openram
2153,6cfa20731c09d0526adf6d348ae350931b8fd9be,vlsida_openram
2154,6cfb22959c6b85df1bacc4c67156353c93dfe8b6,vlsida_openram
2155,6d2a35e929991922398f36696fb34faf5c549f23,vlsida_openram
2156,6d3884d60ddb6ac96c9ce57e11e87f538b138dda,vlsida_openram
2157,6d3a29328c348bf0caa54b3461c396e00e501464,vlsida_openram
2158,6d48bdf55a229db277907dafe62663690c5b050c,vlsida_openram
2159,6d6063ef4eeb4cf3715afbfd4312e273d0c3fe67,vlsida_openram
2160,6d71c3f79010bb57ed6ddd9f28c80bbf02633efd,vlsida_openram
2161,6d83ebf50f03df119d84b1d33373f94f125e3805,vlsida_openram
2162,6d8411d19ffbf6ca28fae5e0a71f47f9e9a2d44d,vlsida_openram
2163,6da3e44b6f62d9552c03f55f9af9532580942066,vlsida_openram
2164,6dc42a7bbbb4b05351ebe5ba1a99e72fdb79c4f9,vlsida_openram
2165,6dc42c41253934863651d1931e8d65b2b539df0a,vlsida_openram
2166,6dc72f5b1e6937dd5065f09002b383f1ae03d34a,vlsida_openram
2167,6dd959b638677487a234c87eb07630acde37f553,vlsida_openram
2168,6de5787e5840cd59649f19460375716c913e29b3,vlsida_openram
2169,6e0008403e63e879f7615b5769a49b7f56af8f2d,vlsida_openram
2170,6e044b776f29e09c8785aa176ed6ffe2172cb52b,vlsida_openram
2171,6e051e7f06474b2eedf3c467f2232c5d3c1e08c1,vlsida_openram
2172,6e070925b642691f412d5fc0fcce563edef9cd3f,vlsida_openram
2173,6e0a1b8823d6c9320e19dd6d3f6f6195120ce615,vlsida_openram
2174,6e12d4d46cd38dd0f7873a9e111f351ace03b469,vlsida_openram
2175,6e13441e03627eccd92b91bd046427a766a3190a,vlsida_openram
2176,6e227717944d2c3002c782435eb2f91b53c971d8,vlsida_openram
2177,6e2a5d7a1a29118a1a3d9620118876d5538f3112,vlsida_openram
2178,6e2dadeff56c3bcc66e4ecd436349180346d7c61,vlsida_openram
2179,6e2f60353c3ccf86d6cfd1ed78961817bafbc635,vlsida_openram
2180,6e332e581a19f8db37ce32cab373d4700e0ed228,vlsida_openram
2181,6e3e964c1206fd98cc0fe10c5936064c2769c321,vlsida_openram
2182,6e40e2b9c7499602af880658d55e272ec01eadfb,vlsida_openram
2183,6e47de3f9be24b3b5ad3619bfb60191e04f789af,vlsida_openram
2184,6e51c3cda03d5ea9045ba3aa86cb4ff82bd896cd,vlsida_openram
2185,6e7d1695b51087c793905d1569fc7cecb1c7dbfe,vlsida_openram
2186,6e81ecde54cc68e16bc117fd5be76dd141d38c94,vlsida_openram
2187,6e90bf0d6d0dccd2c1f70544796fd18dbe3277d7,vlsida_openram
2188,6e9437356a902339254ae01036da16130c2add02,vlsida_openram
2189,6ea4bdc5e5a3635df86137a0139499287fe94dd5,vlsida_openram
2190,6eac0530a103ebbaf5a1a1ec848d457c5f38854a,vlsida_openram
2191,6eb0ecd82b0fe1e2b15ddc06f3228f9750c95416,vlsida_openram
2192,6ee4697711c2566fad10e9c72d80e06eb8a1f8c3,vlsida_openram
2193,6eeb81b9fe0fc1d79936a610716f8de8b0c22790,vlsida_openram
2194,6eebef8c72684219694d0772d7aeda39fc1f42b7,vlsida_openram
2195,6ef1a3c75513c80a0633da0a67176361ff37e764,vlsida_openram
2196,6ef1b6a4ec499db1d7da8af017aa4c36f8d2f771,vlsida_openram
2197,6efe0f56c2e2dbfce72130119d597235757faa39,vlsida_openram
2198,6efe974d7be499b2e6e771b7d266095ab53bc16f,vlsida_openram
2199,6f01ab4792f679e4d5cada0e452edf3428ed8e53,vlsida_openram
2200,6f06bb9dd511fc8b39f072b374bb08a1b8695fa1,vlsida_openram
2201,6f171ad14713d3f14ed74c593dc1c1dd6f5d968c,vlsida_openram
2202,6f1af4d0c93540d9512a18087353acfdc101524a,vlsida_openram
2203,6f32bac1a243bcbd7f7d14cee64eebc7b2baf237,vlsida_openram
2204,6f33e8102fd2507a0ef9d10dbd33a42989a87b0d,vlsida_openram
2205,6f4d9f17afe51b9e7878d75ca428e3018d9c07e3,vlsida_openram
2206,6f5b7c02643eea5a8d512784e914d89ec1e43058,vlsida_openram
2207,6f696e312e14fb947ad934e7d327366dc13e3d27,vlsida_openram
2208,6f6d45f025a6fb179ecaf30aec1f29e73faee4d8,vlsida_openram
2209,6f8744712d26106a030754fb63bee2fd3740776b,vlsida_openram
2210,6fe54c9c76a8e7881897511d9d8f69c8229b96ef,vlsida_openram
2211,6fe78fe04a9e42d0d4ecf9f39f2d1961464c4373,vlsida_openram
2212,70143a8dc97e38cae075964631569aca87a33435,vlsida_openram
2213,70151059a147c90f16c1ccccb5afa78ae62a9205,vlsida_openram
2214,7021b8050697d7ed95471aa5a0c8ee26e932379f,vlsida_openram
2215,70365a81162ef0d53726d0affeb6069c3e16b215,vlsida_openram
2216,7038fad9301e3229364feb084233bb074cafdd91,vlsida_openram
2217,7048a072e2344c6e053d320555c2af02c5b7cb43,vlsida_openram
2218,7054d0881a3ce7ad463f5f0546c2116febd96cf2,vlsida_openram
2219,7054dcc42ef65fcdeb2802b67939e4ab6612cbf2,vlsida_openram
2220,705d8e31054c3433052da83186935018d398cf9f,vlsida_openram
2221,7076c376e03ec075393a26b444613cf13dc28789,vlsida_openram
2222,707b55fdcead89b36b19843739af1a63c5132128,vlsida_openram
2223,707f303eb7071fb51711fc8d6ce9c0c4ae7e477b,vlsida_openram
2224,709535f90fee00f0a7258aa7a7c354c81174b086,vlsida_openram
2225,7099ee76e9312892f559e6bc7b7c3922362185a6,vlsida_openram
2226,70ab672c5c376fc2e43362bdc7b398ffac4d14cc,vlsida_openram
2227,70ac2e8aa4003d4efdf515804dc6db7a55811a96,vlsida_openram
2228,70c83f20b6728ae6251eb407d0d462afc7f51e5a,vlsida_openram
2229,70c90ca7fb686d0eb4dd29d10f055103f8fcef75,vlsida_openram
2230,70c92c27efc753c01803e68bc0f763115afe943d,vlsida_openram
2231,70ed2a506e96068be58f7b527ce9937f00740a71,vlsida_openram
2232,70ee026fcff9f76a22ed0cb382fca75513c74a51,vlsida_openram
2233,70fe90f0af96bb347e2709779a08e1e52a220161,vlsida_openram
2234,7100d6f9041ea058a9b9643675748799412c4509,vlsida_openram
2235,710b6d64d7373919ca39e432d28780ee2f1fae40,vlsida_openram
2236,710f0fbae58c3a33c00fef4856490d1926ae5f6a,vlsida_openram
2237,71177d0b706cce31204b672acae58b47449834d4,vlsida_openram
2238,7119f9a131650164e23a9ac66ed46d2f4ade53f8,vlsida_openram
2239,712789527003a5014aacc0ad283a5b43ec28b177,vlsida_openram
2240,7129f79dc41eb2bb2c97d46d8b505ca07143e54f,vlsida_openram
2241,712b71c5ca0095a99fb1dee6d1da8ac60cf8ac63,vlsida_openram
2242,712e5e21cbb2d8e3c97eec360aa00e8c4ac014a6,vlsida_openram
2243,714b57d48e291b8012292625d186ac80e497a52e,vlsida_openram
2244,71606e10976dee51914b7db208762cb4e788be5e,vlsida_openram
2245,716798baae3a7f1e5e912de9d9d5a33223d07fd0,vlsida_openram
2246,717188f85c47dc8dccaa822ef5d7b20e5cdec2b5,vlsida_openram
2247,717718ed5a96b27f144a40a040e1a9f6e716a49a,vlsida_openram
2248,717cbb0fe56f4b3b66c53a771824d093aa67fd26,vlsida_openram
2249,71831e773766d0da5ac98a10a9cb6f89836c931c,vlsida_openram
2250,718897e1235818a34c2916b6306f316c8982afc0,vlsida_openram
2251,718c32752721042d31f3319a0b89fa06cc404bef,vlsida_openram
2252,71955c4d0174230452358b0abfa5d0224b49a1bb,vlsida_openram
2253,7195d81736f37e55e5332f261788d69f028aa72c,vlsida_openram
2254,71a1dd8f38471016ef59702fea2ad90bad199ace,vlsida_openram
2255,71a8394cf8b5afa92697f4341dda9259aa3656c7,vlsida_openram
2256,71af70a6363abff55275c333d5defe4aa1da3172,vlsida_openram
2257,71bb1bb9f10e97a5674ca4cc50fba9b1b55272c0,vlsida_openram
2258,71cbe7401788736119e6827bede68c98b9f82e92,vlsida_openram
2259,71d86f88b00e6885bafd5ca532e2915b1c06acce,vlsida_openram
2260,71e4a5ab6c547624ce58b870e6b3d349b80df32d,vlsida_openram
2261,71f241f660fe4f35dc7377baba1773959effa849,vlsida_openram
2262,720739a1922c10080765072722451408ec7a7125,vlsida_openram
2263,721f935d6679173a1d03c109c01cbc69771c618a,vlsida_openram
2264,7220b23402c396e6a6cca74757ec056349c359fd,vlsida_openram
2265,7220e0a48374a15fe0ec0630d4e7dddc9a332b53,vlsida_openram
2266,722bc907c41d59252354de7ae223cc82428725ee,vlsida_openram
2267,723523275eb4f5f93a1c80a3da17d7695f12e18d,vlsida_openram
2268,723ec9925f21462b50f7e1e26215a0b5c7a1abf9,vlsida_openram
2269,7259c197d8567938b12767d8a8bc06bef9bdf11a,vlsida_openram
2270,725c4423cf1b5c0e18843fbc582f8a082bed29cb,vlsida_openram
2271,7293eb33bc1450885f0d39925cd29d2c5e42adbd,vlsida_openram
2272,72b0617e81336023abe710c3e96a4bd3aba4fe4c,vlsida_openram
2273,72b3072e3fd8e57284444d3469c5ac3b5bb5f042,vlsida_openram
2274,72dc1c58da0f724e92d10482ec55f62a3868bc8c,vlsida_openram
2275,72e16f8fe6335c846a139c799ed7853d25e22b7d,vlsida_openram
2276,72f4a223c3c390250b8bc3f52f08fbee22765c95,vlsida_openram
2277,72fc92ad95ee54b71839abc96929cf1fe2ba500a,vlsida_openram
2278,73021be8eba80d667cadc457e847e5a0e7eecd20,vlsida_openram
2279,7309af7e29567b0e4d54d927a4adca2d9088e48a,vlsida_openram
2280,732404b3304fcbd01487d0a9649439a31dd7ecaa,vlsida_openram
2281,73289a60901bf6bdc622c9305ceecd82f80e1ce0,vlsida_openram
2282,732f35a362776cc09d1eb0637f409863d03aae1a,vlsida_openram
2283,73388e979762886ff615e63aa0b7f7ce6655ff9c,vlsida_openram
2284,733be110a2724d9ec26087179bc52d8c3a47267d,vlsida_openram
2285,73401a8a82b3be6da07cd2bf33dcc0fcfa803217,vlsida_openram
2286,73443c8c950b38cc6c31f89adeeaa35922431bf6,vlsida_openram
2287,7355fc91f82a4e95eb3ddd14e81d287ac478b4ae,vlsida_openram
2288,735d66c9f176cbd530fdad07b80c77ec7ae9662e,vlsida_openram
2289,735f9cf450e647df4a9b2ea31eb1a42ddd9fc29a,vlsida_openram
2290,73691f60548d87791d70c3224f664c1c6d5a792c,vlsida_openram
2291,736bd51fe101c3901ea426577dac99c6fbfa776d,vlsida_openram
2292,737e87392304ba76c08f99d7a19e473bda160ddd,vlsida_openram
2293,7385decbff33b4f7c7992fd09919733586cdc04c,vlsida_openram
2294,7396899769bbb680e0640d2d878b383cefa174a5,vlsida_openram
2295,7397f110c5da825131f5c75152be706e43c5324e,vlsida_openram
2296,73b2277daa38b35e1469cfdf19f00487f7cb58c7,vlsida_openram
2297,73cc6b389155d44d09cc15e9cf7e83d406ea5ae6,vlsida_openram
2298,73df825ac6d680dd1332aec294e378ce2d5caee8,vlsida_openram
2299,73e2bd2653516a0cb1d90bbde4a1a009703bbd9d,vlsida_openram
2300,74064fc854a217821447227d2878d2b0272469b6,vlsida_openram
2301,740cff985a4d183e398234e8da3f8dbf2369d3d8,vlsida_openram
2302,742745070820c554c8d00f58ac2bc094f057b0c6,vlsida_openram
2303,7432192e5ed0ab4d1235ae8d59db959f8ae5440c,vlsida_openram
2304,744ba0e892c1de9474ad486cd338ce8787dce833,vlsida_openram
2305,744dfc5fa7472f1e1b5c730c7ddfd6b30ed7ab85,vlsida_openram
2306,745450fadcbd3700cadc0dcf8552e23207a5597c,vlsida_openram
2307,7461f2b1bfa3aa1b3088c16d289bfe76f157d685,vlsida_openram
2308,747500460045bee2bcc3dbe5cd9050c88ae8b590,vlsida_openram
2309,747af592bd36bce3f6dbeaff79af332881d7ae8d,vlsida_openram
2310,74a1e21485fdcbe997b0e3c8b3491f2ca706cc6b,vlsida_openram
2311,74a22fb515cad531a118dc66d28ee5d2974c5c00,vlsida_openram
2312,74b55ea83ba39e9001955372d38e01f8d9b2a482,vlsida_openram
2313,74b806fa3811ea247e071c4129bc1706f2c746ad,vlsida_openram
2314,74bf3770d9909460fe92f3c568d31cba7633269a,vlsida_openram
2315,74c2c5ae0eaf2ecfe1aa6e999d2d2bff769620da,vlsida_openram
2316,74c3de2812587526f21629f903bed377499ec8bd,vlsida_openram
2317,74cab877820369a0762ed5003409ecd737e354a8,vlsida_openram
2318,74cd4f989d82ba9a92834cae821e3fdbb96116e3,vlsida_openram
2319,74f904a509c906d6f1be0b71835a9102eec9c35b,vlsida_openram
2320,74fbe8fe63ef6b2e7b43a71c8119a5b187ac0d80,vlsida_openram
2321,7505fa5aef116220975e3670091e927cdd93ca37,vlsida_openram
2322,7506ba81be975b7657879d71adf4149503145aca,vlsida_openram
2323,7512aa6e7046e021db9d65e72d5b0d9912502f70,vlsida_openram
2324,751eab202bd308b715541424fe0ca9b736ad347d,vlsida_openram
2325,7531e38cad0df26523df7f959595366be978fd87,vlsida_openram
2326,7534610cdd63090542cdd471152794cdd0c498ea,vlsida_openram
2327,7536efd73e252751cb428fb49b50411ae8fc7e27,vlsida_openram
2328,7556872a750d9212180c09f2688b3e466b84d7a5,vlsida_openram
2329,7567db6fe9586ebd6ec441a65d8fe187c719e81f,vlsida_openram
2330,7581df22557bffe6997a4d87da770bc2093aa496,vlsida_openram
2331,7591f25a2edc6a478b32269ec609d42612e9a177,vlsida_openram
2332,75a388456828111148cf7514fc95b6f9aa39a24a,vlsida_openram
2333,75bd2b46a548b888eeade14fdfa27895ab337e2f,vlsida_openram
2334,75d77095d0d26533766394adc43677dcd476d58e,vlsida_openram
2335,75da5a994b6fed44e7bf01cb9153a69875143ea4,vlsida_openram
2336,75efc476f7b3478c10251407c4ae367fa92a270d,vlsida_openram
2337,75f7a5847f3e57170d75e1ea6094ca43f64c5095,vlsida_openram
2338,75fce9894c13545fb4da4f681f04dc92bae4650c,vlsida_openram
2339,7610f23fc7b303bfa085e1011d99ce7f2fe4c3c4,vlsida_openram
2340,76256a2f1bc2587fd9cc6554754d657772b67941,vlsida_openram
2341,762f2d894c828f3dc1fef007baa99b81944f21b3,vlsida_openram
2342,763f1e8deea8eef0169903842df1dc0255a4ae69,vlsida_openram
2343,7645a909ebbfca85c61ea49226e040528549cb84,vlsida_openram
2344,764601a721da2bc62d5f1342fd8b84afcff418a8,vlsida_openram
2345,7646ff282df2d17adb8a4bcecc51277064a3d6e7,vlsida_openram
2346,764d4da1bdbc5519fa5902007ae68253817b4d40,vlsida_openram
2347,7654cd729540727f6216dc41797d859a50382117,vlsida_openram
2348,766042fe6970ad3f9919966e9f698b0eb3934829,vlsida_openram
2349,767990ca3bcbfc9b99ad3102fbaf29081f9f68a3,vlsida_openram
2350,767aad9e83e4cbdb383b1a542b63da074852a25d,vlsida_openram
2351,769633a45952680a990f0dac355633403f932d4b,vlsida_openram
2352,76ab48def5bafc5a4152aad4e1455cece5de730f,vlsida_openram
2353,76ad2e68c06ce4538fb30fdd1a08a20a901135a4,vlsida_openram
2354,76bc4e1fc26c5cf35932e6eabb02bff5dfe10f37,vlsida_openram
2355,76de842e865d69459b1ef98e5f680c08f1fec4fe,vlsida_openram
2356,76e2ab88fe4097ffa51e0387ba72165bcda49e68,vlsida_openram
2357,76e5389c3384a8221475b5fd5e04136b991d12a2,vlsida_openram
2358,76e8487e717f185951449b462ec6c0a2c420993e,vlsida_openram
2359,76ea89e06f6b9fe7ac888e994dc5ab5b3f2bbb68,vlsida_openram
2360,76f338e982e8fa77226ab2c41b5725733174cbe2,vlsida_openram
2361,76f5578cc1f2ec997dd5386f62bd9ab7bd89a5cf,vlsida_openram
2362,76f7019432d0ba2d0625f7ab51e11fea93c7bd5b,vlsida_openram
2363,770533e7b1eab1e03bcbdbaaa1901d4cc2ae2de9,vlsida_openram
2364,7709d5caa75e4bfc5c1e58729f09d218d3923ad9,vlsida_openram
2365,770e824c4978508541c827b587fa74d8031a40af,vlsida_openram
2366,77229d5121e7180f3a7244450603f6cf326eaa47,vlsida_openram
2367,77277e19a6161b28753c090d936f3a2f2d937fdb,vlsida_openram
2368,772fbd6f9650f77f5b5c163ac05ad3bdea1c4afc,vlsida_openram
2369,7736d3b92774e18d035a736e57aa45660dfbe83d,vlsida_openram
2370,773ea1af0d4b9983107b8a048e517febe88f4e3f,vlsida_openram
2371,77423ac0693c64d2e1b18b9f23a5d28a4455b56e,vlsida_openram
2372,774c14ad750fbbdb3b32be19a9a565a610a1dbe0,vlsida_openram
2373,774f08da513ea0c62f244fda46939892cbd12689,vlsida_openram
2374,775922774ac5f731a3ea65ae620c0513b00f5553,vlsida_openram
2375,775fe7b57ce2cb755848d1da93b3e596d314c4a7,vlsida_openram
2376,7762e9d477a6741fe05a7c72219a8af4d301cda7,vlsida_openram
2377,779d6ad2b2d1502fa46da1db5debab1c55c2a566,vlsida_openram
2378,77c95b28da19b37ae638a50b85d53c7bb06bb206,vlsida_openram
2379,77d7e3b1cf0436039315b06bad0f22793e520fd3,vlsida_openram
2380,77e786ae5e061f4a1654827a9b104512e198730b,vlsida_openram
2381,77f221d8591fa772122f947139c76690f8f44ade,vlsida_openram
2382,77fb7017c482f58c86d4b039f22940e738bf6a22,vlsida_openram
2383,78013d32b763ddb7b5245c0d6d67e8acf68ae3db,vlsida_openram
2384,7805fcb21e344938d2ad1492c0f5d9b3d0485b79,vlsida_openram
2385,7819844269f8f0fe67e2edcddf2548dadcffe27f,vlsida_openram
2386,781bd13cc190578d9a9facb22f2900ae320b9568,vlsida_openram
2387,7836929db268f27d3e3502c39f44e631f992e268,vlsida_openram
2388,7843ca420975e65a53eaa96661866f1d24edb673,vlsida_openram
2389,784bad2e99160ad5991e4c2baff58e4c8e50a4b3,vlsida_openram
2390,7872b6a68cc34e4c9377ae7bad0958615523a7c8,vlsida_openram
2391,7888e54fc4e6b652e98339d3775d40c523e27952,vlsida_openram
2392,788d7e5474e610a580c5967e03cb7d726efca95a,vlsida_openram
2393,788f3d91223c83262b07344474cfa8524229a79a,vlsida_openram
2394,78966824dbc65432ca6fd31040b2b5573fabcc5c,vlsida_openram
2395,789a8a1cf06999de81a927dd3ee25c903147ec2b,vlsida_openram
2396,78a2472bbfa8f3625608e6b2abd320a07fb00e81,vlsida_openram
2397,78a857d0dfebdccb253713532ff83cf093b37a21,vlsida_openram
2398,78be525ea02c91a47736e5674c8726f68438ea0f,vlsida_openram
2399,78be7248673d7403d4c910eaec05204a0a39547d,vlsida_openram
2400,78be9f367a3efa6c7df338766500d5d82a78bbd3,vlsida_openram
2401,78c4ba5fc03e49aa5e365181a4e5fc959835682b,vlsida_openram
2402,78c66d7c3453b7bca2774012998381fd3e892c73,vlsida_openram
2403,78cabf9ca3c051499ae6f1849300d80038299509,vlsida_openram
2404,78d4e2aa8bedea2ef28716823e3f086670df7b8c,vlsida_openram
2405,78e5b60380d96a73e3d966cea109af27fd5aad3f,vlsida_openram
2406,78e84ee8dfa8818c48f35e0da8fa2e80d740bc0e,vlsida_openram
2407,791d74f63a06724c7baa28bb8d168ba0599bf3f4,vlsida_openram
2408,7920b0cef99f0ece902a14c47fe5c37e9fa0f263,vlsida_openram
2409,79391b84da278637106cd04843e4747fb5aa4889,vlsida_openram
2410,79465cc2e1b55b510eb6a5be7e385c78ec8bc5c6,vlsida_openram
2411,7956b63d9f9cf84f2f27d8397a64a9219fd9ebf9,vlsida_openram
2412,7969ac28467ec063f78d503598e71fb1be19430a,vlsida_openram
2413,796b1913cf484b0c2b2cf8368a9d33ccb3241d53,vlsida_openram
2414,79715ae1a29e31588122cc5c971faa54a15b4e44,vlsida_openram
2415,797c41c75011d7506c19cd9bbbc06e442822bff1,vlsida_openram
2416,7995451cbb669cd346fca33cb8f4a9889e5434ce,vlsida_openram
2417,79a10dc63bbd3af2e7f9d0d9fadfc9195dc32fa9,vlsida_openram
2418,79b3b9a8b0b231461032333591137dd15f6e8996,vlsida_openram
2419,79b5c023c5decc70e71dcf9f6bb7d3b29cecb360,vlsida_openram
2420,79c4b3c4cd83ea79dffe19d7a8765b4a8a3af5a1,vlsida_openram
2421,79e3f012a84f7d8fa447a531cc66be6c8618c245,vlsida_openram
2422,79e5c1ad8651604a37517496d18dd8748da0a140,vlsida_openram
2423,79e6eea9769e8b5c68f1fff6fb68be4b4b7f860d,vlsida_openram
2424,79efff9ca692ef911fe0f633070f642594d87586,vlsida_openram
2425,79fea50519d5c2025f4d90668f477e98d064e162,vlsida_openram
2426,7a0f5e15db4630fb3c95eed1633cc89e373c54f4,vlsida_openram
2427,7a14cf16e00b72e3120d13528168e9a8a014914c,vlsida_openram
2428,7a152ea13d824ac10770ee8583c65bb43f412b14,vlsida_openram
2429,7a172873a3ef3f01b8dbc29d5578dcdc1b8730be,vlsida_openram
2430,7a2042003081b80e2a5c836e8ccf7d286736ccd9,vlsida_openram
2431,7a23550ae0491fc79c7fcdb2d7ab9eaf83491f2f,vlsida_openram
2432,7a602b75a47280399260235fb8ef0edd6e3d4f4b,vlsida_openram
2433,7a60eabdfeff06477384710999e0f014b6d081c4,vlsida_openram
2434,7a62ec00304b799b1e8f9b35fea5d1fa7fcc685d,vlsida_openram
2435,7a69fc1bca19e0c42a3efaa7208bd52c9177847b,vlsida_openram
2436,7a7ddebcca5002d12bfaed102331dc5652079e1a,vlsida_openram
2437,7aa42f9a00f1b173bc8a0bc36fac98ae7227848f,vlsida_openram
2438,7aafa438978cd4f38afa501d40357ddea0593ce6,vlsida_openram
2439,7abaf0463ee72612a6e258553390959fa904f2b5,vlsida_openram
2440,7ac4574e4f2bbc97310e2906e09009b84877ae5b,vlsida_openram
2441,7aceadf9ba0ed934904e94a5cab131c828909d0a,vlsida_openram
2442,7ad2d54a69e008aa7d65acce25618fdd5131cc15,vlsida_openram
2443,7adeef6c9e46e3f43259ed8594c2283422a0b167,vlsida_openram
2444,7af2badf31c00ef033d88a6e800dbe3358ddd4ff,vlsida_openram
2445,7af95e47230d191a6811bbf2ef079bd62b1e7558,vlsida_openram
2446,7afe3ea52ccc651653a2bf58010f7b2528e4a46c,vlsida_openram
2447,7b029a4582741422a8cc3cb7c91d7644e8057dcb,vlsida_openram
2448,7b10e3bfec99ec2f36d96174b14e86d0cc525bd8,vlsida_openram
2449,7b24d1f012c7ed1f20598c0a08c028147efe3ac7,vlsida_openram
2450,7b259d750e2845f7acdff653ab4281e2e9082b54,vlsida_openram
2451,7b270514e1b528a76bdcf1729383f88e79665b2f,vlsida_openram
2452,7b2f73d8b99c0f2ce3d7d3a0686592eef230258f,vlsida_openram
2453,7b315a3b696fef09f08ecd12f3362dec71d00ae0,vlsida_openram
2454,7b492744d5e1277c6909660d1c81b54906f84087,vlsida_openram
2455,7b4af87fda433c6ca32311dbeea15b8b2917ed86,vlsida_openram
2456,7b4e00188573e2a30f1f1e6d36e0d20d3c81aa3c,vlsida_openram
2457,7b53dffbc6629d50fb862fd6db778819e480b25c,vlsida_openram
2458,7b5791b0e996920920201ded06bc7940aaab05ae,vlsida_openram
2459,7b773789273b80c82fe4c70abd6ec01260d63ca9,vlsida_openram
2460,7b7c72706a76b004ecbd559d38eb815fab367830,vlsida_openram
2461,7b8c2cac301bba26686eefbb7213d5995a93933f,vlsida_openram
2462,7b90b9a0e6be861d206ca078ae10874fd8120a8c,vlsida_openram
2463,7b9e7ff35bdd89ad094419338b2c9c34d8a939f0,vlsida_openram
2464,7ba97ee0ba6c422d7d70acd2e97ec3035cd2be1d,vlsida_openram
2465,7ba9e09e12bc81b361d182d9795b10aeaea02d3a,vlsida_openram
2466,7bae37c026a0484c7d35226b34a179a429956267,vlsida_openram
2467,7bb21fb73f39322826a0e9de5f2bcb83c0c0651c,vlsida_openram
2468,7bd312faff775b99e291a643908bc5f9d7a0694a,vlsida_openram
2469,7bdce3ca9a9449ba8f403d6fd6e560a886ba5690,vlsida_openram
2470,7be6f2783b41698926a08a2d92088bc24df4333f,vlsida_openram
2471,7bed5bdd1c6fe7d32c5c56d21e7e75f9f20b5602,vlsida_openram
2472,7bf271fd631fab3dd4c9e3802db3d86dbc94d9ce,vlsida_openram
2473,7c001732b1d39abda5e9933d4cbf92954e6e7710,vlsida_openram
2474,7c15773e173c5c6fc6ff7d87fcc040eca2eff409,vlsida_openram
2475,7c254d540d83bb47b9765da7b60e537ab1dac6a3,vlsida_openram
2476,7c3375fd4be0d33b5e900cbc6c736a01953cdaa9,vlsida_openram
2477,7c34a6404aa6b5062ff7fed4b1c42aed3efd2ec1,vlsida_openram
2478,7c453e80be5e73ee55a700114fc6837c298e0e50,vlsida_openram
2479,7c50708158c7ec1ff2fc2f9212807b4d984e50c5,vlsida_openram
2480,7c6974dd08f8e6ec33314bb10e4055442b53aed9,vlsida_openram
2481,7c83ef3f04ed88379f6bd3cdd8f67394fd225697,vlsida_openram
2482,7c9c16e29c00778e85858f65faafed2a405bff2a,vlsida_openram
2483,7ca5c0b34f9b9b3fa4e0871df7981342252fe577,vlsida_openram
2484,7cac1a03573840f941948e9c35d8a56f853cc4a8,vlsida_openram
2485,7cb3091140b3b6a68965273f9ef01b9467fd9be7,vlsida_openram
2486,7cbf456a4fa502b2e5262fb1adf43d3028e04bd6,vlsida_openram
2487,7cca6b4f6905425b2d7439bdcef590e10ec471f8,vlsida_openram
2488,7ce11eba52e9691f72598e7d91f7066f1e456258,vlsida_openram
2489,7ce75398a8e4f3fc6178441eb55be65a99429d7f,vlsida_openram
2490,7d070c2652dc30a636479644bc75437218bc9574,vlsida_openram
2491,7d0d59087912a430f8dcef4b7349cea234c9391c,vlsida_openram
2492,7d2f4386e28c9f7b6dd7c31ce093fb2df6d64a34,vlsida_openram
2493,7d3015868a71c12a2899ec1dd462ea67d1a73748,vlsida_openram
2494,7d3f7eefac0c4615daf0564487607ff77b9f0c4b,vlsida_openram
2495,7d4b7183440768c7742c3b67e65d13ee35f6a334,vlsida_openram
2496,7d74d34c534e672ef644caa43d818124b0d004ec,vlsida_openram
2497,7d7f849b30557ce79bc21697e2e145b1ec6e4082,vlsida_openram
2498,7d7ffe76e0301fd288ed5273baf7092ad355ea84,vlsida_openram
2499,7d8352a04d4f1f1e33609ac72ea93420fa16804f,vlsida_openram
2500,7da3653ce55f010c08fcebbfa7cedb8a51262248,vlsida_openram
2501,7dc33285a77bc5b2735049aeac13a472e1b20060,vlsida_openram
2502,7dd9023ce4f482f65000b882d74bbcf6bb2d9d3e,vlsida_openram
2503,7ddb1a39dcb892fd251aea1c1d52ee1ddb104769,vlsida_openram
2504,7df018b065e0895fcd097e921893e63479837218,vlsida_openram
2505,7df36a916bb46def9387878590f3c268ea27263e,vlsida_openram
2506,7dfc462ef67e259a07d66773e2da66172457e9be,vlsida_openram
2507,7dfd37f79c439d3e27b60359d2abbd3cc8f47092,vlsida_openram
2508,7e03eaf41e45be3c6c757c5a95e812a56b8d43c4,vlsida_openram
2509,7e054a51e2f2a97f2b2291ff098c0c6b2382f552,vlsida_openram
2510,7e091fc6224eedbf98ae598c177eb4d21ae6ef41,vlsida_openram
2511,7e16bf37df0fb3b53215fa71b0c051166358b141,vlsida_openram
2512,7e29dd7ff2cc78df18d229cce05cf33bb0514c7e,vlsida_openram
2513,7e2bef624ea58caa9913487e5bf2148a311e73b4,vlsida_openram
2514,7e36cd482855bfa5408ea0fb794be107adb6ada8,vlsida_openram
2515,7e39150c38035f0eee7c8539494e463190aa4313,vlsida_openram
2516,7e44d8762e27eb058b51ce8bafb23645fa62392a,vlsida_openram
2517,7e475b376e59184b9dc17ef0ede356a736eb1750,vlsida_openram
2518,7e4973539ef9ee326103633ce8bc76164aacb202,vlsida_openram
2519,7e635d02bed088ed941afa8acad5e4087b554923,vlsida_openram
2520,7e67b741f6a23ca4208c200fd4876998cba2332b,vlsida_openram
2521,7e7670581c11fb4f579acc81e9516de5610facdf,vlsida_openram
2522,7e89bbb9f5dcba9db9e0a8823bb74a874e070e58,vlsida_openram
2523,7e9d08206c015c06db367b41779dc01217a98f7b,vlsida_openram
2524,7ea130c9d1137fa6ee3fc019ddd565f995abd010,vlsida_openram
2525,7ea3366ef1b554b326202460a05001882b4d1389,vlsida_openram
2526,7ead566154b8dd8e89ba258ca8cee4fca2979d9f,vlsida_openram
2527,7eb1e2f2d1bc711e6d548613f99accb488b27689,vlsida_openram
2528,7ec20a72c8fb32b8368ed5cca46554efecf39d25,vlsida_openram
2529,7ec407314a19a65336fc4f07f96ad7b454d41c23,vlsida_openram
2530,7eca229a1f67613eb47550af6f8de7dd3fbcc30f,vlsida_openram
2531,7ed7ff4e9a61a20e67eb61641d191ef8be897f33,vlsida_openram
2532,7ed99278bdecc3ef90fafe5f7ea29b7f72cb761e,vlsida_openram
2533,7ee1dcef543c1aa641dc8eb8141a37ca4fe09dcd,vlsida_openram
2534,7eea63116f2ced1d054fd2dbad1aadc7e06dc11e,vlsida_openram
2535,7ef7c084cd54d098bbedef1ac554fb6ed67e7e10,vlsida_openram
2536,7f46a0dead255cb4cbe3fd89028d6c0456da2ff6,vlsida_openram
2537,7f52e63aca794b3eeb32188b1c81fe101d95b31c,vlsida_openram
2538,7f5e6dd6f8d3a7536a179c3d865e2d50f8ebb437,vlsida_openram
2539,7f65176908ec460b3229c897a3cfd93bb7100e64,vlsida_openram
2540,7f8edf6d7cad7d88dc65d96c150e0bca9293a410,vlsida_openram
2541,7fa6c7ce0f85070018cedd720f5057ae2cde76f0,vlsida_openram
2542,7fc4469b97794c1489a280367affb4865c69cd20,vlsida_openram
2543,7fcce2633f35c7cf7a105ecbe910d11521d951cf,vlsida_openram
2544,7fce6f06cadecc0d0a8419219f6db0e9c37da57b,vlsida_openram
2545,7fdc5cc782f51a4a47030f20d106d8dfd22f8f9e,vlsida_openram
2546,7fe0f647efdfe18c4a2e4296ebffe688e2f853f8,vlsida_openram
2547,7fe5ed5c41c0b5d45c1c2f9af8ef7ba0f3383dc4,vlsida_openram
2548,7fe9e5704d071ca9b0c9b6244ed9deae8d06fc94,vlsida_openram
2549,7ff5121d8ce33ba7ae45d0914e493da13da5d515,vlsida_openram
2550,7ff82a2aedffe05d504ced8c52f66176595348f4,vlsida_openram
2551,80070dff41ab59b8857065f90e9871053a468e61,vlsida_openram
2552,80145c0a9269f4584982aac83af756c65ab349c5,vlsida_openram
2553,802143012240bdc23c90f71a3965982b88bba249,vlsida_openram
2554,8032fa75a4eb31c761de260e1c0309343977f016,vlsida_openram
2555,80333ffacbab685b5e096dd12f2124ebd2fc823c,vlsida_openram
2556,804814d18dfed6b237527dc4087177d78923351f,vlsida_openram
2557,804e5a58c52f1ed822e927f75fb02e77cc179132,vlsida_openram
2558,8071dcc0f318fd328ff3b25bdb211951313fadc6,vlsida_openram
2559,807923cbf1bbc22a6a56e126a6febacd84c594ac,vlsida_openram
2560,807a4d7767ff61642d710c6db27971b6572df34e,vlsida_openram
2561,8081bea708ab96626ee7dc6049c7fa1b4ef45a43,vlsida_openram
2562,80829aa0afca467f43a8e905168c04888e477c31,vlsida_openram
2563,8095c72fc8c6c0cb118a61d254c3c8f0affb5a44,vlsida_openram
2564,80a325fe3202e07904afeb768940a73705293db0,vlsida_openram
2565,80a4fc7e8412613b61a443590a5093d905ee9fae,vlsida_openram
2566,80bc5b49c18f8cc5e0a910d306a7e27e7a6afab1,vlsida_openram
2567,80c0bccd7049a6ff236233f7ca50a51e429d2108,vlsida_openram
2568,80df996720a0ac9d5a7b68ba6fe895548fcb6d6b,vlsida_openram
2569,80e98962264d9670006ad8296d892fc00a56ac3a,vlsida_openram
2570,8104a42f0e04de93e385c5e17f1e5c2eff3ef489,vlsida_openram
2571,81220068f71776fea7032ceaf30f691e118f7b3f,vlsida_openram
2572,812cf11e95b088e4e0ed6130117d7fbc7199642e,vlsida_openram
2573,812fc9fc40757071f92d63d16530927af70871cd,vlsida_openram
2574,813a551691fd6e98f09e3f38184ca7b0c528b2e4,vlsida_openram
2575,813a67fea90f47e07dfdc7d75cc383d48b0b5c1b,vlsida_openram
2576,816669b9ca2f4cf018c17ea47590a39bb46575bf,vlsida_openram
2577,8166adc512f36a28a6334c995999ac60a5fe5388,vlsida_openram
2578,816eff711d68c54485545f6e6b42108d6fa7f91c,vlsida_openram
2579,817dc8a06301d9400f426cc9a23b2f52bf6c9b94,vlsida_openram
2580,818a9d2317c1be9c30b7185df5a041bb1b63404e,vlsida_openram
2581,819e249526f8fc55d93ebdca64d59f1e31361927,vlsida_openram
2582,81ab1f1f82fc376b0c8297182737ddafd7c9713b,vlsida_openram
2583,81b62ab13bbbb00e62336d4968c382220d84f1eb,vlsida_openram
2584,81bf2d7ae7cf7efcc95eed262fb27ea0e830de5d,vlsida_openram
2585,81d20ec2aab55b5a4ae06fccb873a6a08c7c795c,vlsida_openram
2586,820a8440c904622554fdb0e2bf2f15dadfeeb078,vlsida_openram
2587,82178bcf89bcffaaa991c37c3ecff9102cb9eda7,vlsida_openram
2588,8217a8416507ef0d05421897f36141388c3fcafd,vlsida_openram
2589,821c763a1e06cf787284d94e6f0487528e46ff51,vlsida_openram
2590,823330a6928cb48559972e5cd76780adb981c78d,vlsida_openram
2591,823cb04b800c1189899cde3ca58b457eac265e6a,vlsida_openram
2592,82496a66fe77b4ca3e1d9fd87cada9e6ee4866b9,vlsida_openram
2593,825375d76d1ac08c88f96d7ac2893bd544d2057b,vlsida_openram
2594,8257e4fe8cc3ea1a65ddf3a38003907891ffb93a,vlsida_openram
2595,825ada829328ebf0018066ec6a650603625d5604,vlsida_openram
2596,82833ef8f04b51dc016bbab8057777819a224bf4,vlsida_openram
2597,829f3e03fa08da37cfdfb22d01018237bbe753f5,vlsida_openram
2598,82a09be026be5382bac6fc4b8d027be4f75750df,vlsida_openram
2599,82a1a8d87f3876cebecab70a213cdf6c8382f74d,vlsida_openram
2600,82a5fbd4d42f46148fe6d7efc83592fc8f9381b4,vlsida_openram
2601,82abd327852b8be2bd6674c79e58d49a731cd279,vlsida_openram
2602,82bbacdfb57b100a2fac521525a390a667ff2598,vlsida_openram
2603,82c2bc329f3c9ff7fc7660517257504ebb774f1c,vlsida_openram
2604,82dc937768e2e88fae741600d8c604348fd7093a,vlsida_openram
2605,82e074ebf0bbc42d580ef76f98f083159892cdbf,vlsida_openram
2606,82eeb297dd3c4fb631e6a3731c0998337e85ce73,vlsida_openram
2607,83001e1ab51e97d269194ffccf30e809c34e8094,vlsida_openram
2608,831e454b34f7e4e60cc27c8764b1e77fe4544c4a,vlsida_openram
2609,833278b7a6bc977647f19f7ab0fd105edd4f5ed0,vlsida_openram
2610,833b7b98abb7a612b57dc2c434e652bf60728f8c,vlsida_openram
2611,833d4c12a62d0337a3f336543657ab44b89da62c,vlsida_openram
2612,8346ad736e6c68b20517b9ef73201bae4a39c1b0,vlsida_openram
2613,834fbac8de2eb85b090bf71b8df2cc6a5e2ed88c,vlsida_openram
2614,8354de654fb12004a43618302463a18423ef752e,vlsida_openram
2615,836c7ece73e0e74520eea85a2afa8f1481adabc3,vlsida_openram
2616,83a644c0d5691af3f0c9658810bf5011c1c45f35,vlsida_openram
2617,83aadc47c909af69770645b4a3528081d5a1e9f9,vlsida_openram
2618,83b25138d0a4d5b17741017a12eb545d1d9f301b,vlsida_openram
2619,83d7c2a1fb19d509ccee5578c876021a2824b987,vlsida_openram
2620,83e5848728fa95fc231aadb80d5f3888154773d7,vlsida_openram
2621,83e810f8b89fde9144c916954a980aa70f3ca89c,vlsida_openram
2622,83eef220465d6099d71eec913070169b446ed83c,vlsida_openram
2623,83f2d146461956627bf7dc6569251f9182f68e5b,vlsida_openram
2624,83f6434476e8f3d7a86132873ec700a738c4f59f,vlsida_openram
2625,83fd2c051247cf010c36c490d0200fbcba49baa1,vlsida_openram
2626,84020f13c68270b218498486c6ae4251883a7afe,vlsida_openram
2627,84021c9ccb7cb6de1d830aafc3026427b51404bd,vlsida_openram
2628,8403749fec41b070596d98f2f10eb16a14b525f4,vlsida_openram
2629,8414912d383c4b8f487f03df75efa79f4a258e1b,vlsida_openram
2630,841532a52fcc328d9559f281b70b6d8792c188df,vlsida_openram
2631,8418aea95a6e172ec3effb81e0a55b41f014a008,vlsida_openram
2632,8435908afa7b7d7db337cd9508bf8552e5f287c7,vlsida_openram
2633,843e9414df9fad170a6926e42b435c9e64928cd8,vlsida_openram
2634,843fce41d73e7dd34531e950aa8ecc3872dd662e,vlsida_openram
2635,844b850b74eb182bf5805ffd1a4182c6e625063c,vlsida_openram
2636,845f32805f66c3525b1d72b22807ef119bb29c82,vlsida_openram
2637,846dfc79dca810f0b51749d358fdc3f7cf0035d3,vlsida_openram
2638,84783bbac58f35a2298137d9a76ead1dc3e76b61,vlsida_openram
2639,848241a3ad501ef78df9ac05a99e3ba4ef411d67,vlsida_openram
2640,849293b95b1bbac26fd85b834191433e8e7c2856,vlsida_openram
2641,8499983cc2bf13d30924698d713aff4326f61b65,vlsida_openram
2642,84b42b01702994819633c57e6fc77febf5cc1de9,vlsida_openram
2643,84ba5c55d1be9da971f9590e0a3ac5fedc331ee2,vlsida_openram
2644,84c7146792cd26ec2c8a0fe3a0c8a81172c24f45,vlsida_openram
2645,84c798d9e4955aba7b2304bd265303848ecd3d5e,vlsida_openram
2646,84d41dd380e7949eed3cb653f56fd8cc8fe9bcc5,vlsida_openram
2647,84d88bc048d6edf6f5445b869d2616cb87f6f0a2,vlsida_openram
2648,84ec7a5be0542e0f0cfeb0d52707107020cb82e1,vlsida_openram
2649,8507881ea8b83576126d681837fd3e1e014382cc,vlsida_openram
2650,851aeae8c4ad6c710b0d6da98483080ea2e81e83,vlsida_openram
2651,8522e0108c9328606142e83c506040c96118bf17,vlsida_openram
2652,8522f32e433823a36343c5461f4c111aca075704,vlsida_openram
2653,852bfbc0315219e5d4938a9c55da7e6681fd9886,vlsida_openram
2654,852dea1a8b9073c343555b187db6b14b321def43,vlsida_openram
2655,854bff9dce418a26b01cd93f417563f751f3c2ca,vlsida_openram
2656,854d51c7217594dc310d0161f864b04fb3a01faa,vlsida_openram
2657,855139bc4e7727664f1a457af195b298cdb6ae1f,vlsida_openram
2658,85595b0f6fa7515810277b103b8dfa9855f4181c,vlsida_openram
2659,856cce1e62228ddfe62406f0ec3e5fd958317dca,vlsida_openram
2660,857b9973670f0977a03ba52e067360e211ab08b8,vlsida_openram
2661,857f5cb136c046521886f4287390b21dd5910543,vlsida_openram
2662,858fbb062d44abdf6f8fbe56b4433ca81a427264,vlsida_openram
2663,859548f19f1772e35d861177ab2dab84a4a6ae92,vlsida_openram
2664,85955ce29824d555bb7096f36d13bdbc0396c532,vlsida_openram
2665,8599a02f12a26f6809680ac331af08df015fda1e,vlsida_openram
2666,8599ca71dfc59886b4323535f33ae2862ad28731,vlsida_openram
2667,85a99bb364e752544966897ec63039f89e228fd5,vlsida_openram
2668,85b7b73903753f423ef44284984155e60d78d994,vlsida_openram
2669,85bc801689a5afbdb5f79d59a6c6cda605df3159,vlsida_openram
2670,85db2043b27f842f8b927fe1a49deb42b0b05b40,vlsida_openram
2671,85e242fa2792d237d68cd775c2a34a67950466ad,vlsida_openram
2672,85f44382807e70208f4dc6c6312e2fddf9786f45,vlsida_openram
2673,8603d3edd6ee0ce3a910de90ca2602628652f9e9,vlsida_openram
2674,8610144ccb9522237fb1429e6c68c7d6fa0ee4b9,vlsida_openram
2675,86372bbeb76f04139e926eb842dda1bc17236c78,vlsida_openram
2676,864639d96e6c3f7f81eb8f7509686aae68e94527,vlsida_openram
2677,8650315179771012dbb3bed6e486247a8f14020f,vlsida_openram
2678,8653b882062603f56585740b46b54510d82ae4f6,vlsida_openram
2679,86588619fd7ae20dda436726f92e4d102dc17c08,vlsida_openram
2680,8664f7a0b8a54f1bb4b5eb8b2f7cb31c163f4659,vlsida_openram
2681,866eaa8b022c5583f05b89e0fe0ee5b2e053e37b,vlsida_openram
2682,86799ae3ff18e8e2777b238c32b326aca54c78b9,vlsida_openram
2683,8683379c29ebdc757e2500fa9a612df9d983fda3,vlsida_openram
2684,868f97caaaa1fa448dc85685240a289853bdf0e7,vlsida_openram
2685,86a8dca584382218646514adad3b8b7c491bcd7b,vlsida_openram
2686,86c22c8904c673ff46d60f039b24da43cf68ebd1,vlsida_openram
2687,86ef618efd8508cceb4d8af991ce1c8572ee2741,vlsida_openram
2688,8719a19377f11b93f70346e8b5ec4e8dc3f289b4,vlsida_openram
2689,87380a4801d4c73341b64dadd0d100d178bb2199,vlsida_openram
2690,873be38e157ae6052ba1f986e275a963eecb2a26,vlsida_openram
2691,87419bd640505ddf496fed07a968346cd5b44088,vlsida_openram
2692,87493e1e30189cc7af2300795204394291e6de5a,vlsida_openram
2693,874d965edb6354b130fcf1c3566b6f9f118cd800,vlsida_openram
2694,87502374c557e5e1cd05d71db986641d8d1a1768,vlsida_openram
2695,8752ba6d0cf5bbc91066bff7a4c79693e814fe59,vlsida_openram
2696,8752d799b4aabe5b973e280f0e6885cf219b42e4,vlsida_openram
2697,875eb94a34af63104ac436a9c864b3b367a0e411,vlsida_openram
2698,8771ffbfed1eb2f0b4eafa27eae9e57305f7e4bd,vlsida_openram
2699,877ea53b7f82c44b387e593659a591b1f7dd1ea3,vlsida_openram
2700,877f20e0718d7a0a923b5ae56c4217e9db66f36e,vlsida_openram
2701,878a9cee8a6fc24649294e2c5d94b33453527674,vlsida_openram
2702,8793dda40a5b0d0aeedfaee4753673c471e0ad5e,vlsida_openram
2703,879c14b8285e7ee877cdd9677843f757176b0e41,vlsida_openram
2704,879f945aa72f9d09cd0db04aa3c260bb428431e4,vlsida_openram
2705,87b5a48f9ecc52d2862e6e68933731aa83b832f7,vlsida_openram
2706,87eca6b7db45c5def3de9abd5677528b378a3d65,vlsida_openram
2707,87f539f3a81fdd5f53c5838be7f46bff7fde83c7,vlsida_openram
2708,8815ddf7f1365ef8400c6fddab775d4633c6d8c0,vlsida_openram
2709,881c449c7cd9bc6a166b0cab422cda280e3f569f,vlsida_openram
2710,88678d9fa41bcaff6fb7459722a70c0fc0b2b545,vlsida_openram
2711,886dd4d313cf70ff8ff4c8017ede5ea37e1973b1,vlsida_openram
2712,8872a3e312add3659a6a91dac5a818238814cad5,vlsida_openram
2713,88731ccd8e7ac93c2d6ee7d0a60b1c350f34a941,vlsida_openram
2714,88740c107fa65f227ced4fc70044c1ee755a3627,vlsida_openram
2715,887674aa85ccc8daa50a48e8c25428c5d5280ad4,vlsida_openram
2716,88782b0a58d3be5ae1b17e0f68917869908639ca,vlsida_openram
2717,8879820af4a59ef947d8a4cf46b3d43fbbe7161e,vlsida_openram
2718,887a66553b737c4e82007ff12914311e7ec0c95f,vlsida_openram
2719,888646cdf9156a3c2e10494af5ef82cce18161f1,vlsida_openram
2720,88bc1f09cb29bff19a3c92855942c520a6852c03,vlsida_openram
2721,88c399bc6cb92a6d51ea175067bffde88fd94713,vlsida_openram
2722,88d3da0b4aadf1be35af4d07fa5875ea49a71af9,vlsida_openram
2723,88d749e14b4082eb011ec74abe9e172ba9e0bc41,vlsida_openram
2724,88f2198524ccd17580425ab81a42031f2c05ef62,vlsida_openram
2725,88f2238e0315ec32150ecf9efa2add8af825913b,vlsida_openram
2726,88f43cc75421f0c48b3886b99f32437111878bb3,vlsida_openram
2727,8900edbe121eedfd1c8b809f664747f22db40805,vlsida_openram
2728,8909ad71652527418b31bf1a6430709fd3bd15ec,vlsida_openram
2729,890d93d77633c4bd7a5a10267422f83162dc9f7d,vlsida_openram
2730,8910c3e9a880c7e27a126f3259f1d8e7272e2daa,vlsida_openram
2731,89220e79fef4062280656574356e6d32698b00b4,vlsida_openram
2732,8934c1d3a4a143160517736bce965df186ceedec,vlsida_openram
2733,89396698ef69f8e8adcd33689ca38735812b24e6,vlsida_openram
2734,8957c556dbb8119c7e479c36b34ae6fad1306711,vlsida_openram
2735,896101f5cfcbb0a01bfaecda38c1d89b9c24a4bb,vlsida_openram
2736,8964abc2b7201f2750af0ba5f7ff281597ddaf6a,vlsida_openram
2737,89688de3cf9c2a8bf06a8c9e6e8bc6ddb53226c9,vlsida_openram
2738,89688f8ea9a696fc418db45a7c322940de8b17d0,vlsida_openram
2739,8979612ccaaca2ecd1d666761119c738be14dc46,vlsida_openram
2740,898a1f07f5682a07e7672477c31227687bef42e1,vlsida_openram
2741,8992c0fb68eb9fb24de806452c99e81d2bbfa20d,vlsida_openram
2742,89c7d50bd1569974836918237b026b0371f054cc,vlsida_openram
2743,89d8441108409041d00dc6dfadd76363cc56c115,vlsida_openram
2744,89e5ce8a95de8eb050fe6703516a1b528c079222,vlsida_openram
2745,8a0411279e53b8cc34ce4e77b1d6fae63fd7a463,vlsida_openram
2746,8a0450afac5fa24a8d70868ffe3d32231f7ba908,vlsida_openram
2747,8a0e3e5caf9053b7b31357e20a417e57e76a731b,vlsida_openram
2748,8a185ffc1ad594610253cca131ed37938d34737d,vlsida_openram
2749,8a2fa90cd521444bf6b8c2fab053bdc1f8927255,vlsida_openram
2750,8a441bc68b64642267af71f4a2bd16371ee70d8a,vlsida_openram
2751,8a530da2ccb71164d28d34adbd0fbd248b5fc3a0,vlsida_openram
2752,8a55c223dfa6475322c1f2940d13aed0d1232076,vlsida_openram
2753,8a56dd2ac90ef4e28ea2d68e51f88ccac9ff0a1c,vlsida_openram
2754,8a5b0b4898c0b91e505ba823636b10c640a3b420,vlsida_openram
2755,8a60684e51b958c1ef0aadb9a236aea1d8c508a4,vlsida_openram
2756,8a67626e55ed90b4a1c02e4f6fdf33c1f459b94c,vlsida_openram
2757,8a75b838897f6b172c90d716fecd2dc400035661,vlsida_openram
2758,8a821e13ac9100678291ca476dcd257ba1b31441,vlsida_openram
2759,8a85d3141a06e1b1c19ba184ccb6e41cd2c3a78c,vlsida_openram
2760,8a9bf2d4f038fea910d321a68a372ed59ac6d1d3,vlsida_openram
2761,8aaf1155d190af16ed37ac9b69a1942d484567a5,vlsida_openram
2762,8abf45a5d39b2ae80e677d135fdcc59c2cdaa440,vlsida_openram
2763,8ac30f4ef5fc87666ad2d17dca3c902cd2eb9e74,vlsida_openram
2764,8ac95c19a45e62a24bc25601c5cf96efafffd4c5,vlsida_openram
2765,8ad503d0212efef6b27691b529826b8cc79fc45d,vlsida_openram
2766,8aff0aea49e6373d98f24f45b2fa692f465d1f2a,vlsida_openram
2767,8b0b2e28170ef947d16166728cac580389b256eb,vlsida_openram
2768,8b1787a733e18df8e4c6781fbf7658733653d7d8,vlsida_openram
2769,8b1cd57867f896ec7ec822e76a99766af1b00714,vlsida_openram
2770,8b33cb519f941f1b9703f2a843e6c75ce5920f84,vlsida_openram
2771,8b3c10ae796dcf17aa23d392b4db19b6b1dbc895,vlsida_openram
2772,8b4ef9b6c1b9caa0abcb199cfeea544907d4b5a0,vlsida_openram
2773,8b5e92e582d0af7cf551607a70e45c3597c0b3ac,vlsida_openram
2774,8b6a28b6fd6cf0153b7bbc6ab0519119dbf375f9,vlsida_openram
2775,8b86ee3e2e0ba839fe417bc2af556209985589a5,vlsida_openram
2776,8b8985dbd1251e5b4a8125d83b40b7fa1514d767,vlsida_openram
2777,8bbe39f5d115707e5dc55e2adbf8670dc08c187f,vlsida_openram
2778,8bc3903a049972929d31609050f0804cdc75dc91,vlsida_openram
2779,8bcbf005bf4ec8777d7596f5838ed3b970557cfd,vlsida_openram
2780,8bd1052fc2777fdcb228e55bd47b87ace6912b56,vlsida_openram
2781,8be1436d51c6004e29f6b8486eb51574fc2e7dbc,vlsida_openram
2782,8be88d14a760888e6283c5c05239627745433f10,vlsida_openram
2783,8bf37ca708c4e7749beb2fc6ca41bf54783ed7e7,vlsida_openram
2784,8bfc46ffef2bd9bf03b718fe35fd89b64da7b2e6,vlsida_openram
2785,8c177f9947e6c1f98977cad5b8a6ab87ddfa0ea7,vlsida_openram
2786,8c1b1fc2377ad02a69a608731f14fa4c940252f8,vlsida_openram
2787,8c1fe253d5656c85b4556c16a89de83ebe47f085,vlsida_openram
2788,8c337492234fb55edcc0c8fb4916a82bf2c6ef31,vlsida_openram
2789,8c4584daa15fd99d6a7c32fbcae0f42391c2bc77,vlsida_openram
2790,8c48520de6ae5d5cf26c762da31b21f141527369,vlsida_openram
2791,8c4b97753a8cf884700a7777fc502f05a0447538,vlsida_openram
2792,8c56478df3e69c54bf1716001a5917ad0276ce4e,vlsida_openram
2793,8c601ce9394f8ffeee6a5c83f8ce8ced3fbc8a18,vlsida_openram
2794,8c6d5b49bee22effd09b3b1c6ea2a2d0ab67fe42,vlsida_openram
2795,8c72d3f2e7da7de05a2aee63ccb217060b013a67,vlsida_openram
2796,8c73a26daa6581affa9c75ac40014675eede4660,vlsida_openram
2797,8c85230033f4911abf580a881f5b4cd42bb28408,vlsida_openram
2798,8c911f70b9024d4f9b834db3d6e893d4ce085c50,vlsida_openram
2799,8c9c9108559006b7f6ffe36e9e5d62cce76ec80b,vlsida_openram
2800,8ca656959b52c0e599bbe558544ac6c06c7f6933,vlsida_openram
2801,8ca9ba4244dded694966a9bbb3554001c1e50097,vlsida_openram
2802,8cc63560f8f9b30007b4c172fa372ac8feca7178,vlsida_openram
2803,8cd1cba8184106944d7cc6d97131afa2dac1ce96,vlsida_openram
2804,8ce23d7f1782a7eeca614437d98b97d8d8f20e0f,vlsida_openram
2805,8ce3809cad6d8dc205e3736842be703f9c9c1397,vlsida_openram
2806,8cedeeb3d945c77157c9977668a33751564983e9,vlsida_openram
2807,8cee26bc8c6cabcb1df58a2ad924a38e628b17d4,vlsida_openram
2808,8ceece2af6739ed890a450c37aa4d0903332dcfe,vlsida_openram
2809,8d0c46d0690de3e6b3b6fedd41b426fd8f7e89c7,vlsida_openram
2810,8d158e9eb5ed19b4b7eb203a72d9bfb13199f0b5,vlsida_openram
2811,8d1d3c0e90c508059e54c17b2100401e42105c45,vlsida_openram
2812,8d2804b9cbd19b9494d39c7adff5dbe51d8cdce7,vlsida_openram
2813,8d3f1d19cb2dcdb2fbba62f1a98779a914994916,vlsida_openram
2814,8d52794c32f5bbccd24082e09b4a6eddbb5b729e,vlsida_openram
2815,8d5db500626acb1d2146e453a900251bf9fd7eab,vlsida_openram
2816,8d61ccbc6f672e8f906fbb31ebab4e11e8f6a486,vlsida_openram
2817,8d6a4c74e7fe3c902eed65eef09ba0d217984db5,vlsida_openram
2818,8d6d8f2f8ca8f970e70cfebca3ca96f29c7ea859,vlsida_openram
2819,8d71a98ce94e07ef8b3f8ad7239ba0618cf76fe7,vlsida_openram
2820,8d753b5ac73e612b9e33a3b489518a8b7187f715,vlsida_openram
2821,8d7823e4dd83b6039731ef139e79765ca7950bf2,vlsida_openram
2822,8d78bcc4dc6dc50db41ae7d088609e84500053a2,vlsida_openram
2823,8d8565bd9c935cdad5eb3ca4807965d8b780ab35,vlsida_openram
2824,8d9166a01b3cac8b2ed7abb2688ab9b040bb6c11,vlsida_openram
2825,8d97862f6e481c6c79dd91d45969e1cecc1323d8,vlsida_openram
2826,8d9a4cc27b2503f012c7e7f178aeb638717abaf4,vlsida_openram
2827,8d9b79dfd806bea4a73dc5fb1a8ecff138d0ff43,vlsida_openram
2828,8db061df60ea0f2575dd788f33d856ddd7d59805,vlsida_openram
2829,8dbaa66aa53c62792b667fa920d9635defe36dc9,vlsida_openram
2830,8de3be8529b4a55e9d7213e59aaf3bd674916431,vlsida_openram
2831,8dee5520e00b0297a01de86e78e26dcbc8cd5381,vlsida_openram
2832,8df46abb3051772f746b80a818fdae411ce06d87,vlsida_openram
2833,8e151553e43b1fd71ef20d7ff8c50eafeb0bc527,vlsida_openram
2834,8e243258e491269eddb9735687912162f93cb524,vlsida_openram
2835,8e243f1b3c9c9798ee989b863470acab77b973b3,vlsida_openram
2836,8e3dc332f3b8a1464e4be4b608b9f672940bc386,vlsida_openram
2837,8e434694861e61bc1ef392aa0c718d6ff4dea6fe,vlsida_openram
2838,8e5fa7c7aeaf60e9df8aaf22f0191490056f405b,vlsida_openram
2839,8e7f523ed8fb1701ab08089cb32ac73c87bef101,vlsida_openram
2840,8e887e972ecd80d18de008a574dfc87b1c6aaaea,vlsida_openram
2841,8e890c2014476ad26bf97d2605841888051383a7,vlsida_openram
2842,8e8a97cc4b05b1cbe0884549d1d17d3d7ecef9f2,vlsida_openram
2843,8e908f016ee92782c42679b1ce8da1a2eaf89b55,vlsida_openram
2844,8e91552701f5d3ba5402de1a4f056076e1f3f2f7,vlsida_openram
2845,8e91ec1770fe8ddcc15465c3b5f0f8b11777393d,vlsida_openram
2846,8e91faaccbca7dcba95fb3731e309f3518f4f9c7,vlsida_openram
2847,8ea0f6be2d7fd3cc70671a2386f629f0b577177f,vlsida_openram
2848,8ea100b52e7ebe812df95427a1653a437a98cfcf,vlsida_openram
2849,8ea384a7611f49da139d145c1589444d1e51670b,vlsida_openram
2850,8ea85e3e65b90920bbfc098eda437b37f3e2680e,vlsida_openram
2851,8eb4812e166571db8892ac64652fc5bc7a3fa985,vlsida_openram
2852,8eb64b4b593b8b4fab47a12bdbed02477baeacb9,vlsida_openram
2853,8eb6caa248f6b6e2331724d9f4969afba06cc6dd,vlsida_openram
2854,8ebc568e8bc45068fd2e3b757aa6c7651394f293,vlsida_openram
2855,8ec10cacd71b63ca31f8d19dc57a70fbc912467e,vlsida_openram
2856,8ecdc939d04fab7eb653d7b5972e32068de90487,vlsida_openram
2857,8ece411954fed41c5d469dcdc80ce5bdc14f50d0,vlsida_openram
2858,8ee6d3be6c9deab0d7a7710399c2d6568cd1ac86,vlsida_openram
2859,8ef1e0af2c8fe204fac6b4195cf06f6a918b4102,vlsida_openram
2860,8f00e396cd98d4d35b511d44d266ad0acec9dd39,vlsida_openram
2861,8f131ddb2fae545423440bf29f0fa96b7592cee1,vlsida_openram
2862,8f1af0ebb713ad78bb19b2f7beb26c74a31fc6f3,vlsida_openram
2863,8f1dc7eeea4b664bfc44bb1a3d4960e29b7a694b,vlsida_openram
2864,8f1e2675fe19c7e5f33d9e17845c05ca9465bc0f,vlsida_openram
2865,8f28f4fde5c4bdce1faab25c863dcd0696560d71,vlsida_openram
2866,8f296810bee73317b5fe5ccbca314a442f941d86,vlsida_openram
2867,8f2d787d53e329b49bb71488d1aad62133dacce9,vlsida_openram
2868,8f3fa0e2f688763e8f4c140aec5e6f4f1dbd69a7,vlsida_openram
2869,8f473b26a978c42d88258e112a69dca4e1467df8,vlsida_openram
2870,8f50220a00186e52c5d83ebcec2480f401161290,vlsida_openram
2871,8f56953af0e79c41bc819bd5fd28c8ea6b025dc9,vlsida_openram
2872,8f72621f4ac93b0e611bf5140296686cc083cf56,vlsida_openram
2873,8f955207d3617298cc9e3c6fc7c80deec51966cf,vlsida_openram
2874,8fa0065aafb8e98f3b275d2508fb51ee13059cb7,vlsida_openram
2875,8fad81ff1e237a6507b3770e96e78ecc0631f0e8,vlsida_openram
2876,8fba32ca123466ded712ee96c720c9c78ac4fead,vlsida_openram
2877,8fc93bc91a6a89f1610072be10d89028112c0829,vlsida_openram
2878,8fcb551953afda2e7a1ae2623105f0e257eb1cc7,vlsida_openram
2879,8fcc8a167428a3fa5b7a3d62529fefdf83b24871,vlsida_openram
2880,8fd062cea54cc03db6bf64df2170130996a74a62,vlsida_openram
2881,8fd08916a1b6de6c2b417f37dc11c8ce9fd0f8dc,vlsida_openram
2882,8fdd4966a79121b437c8d11b08d042491a7efd73,vlsida_openram
2883,8fde15a7e37b8c96d8a17dc516d0159716205619,vlsida_openram
2884,8ffdcdf277f40801aa234e2086a19b7e1c96589f,vlsida_openram
2885,8ffe8501ffb0a24b95a164e67073f166f891573d,vlsida_openram
2886,8fff4e2635e6fd187b61aab9e423232d0b982c6a,vlsida_openram
2887,9002a8ac70d6ff45d46dc06b01cbcb9d700efa07,vlsida_openram
2888,90124887fb9a392ce9acc14b38fff13352121666,vlsida_openram
2889,902695185abbcdc64240391895d1a28aab296bbd,vlsida_openram
2890,902b92223fb734eb3ca014cb6798d032874703fc,vlsida_openram
2891,9032bb98691fe5ec2449484f87f4c6f1132f53cf,vlsida_openram
2892,903cafb3362a940906dc47c399a4189b8ae650e2,vlsida_openram
2893,9059a15cebbef7dbd1c36a2abddbaf17678a9564,vlsida_openram
2894,905f5cf28e3ca573a730423247a172b52ef8fda9,vlsida_openram
2895,905f6f8b4325ff573a71b54445413c84b77a7a7a,vlsida_openram
2896,906815e480281429c09284c818bd714fe74af2ee,vlsida_openram
2897,907b7310ee09edc8129f499bce41dc20f01a8cc0,vlsida_openram
2898,9092fa4ee6f1bee54195d65a03baf562e29cce3d,vlsida_openram
2899,909321326d47de73d31cc95611b48c45c6566016,vlsida_openram
2900,909ac6ce687c0333814c189b4008e061ac86f5c4,vlsida_openram
2901,90a4a72bba2b50cb1cf1d79b79d78b450b01ba13,vlsida_openram
2902,90a4ad4d75b5e30b8548f14673208fa955eb0ba9,vlsida_openram
2903,90be96cfe505d4d8643c3e0fcd25f4f11bbfa334,vlsida_openram
2904,90c92d501c1c5975e5cf7bf3673503339aa0969d,vlsida_openram
2905,90cb9f581f0f7d85f8aa4943dcbae239e8c0cc0e,vlsida_openram
2906,90cf382a4398c71932c95a3aa5ecf6eda4fd4699,vlsida_openram
2907,90d1fa7c4310175c69ef76d84c52f15fd473b91b,vlsida_openram
2908,90fdaf902c08b15be0c18312106d96ad7c08f071,vlsida_openram
2909,9106e22b58d8241178c0aefa1651e486d79075ba,vlsida_openram
2910,910878ed30ed65aec2ec8ef787a8cba3b8c70bd7,vlsida_openram
2911,910980328c3292029b1a94bf57c2471979925fe3,vlsida_openram
2912,910bcf9df312726a41d5a00f166216d54ac552eb,vlsida_openram
2913,911f479ecb9f82bbd3fb7c7a642549ecedc69a39,vlsida_openram
2914,91518584495377d672908102ccdf39cf52cd417d,vlsida_openram
2915,9158e92a71dc646b03d72fb33056b4ee22788096,vlsida_openram
2916,91603e7e019d08febea5b3ca6f1bb1b53c6b2304,vlsida_openram
2917,91636be642de013f0bc3fce1d682e3e56f419dab,vlsida_openram
2918,91694fdae3070f5a44d6c87e75f65e6cc800b613,vlsida_openram
2919,917a69723f4fec9ce46cfabab1c9efabe7f1e1bf,vlsida_openram
2920,9181f6a21816a6156beac34d10d7dd85e078f835,vlsida_openram
2921,9182ad7c61405443f2df4779b8518f9bba111d22,vlsida_openram
2922,919e6a502726162da1bba018dfd327b7f5296c79,vlsida_openram
2923,91a63fb5c2effc588ab179c53dae953e232cf4a3,vlsida_openram
2924,91bbc556e8dae5ba20eb53b1d5086d5395d8edf4,vlsida_openram
2925,91dbbed9ba404bc951711d51f59023821e034508,vlsida_openram
2926,91e342e4c94f0106075799438ffe40f36ede8874,vlsida_openram
2927,91f20f2cf6055d6934df2e017b15a94891ae04e2,vlsida_openram
2928,91febec3a2acf53b7fca99bdcedab51d62f0319c,vlsida_openram
2929,9204f85bb089195169379efe6593f59e4229df41,vlsida_openram
2930,92095e52f773c69bd1fe7781f7eed0d6456f9c44,vlsida_openram
2931,92251fe61e7015e344815eb26eba205b8b3a9832,vlsida_openram
2932,922e3f4c137da3004099ced7c641cbd2c98d9d99,vlsida_openram
2933,92460d2080d8748d9495fc9dc21d63a9311661ee,vlsida_openram
2934,9256ae8c00ace16463032d02731fefec7dc4ecc9,vlsida_openram
2935,927de3a24035b90dc71de3215caa864ee8eddadd,vlsida_openram
2936,928b02aa1fd3929919542564b3648e4b79d8d421,vlsida_openram
2937,929122b6dc801d85f743f3a49aa726b7c872c561,vlsida_openram
2938,929eae4a23bbc056365040b05f091e4eec77a266,vlsida_openram
2939,92a9a1729e5b8a085fee5518944dfc2dd0bddf39,vlsida_openram
2940,92b34593958966a3fa6adb87250bc2098c053fdf,vlsida_openram
2941,92c8770472c467a1dc7ef262f208ce0653a012b9,vlsida_openram
2942,92df3ecf338f92506e4d807fe668f3dc3cba5f8b,vlsida_openram
2943,92e0671e15b08f00489a95f3f67cf9713b385a56,vlsida_openram
2944,92f39f5686278d3f4831e68d623cbc8d842696a2,vlsida_openram
2945,92fc30005c028db65376e784c57df1fb5d8043eb,vlsida_openram
2946,930cc48e168bd31783a032ffb7b7a586880a2aeb,vlsida_openram
2947,9316fb8b015ad343ffc16feaf8be238f0c294991,vlsida_openram
2948,9317eb7e8b8e6be415f222f74a71ae0d1e964d26,vlsida_openram
2949,93182d525db264ef07bfd07bf25ae4edae73586b,vlsida_openram
2950,9321f0461b97d1e57307a7f0aec6569a7afac4e4,vlsida_openram
2951,93389ac723e4a3607298b3847955a43c63b1a1da,vlsida_openram
2952,934959952b1e52d185e847bdbacf9a63c6299e91,vlsida_openram
2953,9356d1771fab6a8aa0e28e7384bc6eeb24d3f0a8,vlsida_openram
2954,935cc5109bc3488c3f290c9be2745827980dce66,vlsida_openram
2955,937585d23c63105ed9a57122ab5fdaf82ec4d585,vlsida_openram
2956,938da3b369c5459f35c9757a0fedf950ddc7d614,vlsida_openram
2957,938ded3dd68f51fc5313d910b0995b91465d01b7,vlsida_openram
2958,93904d9f2d9a4f3aa33b9d68206fe2daa2ab4c95,vlsida_openram
2959,93a6247f26b534bd6a97b3b784edc2bd462c8c2f,vlsida_openram
2960,93a6549539d1529c43814325bcb1853d10797850,vlsida_openram
2961,93ad99b9e1618798dd6d510a102d5fc1e06ded08,vlsida_openram
2962,93ae7ebd0082acad9aa3fb5168bc479f38eba4c0,vlsida_openram
2963,93b24d8c858f761f278d2b77c64e688bc0ed844d,vlsida_openram
2964,93b264bc4c2e606bc934f26abbb0c2554ede66aa,vlsida_openram
2965,93c6565b66bf1124b68a2a2fc62e9cdb2c52809c,vlsida_openram
2966,93c66ec45dc830c037da0285e58344fa150a1099,vlsida_openram
2967,93c89895c96d2bcf57952673e17f2b9f129d36b5,vlsida_openram
2968,93d65e84e1ae95a4c754520a3fe42caccdc1894e,vlsida_openram
2969,93e24c4651b87a5b7cde71c9c2d8e9e3bd7e276e,vlsida_openram
2970,93e830e8000a43136a425a03911a5f4193f9f2fe,vlsida_openram
2971,93e94e26ec2d7fe3a0d0ac5248eb3e6d013bd038,vlsida_openram
2972,9409f60237826e0bf154b7688c17a37ae3ba26d6,vlsida_openram
2973,941094ce317fa187b2d309573b70865ae078f32e,vlsida_openram
2974,9414eeff332d8a299fafd6ba599c00a534758cc3,vlsida_openram
2975,942675051a98e332beaa941915b648b1a9fa5635,vlsida_openram
2976,942ab8975440e290ae44b35731d0196c8ddf20dc,vlsida_openram
2977,9431b93a1d411c14b9edf69d1712f3c5eed69c2b,vlsida_openram
2978,944f3338009d6787d77d2664b36ba5601dd0f4ec,vlsida_openram
2979,9459839c066cafda356fddeb1248da2aebffe34f,vlsida_openram
2980,946a0aca8633da4b74bb5db53728536ee2ac3624,vlsida_openram
2981,946ad66e7a875d9187ec013105c2c0f101aae73c,vlsida_openram
2982,9478d6f94d80259cee36236db6497a5f15cb1d55,vlsida_openram
2983,947e94323d2d453685848f6f7368f66224fd5f62,vlsida_openram
2984,9492349d7ae1c37afde9d245d9c76bd91bedb57e,vlsida_openram
2985,94a6cbc28b7d8fcaa369379122b44d1dbd96bf87,vlsida_openram
2986,94ab69ea16c5b2a1ba7a7a872cb3836be3136777,vlsida_openram
2987,94b1e729abcaca7c74b6bef17828f50a64101933,vlsida_openram
2988,94bfad4113ac16807efa68a1b9edaeabc5fad286,vlsida_openram
2989,94c14c602c920f414f0fb261d515fd26c0ea5cf9,vlsida_openram
2990,94c480911b9f3027a647b4f076494f8412c9b8ea,vlsida_openram
2991,94d700071751973e2c9bb93d3ce266dc658e300f,vlsida_openram
2992,94db2052dd2376da1f26a2f36d00e7721c788e22,vlsida_openram
2993,94e5050513948a5baf2c69558640817a9ac975fb,vlsida_openram
2994,94e736881fdc22242ddfcf829c4edb040421597e,vlsida_openram
2995,94eb2afa36156afa193c38d1f47a206a10cf5de7,vlsida_openram
2996,94f166e2d01a871415c948e594c4928178ca80b6,vlsida_openram
2997,9501b99df7058afaff0a0db2b81ecb469278fe81,vlsida_openram
2998,95137a2c260bc847bf97ecbe12b0ac256f16d739,vlsida_openram
2999,95363856e4429e1a8ebe7d97fa14adb7da15a887,vlsida_openram
3000,9555b52aaaabadca9a95540fad8eaeab0b985495,vlsida_openram
3001,95573c858c9de8bae9571610f8183d06d5fe53bd,vlsida_openram
3002,9559421ca88a5cb4fc60798abd21d3091978f7df,vlsida_openram
3003,956fac2cecc42c6f1afad27e225bd2361e5aa790,vlsida_openram
3004,958f5e45bb68fa2ab87cf047bd23e76e22df975f,vlsida_openram
3005,959200313e58d84996db6cfa0e2f9748f068c2e0,vlsida_openram
3006,95a86885061c78575e201476bcff45520d0b958b,vlsida_openram
3007,95d77119c79f71450e49d52bebc7f98dd658a37b,vlsida_openram
3008,95d96bd45d6a37096eb781b9c205e4a2888ca247,vlsida_openram
3009,95f1a24f7298870272f90d9029137820bee73925,vlsida_openram
3010,95fab1ca7110d0bc39bd2c36ef26e0c181b350a6,vlsida_openram
3011,9600dae7df421d3b97ffa1789a45ed38096ae2fc,vlsida_openram
3012,96046096b42a21fb46ef5daae19183856ceaacfe,vlsida_openram
3013,960b6cda6f90a5644f1e3b3e739a975866650e73,vlsida_openram
3014,968a233b82c35e0f158844fb036e3830881c3d43,vlsida_openram
3015,9694237dba921bc394366dd49b7753e4d94eb4cf,vlsida_openram
3016,9696401f349bbb3a4f9b840f8980918bfe36cb6d,vlsida_openram
3017,9696c2591f92d5107458e45786bc0599fd21f7ac,vlsida_openram
3018,969cca28e4d94a4baec6cdc9522d1842a2f21aab,vlsida_openram
3019,96a1d400fab03a14188d3d5d6a0d0beda60bf665,vlsida_openram
3020,96a9663c969e58c60d94fae33f505df7d7818317,vlsida_openram
3021,96bf7d2d7b8746ffa63dec469f964b56d78deff9,vlsida_openram
3022,96c51f34644c978121e0b3ee2626560bf1ea932d,vlsida_openram
3023,96c75d7c4b594f5685cb2ab878912cd2c5ff005c,vlsida_openram
3024,96d3cacb9c8e03c8aa3383848746323fe439711b,vlsida_openram
3025,96e57507bfd5a47ea0ccf3f6b2fd90ca69fab173,vlsida_openram
3026,96f1eb413eb320b5b8f2063fec3cfc5609abf45e,vlsida_openram
3027,96faf06b7cc7f66be9a337efb73817a187fe94c3,vlsida_openram
3028,9717794400abca290a035040cfd972eb25187757,vlsida_openram
3029,971f2ac114a736b91f974c519b5bc78a47c31973,vlsida_openram
3030,9720e5af292418aec6a46e388cd3454a81009423,vlsida_openram
3031,972f7f72e4fb901afcde296d124e4ca1c29d37bf,vlsida_openram
3032,973b5512f0be2af26eb7301551a1bc068f9330b6,vlsida_openram
3033,9744bc516ac1d14d5142f2c0607deb4b2eed331a,vlsida_openram
3034,9749c522d1cc0e5003f9fc8a80dcf4601d368b18,vlsida_openram
3035,9771bb705644d87b810ad52686ab21890ae3af82,vlsida_openram
3036,97777475b4fb5a40ec12d5fd0a2398d5f61c9fc8,vlsida_openram
3037,978693eb2a15d359f35bef7c7c9f96789bf5abdd,vlsida_openram
3038,978990f4dd9c723835bb066564523f4991688337,vlsida_openram
3039,978ba9d2f2a344f3fa7594bf378249655bef66e9,vlsida_openram
3040,97a2d620fe5478a43150ba205b6941f45c11d161,vlsida_openram
3041,97c08bce959733e76218e4758e785e4d8fa49807,vlsida_openram
3042,97e3c575180fbfe5f175489627fd2627b3ad5ce1,vlsida_openram
3043,97f43e31f0abdb35275063c5e620df31c6bf256d,vlsida_openram
3044,97fc37aec1be392cb26a8a8cd4aae70bbb6338b8,vlsida_openram
3045,980760b7247168ae73f516d687465906fb29b363,vlsida_openram
3046,9819b5356e0316c904b346944fcc14930555ad05,vlsida_openram
3047,98250cf1158f160eb0af095830936cddd6252c0e,vlsida_openram
3048,982e12be5e29269368eb63ec747dd2013722c9cf,vlsida_openram
3049,983cf13ccfbcca146639026105b8a9f91cce07b7,vlsida_openram
3050,984126f7e0776e8e30ef84f52fabb3d3d816bd7e,vlsida_openram
3051,9857a3f7e794da33f17eba9a4e4d86ce4b32a5aa,vlsida_openram
3052,985d04d4b512462d061ddf69e067b73f432ecc96,vlsida_openram
3053,9873b4cdf9ddf5d3db34b34efd7bade8b9eff998,vlsida_openram
3054,988399ba7340223259b3763f779bc21c77abd82c,vlsida_openram
3055,98878a0a27fd026517df701fdfdf1df5dd2a8d2a,vlsida_openram
3056,988df8ebb919d1147b7c09901db32fe73c7e9d89,vlsida_openram
3057,98a00f985b9bed12a85ec93cf001e392553c2627,vlsida_openram
3058,98a4210b06ed69e162791dc63ff0ef6915ef8c49,vlsida_openram
3059,98ec9442c61966cd602eebfddf68990dcddcdc30,vlsida_openram
3060,98f1914e9ff3bb8d360058a8ffb1b499e5db555e,vlsida_openram
3061,98f526427e8202f889828766a09d8d57856b48f2,vlsida_openram
3062,98fb1173df0d395ec7d83783430fe8489e8f6cd2,vlsida_openram
3063,98fb34c44c2c447043d639bcfde26c16b429fb30,vlsida_openram
3064,98fe4c74a41223d03e880c6561691aa267509fa8,vlsida_openram
3065,9907daaffa8557af0edc324623d5f8358c3dc172,vlsida_openram
3066,992d091a8bd1de446b462d1ed710361e7df98085,vlsida_openram
3067,9930b5f3f60b213c24d7d0f8437ba2dabd2c08e4,vlsida_openram
3068,993b47be4c65c89c59719b4ffaf0c248ab59521d,vlsida_openram
3069,99507ba5c590b9fdf3b8ec956bf66eb3cb3c78fa,vlsida_openram
3070,995cc4f60f961d47c5b0079f77a678795c7ee43e,vlsida_openram
3071,9983408fa39d9f1376b152aa2a85b71e5e378f05,vlsida_openram
3072,998d9b97f0dcc72fde4d399d5c6c317119c0b5c5,vlsida_openram
3073,99981109e8413db8c5c46a4eca01db37fda8d0dc,vlsida_openram
3074,99a01522b0010afb6c2c154d83c9e0627db0ca59,vlsida_openram
3075,99b517d55a88277f661f69b9e66995e070d3ee21,vlsida_openram
3076,99e252d6d47ee90ae59306ea11f64ded7517e5b0,vlsida_openram
3077,99fe3b87feccae17c987fdb6d261fcbcbe12ea9f,vlsida_openram
3078,9a0fc8047b98ccbafeb5a08e45add53205cbbff2,vlsida_openram
3079,9a12b68680167d7277ca64ba5c7496640393cacf,vlsida_openram
3080,9a24ce8bc926f876ca48257e0fdbfa25a841273a,vlsida_openram
3081,9a2987ad07bc4248438398e12888e5959665164c,vlsida_openram
3082,9a36cce7ae7ed712691fbee28bbf1bd44e9ebb49,vlsida_openram
3083,9a3776e758ff2d3dc13a6aacb60de8d7228a4eb7,vlsida_openram
3084,9a38f7a5f481bc24582b9ea19a87c183e935042c,vlsida_openram
3085,9a4b2b434133ff4860720973144a783e241080d7,vlsida_openram
3086,9a6081de0e384d1f64241b31cdb9365c413e3d19,vlsida_openram
3087,9a6b38b67efb27307cec17f61bf8ecfe9c7d72e7,vlsida_openram
3088,9a6ca328f643ecc5fafd91242b51c676f5fac716,vlsida_openram
3089,9a8d693237fd0b2b9cb1c2cb02fc024a5f00e00e,vlsida_openram
3090,9aafada1abdf04b29188db2e5b8efc37fd6928a0,vlsida_openram
3091,9abe82b203ef01e2f98db272401a680fe5c19129,vlsida_openram
3092,9ac82060b9db4eb74fd71f360f7c255bd090243c,vlsida_openram
3093,9ac94d17440ca1916ec4e135675decfab692beeb,vlsida_openram
3094,9acc8a953234fa88b5a79f1bd86dbe2dbc87cd8d,vlsida_openram
3095,9ad06a77707ebf8108ac1d767d8a21a974faaf30,vlsida_openram
3096,9ada9a7dfa9362d1b697b79009d6397ee0f31375,vlsida_openram
3097,9b0142d6b9ce99a6608c9c051e9b924a9342cfa1,vlsida_openram
3098,9b40102bbb6386d852e84e71d99610e61fb944b3,vlsida_openram
3099,9b592ab432cc9feecf94244c43bf29b8d8d40259,vlsida_openram
3100,9b6eb4a120f0f85b568da77c641e997a57dc556b,vlsida_openram
3101,9b785cd5357c1bb5ee0d167f9c60b31a4d5cb8bd,vlsida_openram
3102,9b86083524b2e90b49a825365710a8ceb1bd689b,vlsida_openram
3103,9b8ef5ef57cce9e89b60bca7ec5651ba04baaa43,vlsida_openram
3104,9b90a44d4a9447b391f8e1c8ccb34d205ba233b4,vlsida_openram
3105,9b939c9a1a3c9890f299d038da47e7e420a97604,vlsida_openram
3106,9b99e6c1249d36fc88eddb5a252ea9d71fdebd74,vlsida_openram
3107,9bb1c2bbcf43626a304d5ced495347ea999e8e45,vlsida_openram
3108,9bb5041d93f26f199c3782700f3a42fcb3487895,vlsida_openram
3109,9bd3f1b45a2608f5e467ca9c2508cef6ec8d6bae,vlsida_openram
3110,9beb0f4ece894618e65f0c9528639c50a5e0c61a,vlsida_openram
3111,9c01e222813f1e7bab7854977689b89c2686cdeb,vlsida_openram
3112,9c1f0657dda328a0c3339aad1ffb1b63aff2f668,vlsida_openram
3113,9c35add8d6fa1d32e3ec8d8c051b7347500bbe7f,vlsida_openram
3114,9c66473cc9f3c0eaa58d8538ba1ffe062dd5adc2,vlsida_openram
3115,9c6af8937dc021459894c6dbd530551a493e2da9,vlsida_openram
3116,9c6d8d7aed4ef4e7e70261cc2b97037a23035d59,vlsida_openram
3117,9c762634a54b90954bbb494f55cd3df3348596f1,vlsida_openram
3118,9c8090d94bf0878125b656314d3a3fd6b836589e,vlsida_openram
3119,9c8d5395ff6f5bc2126533b8f99c286fa1aa9416,vlsida_openram
3120,9cb96bda7d487661f1f7600478242999ee1643e5,vlsida_openram
3121,9cc36c6d3a0386492b0ecf4b2ac3a88594257b4c,vlsida_openram
3122,9cc46453a269394cc58968403af7093af453c3e5,vlsida_openram
3123,9ce968b4462f126f208c09ab182d904dd4ee9b5b,vlsida_openram
3124,9cead23f22369032f2e886053b9579f824c4e891,vlsida_openram
3125,9cecf367ee06efb469aa568451ceaf24d732822d,vlsida_openram
3126,9cefe5da7c27501294263c8028d5788b283ffc8e,vlsida_openram
3127,9d025604ff718e932f64b6af79c14c11c681023a,vlsida_openram
3128,9d043b904e9035bd6514513ad98d663d9ca0a6b2,vlsida_openram
3129,9d10ccff3739125d24ad246c6d28447824a14c81,vlsida_openram
3130,9d1f31467e04bf0e6ed86fa2e3d42d8189ab7ec4,vlsida_openram
3131,9d2902de9ea6b1c5f575a434a798c30b860cd942,vlsida_openram
3132,9d318aadd7485bb787b15d0707ebcc69aeae909e,vlsida_openram
3133,9d40cd4a0385d5dd796b2323b486b64e694a2aec,vlsida_openram
3134,9d438d9181e83ddadb48a5b8a14ef781a8c82c1a,vlsida_openram
3135,9d49a369eac4fb0b351c6d60d9b54e7975e8b54b,vlsida_openram
3136,9d5d632d1a58d57605ec7d3271f106950c738cae,vlsida_openram
3137,9d5e5086a148289b18a4cf13df635a8ffccb709b,vlsida_openram
3138,9d6052b86c99a2d3145943c7f2147299b7d1a500,vlsida_openram
3139,9d7029dadc0566ec0c7f263678a2a6cc78380bd9,vlsida_openram
3140,9d7dc4c552213057f391716b1bd883027d9cbec9,vlsida_openram
3141,9d8d2b65e44b09499faf9853ba204901ef5250c2,vlsida_openram
3142,9d9f0fddf0bd279cf49a35005f8092c9115e240e,vlsida_openram
3143,9dab0be737d7e56726fe436e3b10ad83cc026bee,vlsida_openram
3144,9df3c2ac5997cedbb6b9a220c48d67743b4defb4,vlsida_openram
3145,9df99beb2898000d2e1a47c468daf9853dee3e2f,vlsida_openram
3146,9e0711bb6ad5f941b9102747ae8f49ee3836a6f1,vlsida_openram
3147,9e0b31d685a2149bbdf3333226546c858b3b9de0,vlsida_openram
3148,9e23e6584aede75d74a2778268985341db02b290,vlsida_openram
3149,9e293919921887f911c266f26f10c33ad091e3a8,vlsida_openram
3150,9e38b8aca16fc7426a6f4496e34be15a30ef98fb,vlsida_openram
3151,9e3a28237f75d55401f1920cd84823d9bb302347,vlsida_openram
3152,9e5d78cfc27c8981ed21cc5fcf840c4c790dbf7a,vlsida_openram
3153,9e739d67d4cf027329dec0acd0906c2d58228e90,vlsida_openram
3154,9e7c04a43ab7db63ad563553d77dd31066d27504,vlsida_openram
3155,9e85d17fbeea81e6d09ead3b7c1ec61f3595fc99,vlsida_openram
3156,9e8b03d6c2f1067e46c11dbcbf1c4e721ce24036,vlsida_openram
3157,9e8d39f911fd9e1c709859ad85928ac9568655f1,vlsida_openram
3158,9ea1a06244446f51a5911e64d2784986749e84ed,vlsida_openram
3159,9ea3616260820c2010316047a29916235d5ad0b8,vlsida_openram
3160,9eb1b500eaf79ec905b3ffef4f8e0038ab17347a,vlsida_openram
3161,9eb2f3c0e6b554aaba1d9080327b6a18c3cf91a7,vlsida_openram
3162,9ec663e0b1bb03c49ddad1aa4e32215c1143ece3,vlsida_openram
3163,9ec87c4d526671e3f9938f6b3f40b4195f008d5f,vlsida_openram
3164,9ecf98a4c32c52bde08010d2abb0e8b26ac38054,vlsida_openram
3165,9ecfaf16ea90872c846358b9e914dde05d6921ed,vlsida_openram
3166,9edaca0616c71f8b8431bc7507c7186c43474eaa,vlsida_openram
3167,9eeab1463952310948838c56f5d9f5bf46ec823e,vlsida_openram
3168,9ef2616d4109079ca387342f34e23242aa4d06d8,vlsida_openram
3169,9ef4cf14c55c77397e2829864994e3be2af3d279,vlsida_openram
3170,9ef5190d2e44356aea0d4e5a2db87e8109e7822c,vlsida_openram
3171,9f051df18d6b9056f5ce5cf07caa21bd40e88f4d,vlsida_openram
3172,9f0ab0d081f6a9904dfe591be5831d8084195cc4,vlsida_openram
3173,9f0ae7552ca69ba1b1ac5f449e5dc72963c7ccd9,vlsida_openram
3174,9f54afbf2cf8dba4e1d8851dbb89761aef01522d,vlsida_openram
3175,9f6bd6c9d3d0ed7c9b072283b475aa1da6784742,vlsida_openram
3176,9f7426052de24cef34ace79ddf8887f44cd8a4b4,vlsida_openram
3177,9f75e68a926aca1db477cc4eee05d841ebdc5bbf,vlsida_openram
3178,9f7a270e2ed5a8db46407e6565ec3be14249b33f,vlsida_openram
3179,9fa25690ce0a9041457fd8435b483c9c69219e24,vlsida_openram
3180,9fba946f1861cad4c2ef0081a03c49206833a018,vlsida_openram
3181,9fd473ce7031bbab45126a1b5d7da4434993f721,vlsida_openram
3182,9fdf8a8341054f8874432c9300a574e1b6f92e4a,vlsida_openram
3183,9fe63585690343935e5d802386b9cd966553dc70,vlsida_openram
3184,9fe64b486c15f79f723ea6b78d04cc4ed88f3371,vlsida_openram
3185,9fe7205ca879080543097a97bc37c2c8747f6b61,vlsida_openram
3186,9fea4a1a2dfadd48523e7579810c177ac2d70c6c,vlsida_openram
3187,9ffba4b0529d3a50140810b75a0453b668a1cd0d,vlsida_openram
3188,a00e1602748b458ee1c09da38d5428bf49a379ae,vlsida_openram
3189,a06a0975db0b242d81256df99a9ff2f73f6ad602,vlsida_openram
3190,a0921b4afc8ef10d1e3d3644c8c0f5ddfa496713,vlsida_openram
3191,a094db90773b633fa9d5b8a8388b384d492ea4c7,vlsida_openram
3192,a09ff8c3583f7b815182f2d34b69050e891abaa7,vlsida_openram
3193,a0bf5345f8ce4d5c31a3f9ee9e180e21cb539817,vlsida_openram
3194,a0c6a0ad035b7f0d08f2188341b1cda96ef80826,vlsida_openram
3195,a0e06809f9de06d675cc8b7a1c27361c7f76407c,vlsida_openram
3196,a0e263b14a2e8279bf922d40b950d921d371b0e8,vlsida_openram
3197,a0eb9839ad55e33fdbf76d8c5fda0da528104b06,vlsida_openram
3198,a0f1327f5eddb6ea59bc102fc196bd90dc47c06b,vlsida_openram
3199,a0ff83c00a307d3179527e2c82b81f0a7b3cb947,vlsida_openram
3200,a111ecb74c211807edfe953012eed95e24b23fa2,vlsida_openram
3201,a11570e7da5f00f54c77655b80b348053a32e8fb,vlsida_openram
3202,a11e0e537cbbe68b4f7d96df6045078ecaa7a080,vlsida_openram
3203,a128e0501ec7fe29e9dd438c0e32af80e617463f,vlsida_openram
3204,a12b5d9e6c2e8fa723a2b8ba93c3ebd780caa5ed,vlsida_openram
3205,a12ebeed9fbe0e8951434dc4bbb0a5d36bdd771d,vlsida_openram
3206,a13d5359455bff97198966d19ab233a0b6683594,vlsida_openram
3207,a145a37cf7df99289e13d2be3829c32679db8f3c,vlsida_openram
3208,a1496e70a88d6d735a9003e95f68e754930a07d9,vlsida_openram
3209,a1526c03944c1cb29f1b8d8b697eaee04d564c4a,vlsida_openram
3210,a158ad1e81144c21c6b1e0b680cc38f58fdad01d,vlsida_openram
3211,a1645570a8eb6ecc34e805e62fbf57284108fd9a,vlsida_openram
3212,a164a14b3f1f34d2dcea85b97d10e2ab3750b976,vlsida_openram
3213,a165446fa70dec4d7d83a573d4004c712873ba7e,vlsida_openram
3214,a18071a4ff38fd4c4ecb296820cc786ae9130bfc,vlsida_openram
3215,a189b325edc7586c40bbd064bbf0724ece9e9e89,vlsida_openram
3216,a18d62c4306646012bcbe95b322b4674970817c3,vlsida_openram
3217,a1c7474f80aaa35060f503b7bcb886e14f88b2c7,vlsida_openram
3218,a1ca7c312dbccd6c4d30c9d357ac01f85abd19c5,vlsida_openram
3219,a1cb20878d74a480fc2fc66bea2d1ac9f32f6dce,vlsida_openram
3220,a1e3c09cbe4b0ef847ca25fd9b5329872ef70c27,vlsida_openram
3221,a1f2a5befe058d36a0322b7f91296426cfde7d2c,vlsida_openram
3222,a1fe71fad813139cf1685b6386583fc0231e5b3e,vlsida_openram
3223,a210fdda0f178a60e82d9e029752e3f1731fc3d1,vlsida_openram
3224,a213d3b0f657610b11686f8b6f48ddb53c508178,vlsida_openram
3225,a225a9026171d76313fed16f20728df2abaf128e,vlsida_openram
3226,a22ba2087b7b90432beec9f406c44603cd70cb45,vlsida_openram
3227,a22badeeb536a6aee9755999a5e5c26472151a1b,vlsida_openram
3228,a231ab96445bb3328a36e321d7b1fbc3511e9da3,vlsida_openram
3229,a234b0af88350b5053dfeb77af0c0fa5a7fcf5c6,vlsida_openram
3230,a2387da29d48d9064991f7726bf8c448c9053c51,vlsida_openram
3231,a23f72d5a3b881d97144237a24325655f1212958,vlsida_openram
3232,a2422cc8d4bc1f74ba42f62763f4b720861b3737,vlsida_openram
3233,a24e5229cba57ded4d2fb24b1b60533ae5dc21cc,vlsida_openram
3234,a2514878c17733198f23e4f877bf0d9b7a67d6e8,vlsida_openram
3235,a25e0f6c8cc92143d085e9cc644006372d0dff81,vlsida_openram
3236,a27cdb4fbc1e157b6e7f2fe7302239545d14cac2,vlsida_openram
3237,a28c9fed8b5c553ce976c6bcb883f5302b71494f,vlsida_openram
3238,a28e747a02bad32b46039391c018aa16fd9477be,vlsida_openram
3239,a2a9cea37e61b3b8c5612e1b7142ebca765f3f11,vlsida_openram
3240,a2b17a271cc2d918af09e10cd877185908768ffb,vlsida_openram
3241,a2b1d025ab3b35335a69a71bf9f2783320b6b7d0,vlsida_openram
3242,a2b7636e584d5942fe6cbaa3d20ae7e96d5791eb,vlsida_openram
3243,a2bc82fe711a5c92688cb173d74b5505bfa48e70,vlsida_openram
3244,a2bf66b063484c63f2b33baf1876a49f1ecfb9e1,vlsida_openram
3245,a2d160dbf5ec8d8bbcc254db071a80b3ee48c075,vlsida_openram
3246,a2d8d16c7a16cb6102e8897e68298cc91c33ce9e,vlsida_openram
3247,a2ebaf9f81b11740eae950abfd230643dbabe1e4,vlsida_openram
3248,a2f29e5edd5c1279f15b2c6837b6f9a43261f6d6,vlsida_openram
3249,a2f81aeae486c0af1a0e6e67b12790d25e287eef,vlsida_openram
3250,a305d788d7635b4536ea43e0b2486660a59e5682,vlsida_openram
3251,a312639ef8acdb3fa46ed2802e0169f807ea430b,vlsida_openram
3252,a3195c08272ae08480b6b939e1be93e6148fbfc3,vlsida_openram
3253,a31e0dab028debbfd0902a35a422b42c69957edc,vlsida_openram
3254,a31f87bc7264c8d492cc6c6e8ec6ef9cbeeff07e,vlsida_openram
3255,a3284e8b4718253cdc4d5ce947982dd59401f3c2,vlsida_openram
3256,a32b5b13e8852a9f68fafbe8fc888aa18fca2160,vlsida_openram
3257,a33d050a02255f77238e94a81f3ed350bd8f1366,vlsida_openram
3258,a346bddd880ae172a642a4aa2f9b66a40312743c,vlsida_openram
3259,a34a9ecb47914faff1124a0543664ecfa45fb9ed,vlsida_openram
3260,a35ab45843e710ddf79ef319d93de93ac01ee9bd,vlsida_openram
3261,a35bf29bdd1a474bee4f1c801ffd772334e79042,vlsida_openram
3262,a35fc1f33924ef65b1627ab6c8439aaef91d4004,vlsida_openram
3263,a361d9f7bb725d0b3b737f2625cf785b127fe4c6,vlsida_openram
3264,a3666d82abf019908ea725c24593725da3e02e74,vlsida_openram
3265,a3683c5898582c8a0415bc06a86a18d76590986f,vlsida_openram
3266,a36e89e103396a214fc22007c78d653dd674a607,vlsida_openram
3267,a3797094d0b4a29892097b8049cc8ed00aeae7bc,vlsida_openram
3268,a37d41b4065bed5952439806ae65ac06e36b7fa4,vlsida_openram
3269,a38826f0730579e26cb0c80d11869de1f58158f9,vlsida_openram
3270,a3a0d4230e8072d44f7ef514c24f290146227b3c,vlsida_openram
3271,a3bec5518cbe4afd47d5ae6eed579fa88b4b0918,vlsida_openram
3272,a3c2b4384a562a8f15928105ec401c416ee910ac,vlsida_openram
3273,a3d3aa514bf529805d6a06c2c1d9c3f464589c15,vlsida_openram
3274,a3e271f6fbc05ef0635c06cd98a637772536df74,vlsida_openram
3275,a3f13d6eab39e7cb21a4d613cd8f202d69d32047,vlsida_openram
3276,a40716dd48190045b0f36d2dd34ca002ac2be626,vlsida_openram
3277,a40a2080926ca234c4f0ca28c5f6805541025017,vlsida_openram
3278,a418431a42d9ee25ce7b93449f49ec2debbf222e,vlsida_openram
3279,a43ecee5b1eba6b8462c6d7a3c4be2869003f95b,vlsida_openram
3280,a44346110bbb42d13477e48963df182a733cbe3d,vlsida_openram
3281,a45e16bff589e5745f38523f5b9c3e9f2fa7854a,vlsida_openram
3282,a47509de26d3dd82f64bf059dce4c4bd79e8ab68,vlsida_openram
3283,a47bc7ebee0ff3a7628bed941249a879506be5a7,vlsida_openram
3284,a48842ff72b12624494b870e33fdc46186382773,vlsida_openram
3285,a48ea522539c8d8a7b1834bd8bfceaabe0a86450,vlsida_openram
3286,a497943be33dd351ac5404b1ad1646e4dcb0d0be,vlsida_openram
3287,a4a72a963930db8d85a1c24edba046a5b0eab6ce,vlsida_openram
3288,a4a9205a5674b511e7a6e0d6d5f7c5499766a54c,vlsida_openram
3289,a4a97ceb27cf606b750b3a2f7dd8810858330646,vlsida_openram
3290,a4b1d2f13bdcf84687196dbf0c39280062bc69de,vlsida_openram
3291,a4b53683025f508d04e4db34490c6cd7aafa1467,vlsida_openram
3292,a4bb4816121528801bc27429a19e473ef530af0c,vlsida_openram
3293,a4bfbe3545d10e19d165f91145d104b8d7514aa5,vlsida_openram
3294,a4c29ea52724c9ce557341c9143b08e1079fd052,vlsida_openram
3295,a4cb539f72cd6d07d46048e109e9a99791d1acb2,vlsida_openram
3296,a4cece463595043b7064189a142f6232af808320,vlsida_openram
3297,a4d881055391b8aa2f6a87918e181169b5137b95,vlsida_openram
3298,a500d7ee3dffcf53efba6eaec7637cc82880492b,vlsida_openram
3299,a51aacfa90ad8a5fc1302d2e26c61817e2a5afdd,vlsida_openram
3300,a51b71d4609c121a9c71058bb405b40ceb9f60ce,vlsida_openram
3301,a52aac5f31469d105c91cc994390f6f3dcca04df,vlsida_openram
3302,a53c6c51ede1b872e2da5995eca03a9b59c138e4,vlsida_openram
3303,a5412902c661bb4693c90c0a2c1cd16d39d9e27f,vlsida_openram
3304,a544abebf75c2e830232490afb3a040d140e586f,vlsida_openram
3305,a54eb9037112e60e71472e575f07290155f89714,vlsida_openram
3306,a55909930f1d57ff20d79d92a239a6db3cb8f2f2,vlsida_openram
3307,a55d907d03ff9ff0f56319f9eb78eb81ed34490e,vlsida_openram
3308,a56d1f62ee5393df6b0c64ae4fa4dba8356e8d80,vlsida_openram
3309,a56e3f609b67ac242d5709462d54aa83d143a72b,vlsida_openram
3310,a56fa0e7878e04e2d7b17688428166783f11c5f7,vlsida_openram
3311,a5728cdecc22019f924c25d6a49037c79a6b13dc,vlsida_openram
3312,a57a443a4c95502fc0e73c8a2eb6f98c18065bbc,vlsida_openram
3313,a58b1906adc5a25e495bff9d808b972902d00cea,vlsida_openram
3314,a5a0cffe6528327133830c66b8ae45ab4badcb9f,vlsida_openram
3315,a5aea64b09e1c67e29462f78a271e2317cd4a432,vlsida_openram
3316,a5af4a2b9ca419dd3df67ca23df650f907281061,vlsida_openram
3317,a5afbfe0aa825847633c456ac24ebae1b17bc0d4,vlsida_openram
3318,a5b5f7c22bf058538e769b6e0bed4aac7b1ef514,vlsida_openram
3319,a5b972f8b0ee98321490a85e19617649a779de14,vlsida_openram
3320,a5c211bd90b7827d1ebc927dbd604b1adb1e14de,vlsida_openram
3321,a5c9ffa6c0f817f5f9abbdc5913fd9d5e2a7d080,vlsida_openram
3322,a5e881801426f5c4fe03a4bca583a8c80dace685,vlsida_openram
3323,a5ed9b56cdb9a0715be5146f3f38a29649a165f5,vlsida_openram
3324,a61844b61b726089c6ac8030e088d75f57dcc15e,vlsida_openram
3325,a62b82128c521676a834c9b9a5ea96c0e47fe082,vlsida_openram
3326,a62b85a6b154941158552b430166e4e9462299f5,vlsida_openram
3327,a62d272adce105a6da71001d241754549316743f,vlsida_openram
3328,a64361b9d1b807b974145dd1d37b6a2e3b1252a7,vlsida_openram
3329,a64ca423c6a364813c31cd15b64abe3f00373798,vlsida_openram
3330,a65818815c67f9af65da60dd6fdf0b96c75151ab,vlsida_openram
3331,a65a06e6351e1595ba70da4155e46ef2e4be564b,vlsida_openram
3332,a663d903c5c9a3cf6435bd8569680944566ee9aa,vlsida_openram
3333,a69a016d9f7ff78b1e57564d2a86a580a0409eae,vlsida_openram
3334,a69d35b50adc969f72f0f0ab591f18e006f6b4e2,vlsida_openram
3335,a6b15dd161355dce44c7b186f693bc4dcd635300,vlsida_openram
3336,a6bb4105602e25b55e22b551a455f571c6e6430c,vlsida_openram
3337,a6c2e77bcfd8ab8f990a997fe162aaf4c5af425b,vlsida_openram
3338,a6eec10f41dba677667550c65e65fedb5c21a63a,vlsida_openram
3339,a6f5e59e186984a936e3e82c4d2dab66b22817d5,vlsida_openram
3340,a707c6fa50245c18c458ac376b3a78b5fa9dbe37,vlsida_openram
3341,a70dcc5c850f4366c0f97c921f44db7be0f49b6b,vlsida_openram
3342,a711a5823d482825090510e09db8a227392ad65a,vlsida_openram
3343,a71486e22f23a0553c5b6115a36743ab383e0a42,vlsida_openram
3344,a7246f5e7fb8c74292e9a82686c68ea89f49693b,vlsida_openram
3345,a730fd0f10768171e165125f2b884a89c7fcee2a,vlsida_openram
3346,a732405836678aafd9cc9de3b64131ea275bf80c,vlsida_openram
3347,a73bfe6c2c10160fbd6fe26e97f1f8b4bcbbb954,vlsida_openram
3348,a74baccef27f10b2344ae823f10f3d8278e0fa28,vlsida_openram
3349,a7582c05dc2de9dcffa72bd97d6203e2ce9b5926,vlsida_openram
3350,a75951b5b101fba965e873814e2e933bfde5ef20,vlsida_openram
3351,a75d9fcc76cba41491b024416ef33de273ec06e5,vlsida_openram
3352,a7722171720b6e9ebbe7bf9a52eef61761918181,vlsida_openram
3353,a78245786cacca9a6b1d1c49eaaf44765916adfc,vlsida_openram
3354,a79d03fef40c2cd04c8fb776929734d8e0cc8fe1,vlsida_openram
3355,a7a309970242a1de199baad14187e7aaf6937d7f,vlsida_openram
3356,a7a9abbde64871db763b1cdd3111a7cf390184c8,vlsida_openram
3357,a7bc9e0de0ba544f568419856ffe080532221f93,vlsida_openram
3358,a7be60529fe2289f7d0bc3e33e6b6a3c89687f22,vlsida_openram
3359,a7c6406d0d6480a9d3e797e2f98993f4ba0800cb,vlsida_openram
3360,a7cbf254be17ece110e1fb3a244a40bce4112507,vlsida_openram
3361,a7d0a1ef3a938c3fe51cb6224280e7d87e473650,vlsida_openram
3362,a7db6d182e9ea4cc0eef6b7d120d60274889d0fb,vlsida_openram
3363,a7dd62b0e50b124e687499d215bbf64f3c86c07c,vlsida_openram
3364,a7ee17eb2d007ba7dc4e0e84be4d81679bf61d5f,vlsida_openram
3365,a7f03858e81664e4937be954aaf913132efb7961,vlsida_openram
3366,a802d2a0bd74dc3208de544743e55a9a26c9bbec,vlsida_openram
3367,a80698918b3b65eaa1a4861c214bd3dc364fcb6b,vlsida_openram
3368,a8098bf1ba6d8406ab9c15c12269cbecb5559ced,vlsida_openram
3369,a840209c08bd8d72012ea0f48008e4d6df9cca08,vlsida_openram
3370,a846132ef89f135c7998d7ad63fd23ec759e26f7,vlsida_openram
3371,a862cf3cb21deff9c097f2d7bc51130906ee03e6,vlsida_openram
3372,a874872936cf00641c10965a8481d9b491177181,vlsida_openram
3373,a878ce5500ce9421957f283a5500944289049408,vlsida_openram
3374,a87b2e9446caae0bb367643c850c43d1ad4e38d2,vlsida_openram
3375,a87b40e1cb5dcee21f9e3ff7a8e6dcfcd58dc739,vlsida_openram
3376,a89cd4deeed0650744a0f300363f477104114589,vlsida_openram
3377,a8d09acd402084cf8fdce284ae3844946e1c6622,vlsida_openram
3378,a8d370ee8c733d29c2ce3eeee9c7012a1a888880,vlsida_openram
3379,a8df5528f9ddf2c044735e3cae75df8fb85b6a63,vlsida_openram
3380,a8e1abdce89f716d553995a3fbeed6aa543313b3,vlsida_openram
3381,a8f50f212e2c760e81d1e54aaad0eff8048d6f32,vlsida_openram
3382,a9048749782e68c87fd899e1929dbca29741d037,vlsida_openram
3383,a90fd36f57383bdf6c986c5dc0eb4d1296771e66,vlsida_openram
3384,a96f492d0a8390dfd00684b2d1a5cf624fe7d8b0,vlsida_openram
3385,a9797d12ab1289955057db755a2b442956905402,vlsida_openram
3386,a9849eff3a89a542cf5f7e3b903557317a2c4182,vlsida_openram
3387,a989ea63a02b33f42b7aea48cc454021fd9d04fc,vlsida_openram
3388,a9a44028e64c6d33488cf58d9358a80db075817a,vlsida_openram
3389,a9a95ebf7c4e914acc625e16a51b9d5fd0d51e85,vlsida_openram
3390,a9b7baa2061add0a298740bb15cda7e16281c41c,vlsida_openram
3391,a9c0ec55493910dc27edcefae7bd140cbe57e578,vlsida_openram
3392,a9d3548be1b0579c39e3dee6d96a52c30780aafc,vlsida_openram
3393,a9e63efad79cd3004cc96a6fd70eed5b795f87d7,vlsida_openram
3394,aa03eec9432cd995342738ca175d4e1c140d4ec8,vlsida_openram
3395,aa0d032c78ec621184d975502bd7887e09a87912,vlsida_openram
3396,aa0e2218633c64692406651f0c45cb20fdb2745c,vlsida_openram
3397,aa2cf888707b2a78168d9d5dc6a22d22fb1f8627,vlsida_openram
3398,aa2ea26db318530a8c658d52cdfc28156c1d0567,vlsida_openram
3399,aa3370644937e2f533d59c1363727c755f129940,vlsida_openram
3400,aa4768bf87c6b26ed824ba8a9d7ff257cc8e4527,vlsida_openram
3401,aa4803f3c4b69b60be7c23c6d9014129eabfb2db,vlsida_openram
3402,aa552f8e96e530dfdf74b61f0ecf051f7a6e9133,vlsida_openram
3403,aa5e1fd16821f9c83baa43b18c64379c0f63aa46,vlsida_openram
3404,aa71785bd51f945d4f6ae1b3ed70f2d8b078b18c,vlsida_openram
3405,aa779a7f82bca4d568a2593f0ea8b86cae726fb3,vlsida_openram
3406,aa8f389f28870bac0f318d8a80a38ce2c7a8233f,vlsida_openram
3407,aa950c3b21c578a58d8588dec403067d91bd9879,vlsida_openram
3408,aaa1e3a61427492dc6d9ba3741824e47db990636,vlsida_openram
3409,aaa36bf5cf428d2188d3d329cf7a863fe7eba4c6,vlsida_openram
3410,aabd25864321a8578881c5bef474f8b017c10180,vlsida_openram
3411,aada5a0d092a99193b30f648a8234623d1e40b02,vlsida_openram
3412,aadf160ce4d22db48c6a0e9b84aa5f3ef8791009,vlsida_openram
3413,aae8566ff244cd7fbeab1be8a3766dc5c60b667c,vlsida_openram
3414,aaf028cacf2e2418cd9a2c9f966d5b2f26de12fa,vlsida_openram
3415,ab0b9ca37bae70d5c01f3a58f22d476f03074bd2,vlsida_openram
3416,ab27c70279733bf86ef73355183697289c48d331,vlsida_openram
3417,ab3acb99dae2876c00940c27fda329303911826f,vlsida_openram
3418,ab5dd47182b59bef7941156d46fd66c9538adb88,vlsida_openram
3419,ab6afb7ca817bdedcd73ddbaec68599719aa25da,vlsida_openram
3420,ab7a83b7a50c910818a3e2eed6feae2a02884806,vlsida_openram
3421,ab7d3510b565b0cc693341033c524c2c143a3bd2,vlsida_openram
3422,ab91d0ab1d86afb4d9f73b22c613cbe6cc7c0853,vlsida_openram
3423,ab955f0da8386c5801fda06938d903b6336c5c1d,vlsida_openram
3424,abac5a11abb57afd0b48ac6a0f5d9299173e8bcf,vlsida_openram
3425,abacf6a2d019e0960c93342acb3d4155288b4224,vlsida_openram
3426,abb12bd785eb6bdd077aecca4c26215bc6b51251,vlsida_openram
3427,abb5ff7bae279d70ab81ddc43d4dd6d294b0d48d,vlsida_openram
3428,abb86c338bbdbf1b16261d78a295786c516c90cb,vlsida_openram
3429,abb9af0ea8a05b3be3280da38292f6eb9c21c47d,vlsida_openram
3430,abbdaeb60f6dba6783e48228e8071118a125732a,vlsida_openram
3431,abcb1cfa2c66b6430981af0406d5bc04ed804666,vlsida_openram
3432,abd18ab832dac146589d6403d3e5be6ec960ee87,vlsida_openram
3433,abd8b0a23ad029eaf33e0b3c7f0f3db8cbc09f08,vlsida_openram
3434,abee235963c66c099d859b5bbf57e043646aa6c7,vlsida_openram
3435,abf47bab50adb48337c59b72ccd6023c1999f3fc,vlsida_openram
3436,ac17e719736e9eb8658d5f782169f166cbd0b3e0,vlsida_openram
3437,ac203d987c5769bc1d7541b70cc8803b26d878a6,vlsida_openram
3438,ac22b1145ffdf9592a97c309f1aa4fde338717de,vlsida_openram
3439,ac3cc5c79bd8e2ac0b0fb06d986bd73512bad378,vlsida_openram
3440,ac425643a0581c30ff390913d80f01c6de02aaf4,vlsida_openram
3441,ac60c4fe3c78dbff55e18e5d0b006de3ad790f81,vlsida_openram
3442,ac70d67da7eb9883e6a4fb7b93980470566fa5d9,vlsida_openram
3443,ac7229f8d3eb11ec92a1daf4caaea553605c4802,vlsida_openram
3444,ac7aa4537c9117ea3b604cf26a96940b8ad3bfbe,vlsida_openram
3445,ac86ad0e8a505f0a03eb84b7d6fedcf62ea635f3,vlsida_openram
3446,ac8a15acc01f166e47ec23b4a94c7f4213debb6b,vlsida_openram
3447,ac8a16ebdf1f0b8677065478d0934e23b404f52f,vlsida_openram
3448,ac8eada0d8bd36dfa8b192638a797372d70c8519,vlsida_openram
3449,aca46beb743489a770e3a4b30f646c76aab70171,vlsida_openram
3450,aca99b87bc45025f38bae399c6231973eb9c1246,vlsida_openram
3451,acbbbe94031ce62f6fd222d155630a6115961935,vlsida_openram
3452,acc14e7a6d3818236e2ad858667fb295539dda78,vlsida_openram
3453,acc9b2d223947c8456e1a5fc0e69479337561d81,vlsida_openram
3454,aceaa9fb2178cd9b076926a22f752e583ecfca6b,vlsida_openram
3455,aceea585350e11686e1e6bdba8c212e5981e606b,vlsida_openram
3456,acf2798a188dd1b6d691b5d225bfe102e146b9bc,vlsida_openram
3457,acf3fe83760b239bfb58d7ed51cc5c6e3c42f68e,vlsida_openram
3458,acf8e46b55917372a956a5e0c7ecba7fab4a4ee3,vlsida_openram
3459,acf8e9f23ef85539c4cc5e7d5c12c06d5f405c7b,vlsida_openram
3460,acfec369d614f61220415a8e93e879aa6a48608f,vlsida_openram
3461,ad05fde099167cd0f256d01d5f945fc69f92c194,vlsida_openram
3462,ad0af54a9f3af7629de93279b5472d4c79722884,vlsida_openram
3463,ad1509b29bf2c8e5474863fe7428f408bce6e1a8,vlsida_openram
3464,ad1d3a3c781babcf07028c42f3891d148c0dc461,vlsida_openram
3465,ad229b1504b5a3d77a113cbdcd08e63610ce37c3,vlsida_openram
3466,ad235c02c658f49b47714231cca9ebcd56813f77,vlsida_openram
3467,ad2468cc269c4e6b7091e4f34b68b2439b11a6ad,vlsida_openram
3468,ad35f8745ee88499d9af51e9ce444f7622b4ee85,vlsida_openram
3469,ad4b4f66dc1381bb0a2b6164a5f2e16f0b713a78,vlsida_openram
3470,ad6633ddca30431dbcae1ce58bd2299fad95c8fe,vlsida_openram
3471,ad7fe1be51d9060bd55308a2296a198639375803,vlsida_openram
3472,ad9193ad5a99c4645f41a27614a93df0aba61099,vlsida_openram
3473,ad98137cd453579c8b3cd4f35bf345f07bba76e8,vlsida_openram
3474,adae3c519b26ae7759f356386e6a06c274deae9e,vlsida_openram
3475,add0e3ad68d7d64c9e9135d800278dca60cf8b08,vlsida_openram
3476,add9ec7b2836677ba46e296d48f6bf4fe2837608,vlsida_openram
3477,ade12c9dc27f50d72aca64387d4dc42901b9a544,vlsida_openram
3478,ade3b78711ae56f56ac72afa39438a4e839303c9,vlsida_openram
3479,ae0f4fe68251e718d25f0ace74e5f4e18d7959fe,vlsida_openram
3480,ae107b635f51666156770f0264d65af534c4de07,vlsida_openram
3481,ae1c889235d1a2563dad5c32aedbc6645d4c2330,vlsida_openram
3482,ae2dbb4cd58882cf1af8833054a1734bb461a9b8,vlsida_openram
3483,ae46a464b99468e7e11c7c3eabc2969ba128604d,vlsida_openram
3484,ae6d2716025a892b9af5ca022595dff6d45480e8,vlsida_openram
3485,ae8926c5c23f491dec77ed00bb718d280758c77b,vlsida_openram
3486,ae9dbe203d6473600d5128113b327bd43ec610c1,vlsida_openram
3487,aea39e8c82b949770dbcecf8aaccdb1157c26ce9,vlsida_openram
3488,aea3c0ad0120891dec933146c956a67f21503109,vlsida_openram
3489,aeaab13d28c1b6ec44144753200123098235d351,vlsida_openram
3490,aeb9594877d16a2a5dc002fe3c9f553b0c7296b4,vlsida_openram
3491,aec5865d71ef44f4ff411934ad98cc1ed6280aad,vlsida_openram
3492,aeca2c6b884af61afb48c795df344337ee4b1d6e,vlsida_openram
3493,aed2ef4ecc39365270420d4d62661c0ba427ce09,vlsida_openram
3494,aedbc5f9689ba1b8fd4577b77f4f41b9a04b67d9,vlsida_openram
3495,aefe46394c9f2ac07ad771804cc79712d6fa4d7b,vlsida_openram
3496,af0209ec96286022ce14276de9da936164723405,vlsida_openram
3497,af0756382fa47448adb492178ee3c239de4f73c2,vlsida_openram
3498,af0a6d32fb8ea8dab917b6108362a034c3d7a902,vlsida_openram
3499,af22e438f121853d878021a55ff3e810f522198e,vlsida_openram
3500,af3102750490eecc691b58bc853bcbd0422f4714,vlsida_openram
3501,af3d2af0ec26b13bb63d02614cf090a1c36c27c1,vlsida_openram
3502,af40f3077cd4e11d522a7c7e0c507524302ac639,vlsida_openram
3503,af43fb6276f1bc74939d16934fe1469b90c0cafe,vlsida_openram
3504,af46c057fb46146ca6ffdd62d6a0dd2cc995a24d,vlsida_openram
3505,af4ed3dd6edcf25db3a624da5a5d503bf3619f5e,vlsida_openram
3506,af4f94afdef8d4482eebcd0b2ed0d7808f126f7a,vlsida_openram
3507,af67b738af6b52b13ffa1d795901e63690313b1b,vlsida_openram
3508,af84742c1933060116e6e738783d9d1067eac8f5,vlsida_openram
3509,afaa946f9c28e2e2fc21b8ff147402922685a939,vlsida_openram
3510,afb32ed8343a5ed8f8e9956fa19483acc106ec4c,vlsida_openram
3511,afba54a22db9b830458119789056d480e35ff767,vlsida_openram
3512,afcb5174ac877ae66e6844c2a20ec08bb04acee8,vlsida_openram
3513,afcc3563aee9ec6ac9475a8f47befbf586c06082,vlsida_openram
3514,afd3b782b93935ffd8aeec1218a1f6a1533ffdad,vlsida_openram
3515,afe09025470ddc7e06a7e0e9a72c5339aece9daf,vlsida_openram
3516,afe37e591500cc299d5bac8b5768eeb0e5b0e21c,vlsida_openram
3517,aff3cd2aabaa9149d48a7268fcc3171e2bbdfc54,vlsida_openram
3518,b00163e4e1e22883ed910826ed7ed5e880cc9088,vlsida_openram
3519,b00fc040a39d126db73eb34ee1b8fa54908a8a2f,vlsida_openram
3520,b03184864e0903545645471119facebae2a4d53d,vlsida_openram
3521,b04e63dd654f67ea7ffc6c8e1f44d2b431adc772,vlsida_openram
3522,b05a721fb54a0d975b58c5fa7b4f431e53d268d9,vlsida_openram
3523,b06aa84824747296d0dfbf7fd59ba1489df6c6bf,vlsida_openram
3524,b072f9e703c8d3e5e1e9da5a161fa31e6df18836,vlsida_openram
3525,b07f30cb9edaed782cd746e906a81ee0d08330db,vlsida_openram
3526,b0821a5a0ecc65b07da8757abb17dd5bce5ab04c,vlsida_openram
3527,b0978e62f37f805c36623322477130a2cc9d9330,vlsida_openram
3528,b0a0226e870c35806943e46b39578670259dea96,vlsida_openram
3529,b0aa70ffda436e9b22f5f51c249671e2660c0ed6,vlsida_openram
3530,b0b15e81514732bb8c5fecaf4d50bc37306f8d74,vlsida_openram
3531,b0c27225838ab78ca038cd44db9704de150ba1b6,vlsida_openram
3532,b0ca566c0dc775f7409069fbc85a71ccd31346b5,vlsida_openram
3533,b0d2946c809b9f14322fbd8560e5301d0e81763f,vlsida_openram
3534,b0dcfb5b2d525079a70dad5c04ebc20097f49253,vlsida_openram
3535,b1079346726ae5f4028bba0f0d5272488d972f82,vlsida_openram
3536,b10ef3fb7e5038a67c5ad9f187fe1099ec4ba11e,vlsida_openram
3537,b13d938ea85e6e43741b0909039e3951e988e1f3,vlsida_openram
3538,b147e8485cab916c545b5a3c34c45c5da2313e45,vlsida_openram
3539,b14992b213d61adc8602469d8da9fd099fc72338,vlsida_openram
3540,b14bef3bcf01a739ad403e3d95a43821aea1d71d,vlsida_openram
3541,b15584a821932b80d8ddca857d3146f21c99dfd9,vlsida_openram
3542,b157fc58a1d91d7ea551b1dd0ad60afae1869f1a,vlsida_openram
3543,b1585355e18db8767d97b63da9f3162179cb3475,vlsida_openram
3544,b160c4a35d03f2248fc7274d1cbe73fc055794e1,vlsida_openram
3545,b16dd800886337e7b63cc685aca3aac38f1ef487,vlsida_openram
3546,b18e2eae8dd6472c04dcb6178836e90bdc237884,vlsida_openram
3547,b18f0e99055b8d61c25ca3d9edd59d0bc41cc471,vlsida_openram
3548,b1a7e0e55bab8e731a60fa9eee8af7e28e40b1e0,vlsida_openram
3549,b1a88d8c8a0f0f9ef0358357e5b29db571cf8d6f,vlsida_openram
3550,b1ade15eaf280fc150af6c9d85f75bd818224297,vlsida_openram
3551,b1b6886bac82206013476fc7073544b68f74a36d,vlsida_openram
3552,b1bb9151c41d5f2704e328d212dfe95537f3f906,vlsida_openram
3553,b1c63a6c62d1dab61b783e1d4aec902d98ca2792,vlsida_openram
3554,b1d8a35aa70f5c9eb6d084f2ce8777cb2a238142,vlsida_openram
3555,b1e1763e14988785380c72316eb561ccb1d38149,vlsida_openram
3556,b1e4c83373797e771a7ce55bc199042593bfc887,vlsida_openram
3557,b1e55f9072b26679fe6330260a83bba315389eeb,vlsida_openram
3558,b1f3bd97e5c49129474bd672b1d5899d580135e7,vlsida_openram
3559,b1f4f0887e65568d2282d22d0a9ef2dbc2ae2f91,vlsida_openram
3560,b20036a867b897e76478ec81e901e2bc806d8644,vlsida_openram
3561,b201fa4bca2a1a229d49ddba2ceea654c527a8db,vlsida_openram
3562,b2043bef1133fed7b91060ffe5e01d4b66f270f6,vlsida_openram
3563,b212b3e85a31b279fe2265c8889a8fb3cb330586,vlsida_openram
3564,b216552c3feb1006687d6512436b99ccf1fe4103,vlsida_openram
3565,b22d2a76a729222c3318f28e66216b3cf124d3e3,vlsida_openram
3566,b2389fe00feec7dd9cbf349e85f6153241310c23,vlsida_openram
3567,b24c8a42a13c8e6eb8a9b5c495848ae703233673,vlsida_openram
3568,b25650eb0736adc81ef92d8a6df12d263b3e0eb2,vlsida_openram
3569,b2631b60ff4a32f1b516cbde5112df0c9b43d776,vlsida_openram
3570,b2797917629ca0b5a49e715bb41dd0bd3ff5a520,vlsida_openram
3571,b2817717530ee64fba2065f95558938ce60f7546,vlsida_openram
3572,b288bba43e4154920a1d393e37e33ef99a46dc61,vlsida_openram
3573,b2b7e1fa4d114b7766b9f39d37efa8501d5235f0,vlsida_openram
3574,b2b7e7800bd01ac27e4051a6f78764d549086205,vlsida_openram
3575,b2bcbddd01cbc3b2b8b16af9dfbabd0c6879f923,vlsida_openram
3576,b2dab486fc035131eb773ec96de290f89b2ae724,vlsida_openram
3577,b30c20ffb515754098556172b7403845f02645de,vlsida_openram
3578,b30dfa03e7b7a92d9952a79353bbe9f4809470e2,vlsida_openram
3579,b31f3c18af9820a31719f4afa026e3f8dd3b06f6,vlsida_openram
3580,b32c123dab8e3928801bed6f6f59473b7b6a86f1,vlsida_openram
3581,b33c2ab96c9ddfdc42ac27e2a8bf6fc8e940319b,vlsida_openram
3582,b347e3f7a8fdaa7289f12bbacbb982cd7e3199d4,vlsida_openram
3583,b3500982ca07384de1c2e69b3e62cb460e4c212a,vlsida_openram
3584,b3615f943de585c6901cdca2887c867e9f3fc432,vlsida_openram
3585,b366d88041b4dbe09b95c41cda54c04859dc7d8a,vlsida_openram
3586,b3732f4fcf7c8c0bf39e93f28fdfe781fa80a792,vlsida_openram
3587,b37711e64398dc2dc31b229cdcc7305871ffea9a,vlsida_openram
3588,b3948121df8393f6e0b692b2e0fec59046374845,vlsida_openram
3589,b39579c109848845c753bcef74b87cf30af7ad50,vlsida_openram
3590,b3b03d4d397e82dbeb357ac01f381018226e2b27,vlsida_openram
3591,b3b3cf0210566754e7ba9f1dbdb72250d2d7168f,vlsida_openram
3592,b3bcf48d2e7204ae0789ec90a6c2fb1bcd9186d3,vlsida_openram
3593,b3d1161957aa0a13f0af5b2764f8c53070dab151,vlsida_openram
3594,b3dc6560f58a7e1adaca12b9b81b3a8fe6ce7d96,vlsida_openram
3595,b3e1a163d0ad696ae7ec504c153ca5ca29794f46,vlsida_openram
3596,b3e249c722d339ccd8a655b71bf4d78e79078b44,vlsida_openram
3597,b3fa6b9d5281fa36d6e4ef44aaef399a40e93fd3,vlsida_openram
3598,b3fb4e31833ac71dbeb00a742b1afe74da6acc3a,vlsida_openram
3599,b408a871f96107fa73af0594a1626527dc3abfe9,vlsida_openram
3600,b40a17f4a5cda79d76b7d764bc43e7942a3c5b76,vlsida_openram
3601,b40f9fe80722ea238910c1574d331e410748a9a4,vlsida_openram
3602,b420f77ff1e3c649c0998a55a897336dcd0ce9df,vlsida_openram
3603,b4342ac5278b107f361f8bc7af1a2c5f14746058,vlsida_openram
3604,b440031855155b0e9be6d5863aab14a7461742db,vlsida_openram
3605,b44f8408149b81780691b51e3e80596172e009f9,vlsida_openram
3606,b453aa23c25c390987bbf0f9b13116bcd836277d,vlsida_openram
3607,b45a7902c0e1feb96393b52e34c55acb9eb89126,vlsida_openram
3608,b4902c46e88f2c613e9f852872622be636b47d75,vlsida_openram
3609,b4a9784835dfe36e08eb26900f9560d25c1a57bb,vlsida_openram
3610,b4cab6ec572b8634168f0613cda08b3f298c8d4f,vlsida_openram
3611,b4cce6588989714f5d70f35db3722507423883c6,vlsida_openram
3612,b4dafac489d4f618bcb3fc080a97f5688e5f1fac,vlsida_openram
3613,b4ebbdd5df24f29a06eb2f24f9a298e03a51214e,vlsida_openram
3614,b4ef0ec36dc099a455e40f142f6547c9d53e0bb2,vlsida_openram
3615,b4f1d53a1b19b744d2372e70960310a0c84025ef,vlsida_openram
3616,b4f293b3116c1f0f5b385b8de4f16129c84ea94a,vlsida_openram
3617,b4f5dc4c6e5af51ca792cca7e36089651b4c4b5c,vlsida_openram
3618,b4f9636ab90f1325833e8b360034480ce9caa8d9,vlsida_openram
3619,b50ec272da9533e8c0f6085b32d661e017bbb4c1,vlsida_openram
3620,b50f57ea3ad7b3bf2890fafac9a4089dd41b100c,vlsida_openram
3621,b510925bdb3d980eafdcba2068d08a00a51b1f04,vlsida_openram
3622,b51c124810c4e22bebc40515959e18c97fa9e6b7,vlsida_openram
3623,b525ba60a09a155612b7556f236a810249c1d404,vlsida_openram
3624,b541efe9595c3057f42613ca743923f73942d795,vlsida_openram
3625,b546ecce2ca72f2f93096f224d37dd8da7c82a6e,vlsida_openram
3626,b5516865f1722bcd2607e9becdd711852d6977b8,vlsida_openram
3627,b5701af8645118aefb58195079d57379dd72d664,vlsida_openram
3628,b57487f5e504f654c37895f4d34de60d44ef472d,vlsida_openram
3629,b58fd030830a9eb5e8b0a4d7c86c6bd4d7f19b43,vlsida_openram
3630,b5983fbfd61292dbddbf55eee96064be89190cc8,vlsida_openram
3631,b59c789dec692cee9843277f188486d621d3b35b,vlsida_openram
3632,b5a7274316c5bbb23d65eadb0ee20f02c14dd9ac,vlsida_openram
3633,b5b0e35c8a8c3f968f9ee334e9cad9d1566e456a,vlsida_openram
3634,b5b1f1753e115e0d60ca2216b8447ba2254a6807,vlsida_openram
3635,b5b691b73dc1c3b65867c8b796894aad575ec8f8,vlsida_openram
3636,b5ca417b26324dffddf47e4d4f7b7dc96ab124b2,vlsida_openram
3637,b5cddb93941351b205f4962123f6394de959a110,vlsida_openram
3638,b5d9a0e5eedb6e12624d8397c331c6ce8d80744b,vlsida_openram
3639,b5daa51a6cdc0db66cb092d14794c38ed88b0996,vlsida_openram
3640,b5df0cc30a0c406bd5a0abbdcb02781e2053c2bc,vlsida_openram
3641,b5e05ee7a97270b0101c35ea0755490ac442f2ba,vlsida_openram
3642,b5e532940cc2567f60c0bd51b6cb3bce79f8b939,vlsida_openram
3643,b61df7614d92236a0395561cfb4b242f6d6ed359,vlsida_openram
3644,b621c3bdc0414b595222d07ea6368e88319b7ad6,vlsida_openram
3645,b63bcb97731a8c20f7f9c98f0f04768fd4ebf4e9,vlsida_openram
3646,b641bc8eef3720f12f1ab8b8eb58cd633f8b14e0,vlsida_openram
3647,b65ebc61603aadfd64c34b91cbb1ad01f43dce54,vlsida_openram
3648,b66c53a99a867cd78ac42f51979a2a318fed1cea,vlsida_openram
3649,b67f06a65a703de2a596a5a26fff540ccc42fc88,vlsida_openram
3650,b6a6f12642df6b84facc24a77f9a6f67a0d62dab,vlsida_openram
3651,b6b20c1f4379c95887270e0c462f57e665f32a06,vlsida_openram
3652,b6c3580e249db400077cf982d92cd52ff55b602a,vlsida_openram
3653,b6e7ddd023d92594a34449ea7c95aa1e53ebd408,vlsida_openram
3654,b6f1409fb9ea870fde209fa0af7612a6152a9d05,vlsida_openram
3655,b6f3fbdd1f5d8e79d705f2dfca4908c74d4c005b,vlsida_openram
3656,b70bd4dcf5fae210e97b0e27f7bc10e62de29024,vlsida_openram
3657,b70f919a2b47a9a20b4ddd232ccffe9e7fb3bf5f,vlsida_openram
3658,b71230efd73c8fcf53325e6b0c19a4ee057966d2,vlsida_openram
3659,b71d630643bf2767048a23c53224b6d4b071f1bc,vlsida_openram
3660,b72382b400be40a6af835aef9ff1acbc3a1f3899,vlsida_openram
3661,b7362ba011b0d0d5bb2c5b02163103a0e071a08b,vlsida_openram
3662,b7525a14c2508f6dd4508b1e67f399a9b95716fb,vlsida_openram
3663,b75856fac97faf06da82dedecb7b749da982dd8e,vlsida_openram
3664,b75e1fc499c0998f07a4b78557d7ef12ccd9055f,vlsida_openram
3665,b75eeb7688460ae8a7f55b24b5b2e5ba63b3b4c8,vlsida_openram
3666,b75eef3684ae3aafb87722bc986a55cd26453e09,vlsida_openram
3667,b760656572a042a18db50b0c745c175f6a485ed2,vlsida_openram
3668,b762580ee2e792179860c7a8e71a9e99c20837c2,vlsida_openram
3669,b7655eab1030f1a1c641d40c4ab5db571de01deb,vlsida_openram
3670,b77f1682704263916236234a1ed202ab94ec5559,vlsida_openram
3671,b78166c044cb77dce5a1fd2d3a038973c0db5ef1,vlsida_openram
3672,b7b3a796f5b5cb38858a6bd56b892df6af8dccce,vlsida_openram
3673,b7bbc9b994bb57cf972e055c8eb5332e8e37f891,vlsida_openram
3674,b7be042c7f7e5570349b8e0c643673910453e723,vlsida_openram
3675,b7c43ae674bb1876e6136e3d4bc55b6886860fb6,vlsida_openram
3676,b7c66d7e073566d775ef8b9b902e8931a547e56d,vlsida_openram
3677,b7d78ec2ec5193284765b67e69acb3d39863370d,vlsida_openram
3678,b7ef5496c4cfa32fa26eafa441cc12d1aa272639,vlsida_openram
3679,b7f1c8e8fc4b8f3328883187ba24c720ae65613f,vlsida_openram
3680,b8061d3a4e03684ff22d9b5fe93d87cab2a774e3,vlsida_openram
3681,b81cdab0d6ce3fd23f485f6625cd69029b18f4a6,vlsida_openram
3682,b82213caffdd45188eeb3279f482aa9fa5871118,vlsida_openram
3683,b8299565eb588cb6e9df9bd15a9ef4c0ab7ee8f1,vlsida_openram
3684,b82aaa42019f3ee8a3f65e2f9bf85f57fe8207c7,vlsida_openram
3685,b82b7aaf280bf624017dd484360ba0522c0e75eb,vlsida_openram
3686,b83d93cc9a8e5379f98836423b2e0e5808d9ca71,vlsida_openram
3687,b841e18abdead42fe45ce108fee30bc10d1ca137,vlsida_openram
3688,b841fd7ce3fdb74f6b2a9c98e56decaf5e98b8ff,vlsida_openram
3689,b84b4dab43414f51ca21d2a39124a310a2dd6d85,vlsida_openram
3690,b867e163a60389f99fd092d560d224db654fab75,vlsida_openram
3691,b884fb36c399c6ab121d6039d18685c4a7265ad1,vlsida_openram
3692,b88947ef5cff3ea649d13970b31e12140afdaa61,vlsida_openram
3693,b89c011e41d9b0a0677017a77f9f3354b792e36e,vlsida_openram
3694,b8a3bc9b1ae08570685e29aea4627a0434016c5d,vlsida_openram
3695,b8ae21a52bbe070e53c6aab324b574b4d4f07ab9,vlsida_openram
3696,b8b2375346534557d0218fc18c4c5adb96e4ac28,vlsida_openram
3697,b8c7fcf182fe35bdd5275d4a7bb9ecdaff374359,vlsida_openram
3698,b8e3629923686bc0020fc105b7073d7f2d947df4,vlsida_openram
3699,b9086dbbe5746264dc7c3e29f983d0d9afba34d1,vlsida_openram
3700,b90f5c9a59e6c1611600400b286fbff555282b8b,vlsida_openram
3701,b9123571f4713ec7e28016fc709d59128fa4e4f9,vlsida_openram
3702,b912f289a6f7dfd5ffbfa93d53ed2c26015a6679,vlsida_openram
3703,b91c628acf98f2446771ea98e3fbab525235ad77,vlsida_openram
3704,b9479899707a94711d03d679ac082acb78783e5c,vlsida_openram
3705,b9492051b66756222d169b99515fbc797c8f3437,vlsida_openram
3706,b94af3e3fdeba5060848736eb2443ac504bcb7ad,vlsida_openram
3707,b94dd79125201cada139697a4f1408dfac0fa839,vlsida_openram
3708,b9525e0f9e79b6294daf460d38b61f2459f810c9,vlsida_openram
3709,b9570b8ddf9ac2150dde06ccad3aac25e6070ca1,vlsida_openram
3710,b9707568161e8853f8c51d68ddbcc4c1aba89dbe,vlsida_openram
3711,b981ad58149cb03e8c06c5eba1ffce30e5cf4fe0,vlsida_openram
3712,b9990609bf5b8dc6ac422623f2f596755b5991c9,vlsida_openram
3713,b9ad65c1deb8ce4e8ec11ff8456a8d2c9c9c458f,vlsida_openram
3714,b9b57ab6b384b615ef57184943db7ea1c0579159,vlsida_openram
3715,b9bb6898af60007b048149cd02bac1706572d9ab,vlsida_openram
3716,b9d993c88b6cfa1b152c3145c8cd9b010b7a0154,vlsida_openram
3717,b9dbad4750ba26e1471756110668caa47a7ae0c5,vlsida_openram
3718,b9e61f346ae4ff267d429d77d2db42036b96c001,vlsida_openram
3719,b9f16ea490aacff4c5c813ffee3467a90f78cb56,vlsida_openram
3720,b9fd172e446ab9dd099a5dced94c8900346eff29,vlsida_openram
3721,ba274c0a38433d51cc0cc31fb82858b151154c63,vlsida_openram
3722,ba3d32fa0cae6455665770a7f5c2a54ad50e065a,vlsida_openram
3723,ba432669a1e98b40507687738b2c6f41b3f1bd98,vlsida_openram
3724,ba43b986ae34088bcc5bd50ecf75efd41a10fe5d,vlsida_openram
3725,ba4473d49d66a5bb731d2bfce268f156540cb079,vlsida_openram
3726,ba489f02916ee1a11e0a0de07693953faeb9d45b,vlsida_openram
3727,ba5988ec7f886aeac3b09e8879f006d5d1f85511,vlsida_openram
3728,ba651d53aedf0a7d25df927a1246779730e6ac92,vlsida_openram
3729,ba82222475721a6d2f73de18c2d5fd7e795460b4,vlsida_openram
3730,ba8bec3f6794afefd75e82f8ec3e230c2f8e9fab,vlsida_openram
3731,ba8e80d2053ead94925de7627589d9b8c8ecd9f7,vlsida_openram
3732,ba92467fec2967a7f652c540c10ff80535aa3788,vlsida_openram
3733,ba97fa9f8546c5c4dbf4133ea76afa02e758cf11,vlsida_openram
3734,baae28194bea5c5e7aa689ae85c2ee7d8920da5e,vlsida_openram
3735,bab92fcf38cbbcd01f84861ca17fc583c7cd1a30,vlsida_openram
3736,bab9ae8201c5e25663e4c41ceb620b2cd8f8219e,vlsida_openram
3737,bac40fa630304544300b150ae299b429eee3adcf,vlsida_openram
3738,bac684a82a1c855752b98ced590177998fff69ef,vlsida_openram
3739,bad1274bdbe1fcc1fb7feb163f25408d073cb21b,vlsida_openram
3740,bad24f9c8ac8304751994fba94ee9e3e70e65570,vlsida_openram
3741,bad55cfd051ce1730e14cc7555986498839061df,vlsida_openram
3742,bad735fd893ee52eb2c8fb3daac6f506b8629994,vlsida_openram
3743,bae83fc686ef595ee02fb6b865b7da77bc41ef5c,vlsida_openram
3744,baf369fc966b27184046d8d475d9217971ef9a3c,vlsida_openram
3745,bb1627bcec4ce34da8f154fde7fc28a20c12a52f,vlsida_openram
3746,bb164d915daaa435c941c3e68a0d4818990e0e97,vlsida_openram
3747,bb18d05f7535c7239ce860e883d9ee9f47d58eee,vlsida_openram
3748,bb1ac1a38ee508fe240edd70bcde990f40a36925,vlsida_openram
3749,bb1ec63c4f4c6036f703053c4b4bfbc8cc13d331,vlsida_openram
3750,bb2305d56a313bd5a5210b551bca0f54f63168a9,vlsida_openram
3751,bb24503f32eafd7c60b55a2b541512410c7464de,vlsida_openram
3752,bb35ac2f905b6ca1a90da42c4cfc8a58124b1f98,vlsida_openram
3753,bb408d0a4559d7437f7b005d266af4b833ffd261,vlsida_openram
3754,bb42e5bc5b8fe65a36681fe8920a390c0ef7f3cd,vlsida_openram
3755,bb7773ca7fe9db9ba7c67a82d57b9b0ce452327b,vlsida_openram
3756,bb79d9a62de3b1ebc96bb2a429b57e42ef4ee5b3,vlsida_openram
3757,bb8157b3b7ec940f27514cc97e868fad26070814,vlsida_openram
3758,bb83e5f1be55ae103eda5b16b3ae8a8cdb4372ed,vlsida_openram
3759,bb841fc84db5269c369410424138d4227ee30d84,vlsida_openram
3760,bb8f3f7eb8553a47ac1448233c8e993b737a67ac,vlsida_openram
3761,bba6995653b08da770bd411aee90cea97f9af603,vlsida_openram
3762,bbc98097ac2b5a8ad6e585aa2cba047b5bf8ba1c,vlsida_openram
3763,bbcbddd934214dd919408998e848ef211a8ddf5d,vlsida_openram
3764,bbdc728ac5107bee6b2171b01c255d7861498d18,vlsida_openram
3765,bbe235074ca76db76ca0a0aa5cb8ddf024a1ddc8,vlsida_openram
3766,bbf00e4182a3e962a68ed67765a12adb163fcf4f,vlsida_openram
3767,bbf2cd2913cecc9bc12d0c8c7cb5b92606050da7,vlsida_openram
3768,bbf9c18d111705e8dcbefab16c02c2d344eb7d45,vlsida_openram
3769,bbfccd1e006907eecaabbb6ed95f0ab31ebc0f7a,vlsida_openram
3770,bbffec863bd61ffe10148e6e877c35d19251ac4b,vlsida_openram
3771,bc1cc36ade0464cab4fbf65b268299248e9906a4,vlsida_openram
3772,bc3de9db05a7d875722d4d0e1cc29c211d38e443,vlsida_openram
3773,bc44c80d40bdc6c8450a975cd75e909d62455d25,vlsida_openram
3774,bc4a3ee2b7f6414e7e203999f972dfc634e3ce02,vlsida_openram
3775,bc54bc238fc3e0f39907588b404fa2a2964b1a1b,vlsida_openram
3776,bc67ad5eadd0e7aba6a2112865d49f7ea2723bb4,vlsida_openram
3777,bc793ec3d8000dd89dba61ba765a454925b55491,vlsida_openram
3778,bc7e74f57133a11f353f09055867cfe9df3c339d,vlsida_openram
3779,bc8d564dbf1505e375eb7c4c7d00b72595f6b5a2,vlsida_openram
3780,bc8fd4a882c6ad88b6f1591c35b4018d8f16aba2,vlsida_openram
3781,bc974ff78e15c522d83ac800e5dacf2d4f7d6f9f,vlsida_openram
3782,bc9ab086e586448fa8b2da8547aeff043f93b754,vlsida_openram
3783,bc9cbe70a7712f1b0df7b60edbc760b090e6cc38,vlsida_openram
3784,bca69b24e37c8c532ea3eabc93b023e690ca4eaf,vlsida_openram
3785,bcacf13f6117d632193d3797787837fed89288ee,vlsida_openram
3786,bcb0f379fea51cbdb9a6fd3ae64c1855c50e99dc,vlsida_openram
3787,bcc6b955648a4df808ba7ee52137f8d6997cce72,vlsida_openram
3788,bcc956ecdc96c72cfc9a15f6e7d0668b3c721497,vlsida_openram
3789,bcd837205b1abfd8d16c3003a14202d98393d54a,vlsida_openram
3790,bce71af0ad99b947ec68a46c0b8f2829b265cb85,vlsida_openram
3791,bce8febda04e1a0fc5648a7bb74017da9f1e7ef2,vlsida_openram
3792,bd125e2ed30a9e471eefe679dda1d45c9a0854e5,vlsida_openram
3793,bd256d33d69b407a68a6bffd0cc4889715c6660b,vlsida_openram
3794,bd28a7a93b6e294cf73035bbdffc2589748399c2,vlsida_openram
3795,bd4d965e37306a41f1cb1a98f331414aea63a35b,vlsida_openram
3796,bd4dd326a617809148283011d8baa3b75c9b711a,vlsida_openram
3797,bd57a043d754b5532e6757540bd865ea2dd2ad9a,vlsida_openram
3798,bd6491297724a2477fa3910f221be6cd1229ef08,vlsida_openram
3799,bd6621cb884dbb9e77bd27a7177f0c5a0082433a,vlsida_openram
3800,bd763fa1e36132ddc53b45c4768119c3d7661877,vlsida_openram
3801,bd7958be282a51d61a35879b555221f1e4a1d8e4,vlsida_openram
3802,bd7b2c22c7b88b074001db712975caa8aadd3bf8,vlsida_openram
3803,bd8bf9afd834e97bc8ec4125cc0a82ac0534d923,vlsida_openram
3804,bd9bac6635788ecf71fa816911c83b6dd6de79b5,vlsida_openram
3805,bd9ebc3300c4e0efb5a711095082c06881aab8e4,vlsida_openram
3806,bda3adf9f9228675d6ac033edaae8fb21ba8d867,vlsida_openram
3807,bdb18b4cabc72bd1caf6018f4d0c722a1162384f,vlsida_openram
3808,bdcebad08617f2a00a6f6df7086113a769d5f84b,vlsida_openram
3809,bdd334bce9bdbe4cb1594cba1ab81a89743716cf,vlsida_openram
3810,bdda7c4f5f7bfa7e5df0646493f5d01b671776be,vlsida_openram
3811,bddb251a845e9b810f40f1b8687fbd797e68dbe4,vlsida_openram
3812,bde4a389aa73ae168ecd9df9003e2b951a530901,vlsida_openram
3813,bdf29c3a26a217b8d262b8a3cac412e053b6f778,vlsida_openram
3814,be1c59f10cab4526836261247edfdb649fa2cc61,vlsida_openram
3815,be20408fb26922ccab1ee0c4038c3f6ff2b104b6,vlsida_openram
3816,be4893839bd8bd3ca987595253c85b652c7a2ed0,vlsida_openram
3817,be4b7697cb17b11cb4c831276f66a9ba67940a49,vlsida_openram
3818,be7384c01708265b6c7d6db652c06ef3276ab203,vlsida_openram
3819,be741a6828c019aee12c410102f34402b63f7137,vlsida_openram
3820,be796967e2e047c9db1781db538675d6ff3caed3,vlsida_openram
3821,be7978909735d97762c180c2c51829c956928f0a,vlsida_openram
3822,be7c21ab6481ed47e161ddd7d14b534cf92b1bce,vlsida_openram
3823,be92282150b9886cb6db5ebbf67939565df69580,vlsida_openram
3824,be9f81768db1104d8c0c80280db806cf7b21b0f1,vlsida_openram
3825,be9fadf1bb2dc6df526c20559d8426fcd6a97243,vlsida_openram
3826,bea07c2319746aa79fd01fac5bb5bde2f868a3c7,vlsida_openram
3827,bea6b0b5dcce93e519d207194f96a05ebc679a9f,vlsida_openram
3828,beb7dad9bc04187ed69856d53993a3a2e24cae2d,vlsida_openram
3829,bec12f5b94d8dbbe4300c3994c54aa6c5436258d,vlsida_openram
3830,bec948dcc3d08caab36e9937f73ebb55d511c0e5,vlsida_openram
3831,beceb3fb6011671c98bd81f4a57aadb38d5232d2,vlsida_openram
3832,bed12d2a9e60f2768c215cdaab4e84adebb1fd79,vlsida_openram
3833,bed2e36550d15f34a6ec9a8815a50e79c21d0f14,vlsida_openram
3834,bedae873158d254bb4739aef9a583bb85686eea7,vlsida_openram
3835,bedd1b3d154ee7679fd530a2ed22b568e4bbb1d4,vlsida_openram
3836,bee9b07516349d2e5bb608abc168c27b92a6f0a4,vlsida_openram
3837,beee8229d1869b7680eae6308a9399901b5ca33a,vlsida_openram
3838,beef9441b72dc8ac045f806bbeb4c2711310be61,vlsida_openram
3839,bf27eb8cd6b4adbb30d2c258f1da562e8e6a2c42,vlsida_openram
3840,bf3112667974466f4a3a3eabdd6270c612b0dac6,vlsida_openram
3841,bf34911f3ff3bfcf5e9292c211fd905a143f50cc,vlsida_openram
3842,bf3b501dbe5c85b7018a58032f4df5427cdf48d8,vlsida_openram
3843,bf49ea744ebfd91961f47c5fc4979d011c235da2,vlsida_openram
3844,bf516a927db6a4f30d1fea56a83b22265568e713,vlsida_openram
3845,bf695f932a13f8783250e317e6107c118bd013c4,vlsida_openram
3846,bf7d846e5f995dd74e02590f105affb4ee51b4e6,vlsida_openram
3847,bf869699721d6c667fe7b39648d431bfab33a881,vlsida_openram
3848,bfabe64f33f9fe230931b7d71edafcf3eed7781f,vlsida_openram
3849,bfb33ecbb49e49068b4cb1af18f0f02c2b45a755,vlsida_openram
3850,bfc20a9aa9958308adc431bc399046639a440164,vlsida_openram
3851,bfc8428df7db5676694f2b562fdd30bd5dc578c5,vlsida_openram
3852,bfc855b8b166fd284499d1de400af9fb02096957,vlsida_openram
3853,bfca51f7348e9834e4b5a488349c3d3ea56dbef9,vlsida_openram
3854,bfcd69ca6349200fa1e90638df557d69d09bb0b7,vlsida_openram
3855,bfd1abc79f738177c393b0137d5455bcc9d5cf2b,vlsida_openram
3856,bfdf65bcf7a09881c182abeb55f377a24fcf2ade,vlsida_openram
3857,bfe4213fce95f1bf710a4e76d935fbc0c8ff5e09,vlsida_openram
3858,c00596007238cecf9963fb7648e54cf427ece387,vlsida_openram
3859,c01a7915d7187886a217d147f432634289742850,vlsida_openram
3860,c01effc819c70ecaa469416a20ec5aee93024dd0,vlsida_openram
3861,c01f0f527451e7fc7f9f3d7e1dbf48ccbbbc73d6,vlsida_openram
3862,c020d74f267c7086d1848e12e10d56818e848aa7,vlsida_openram
3863,c025ce63563ee64b617fa054f28392ff7388fbc7,vlsida_openram
3864,c0295a2c3dddd2add15c5c6616d52ec134c0995b,vlsida_openram
3865,c04f54924c125fc11560390cf8b50f7df94802f0,vlsida_openram
3866,c0574909236cd85cb6f8a7185d26a83fa2fce450,vlsida_openram
3867,c061b985badecb644b9de9636b66da5e0e9f6b78,vlsida_openram
3868,c06b02e6fcf9a89257885c498b8e8fb981864608,vlsida_openram
3869,c06cb2bfc2be827196311c533ab0c362e1c8d150,vlsida_openram
3870,c07268d297a3cabcc8895438d369814d606193ec,vlsida_openram
3871,c07e20cbe4d6f2cca60b7fc836fd493e0ce433fc,vlsida_openram
3872,c07f6d195f96e31fec575543d09f0380fb5449ac,vlsida_openram
3873,c09005dab9ec1b4ed004e0b84be50fe61ce530ba,vlsida_openram
3874,c09a98173473a84073a0383e93949997813254be,vlsida_openram
3875,c0ab0af201571b711eeb5fc75fbc4d908f35b36d,vlsida_openram
3876,c0c15537d93082c49475f2cea1df5db6e83656ea,vlsida_openram
3877,c0c89e465a191d676c8a8f2f16a4ea2939046616,vlsida_openram
3878,c0d5f781cfd9304c632d6a27b072165c967c7be9,vlsida_openram
3879,c0d9941985007c9388c97bbaa4f9b7b9e928f3ea,vlsida_openram
3880,c0df3ff1da34ae8271c088f6622cd1f730bb61ac,vlsida_openram
3881,c0f9cdbc12aa0b7f4212c4001d1bd4ac6435d291,vlsida_openram
3882,c0ffa9cc7b01ee5b6f08b6b8f0dbb68c9b555d46,vlsida_openram
3883,c102ed728c7f1d539e9bed0f1e3b82ed1ddcbba2,vlsida_openram
3884,c10a6a29c00fcf4ab47c2f3f757982b60eadbf7a,vlsida_openram
3885,c10c9e400940c7fe72f5665eb0e687c453b4870e,vlsida_openram
3886,c117238fa75d05fef3b9f03ccaf60ecb329e3bd4,vlsida_openram
3887,c119e60e797a2fecbcd32d2690a9343626269ec1,vlsida_openram
3888,c12720a93fe2ba11443f771797f8bfcb0f048d46,vlsida_openram
3889,c12c0067996e0177cd6132c17a9e5500b0c7651d,vlsida_openram
3890,c12dd987dcd8dbfbb4894ec4fc7ac5fd64e703ad,vlsida_openram
3891,c1411f422776bd5ea3de2b2cbb73898fa665a858,vlsida_openram
3892,c14190c5aa20b9bf6f4a743a385949e41d149396,vlsida_openram
3893,c143be12d36ce2efd7fc5ddf1fda6dd13da59592,vlsida_openram
3894,c143f62b25f0ebf5b5512e54b9f78a2b06053800,vlsida_openram
3895,c15b4167b6e0099537a10208d0106bff6cebc7d6,vlsida_openram
3896,c166a50f2194e8563863976120c2852a3fd50f5b,vlsida_openram
3897,c1770036aca72ef91515df4736127567fce80eaf,vlsida_openram
3898,c178b141f840f4985e3af98b8c7e66473b9d58c3,vlsida_openram
3899,c1906ade3f92f2c3a562b7c096cbc841bc53ff99,vlsida_openram
3900,c19bada8df748d631b13b655b2d1afd2ef983d8a,vlsida_openram
3901,c19d7523c1364d42736aa359db7bc7bd9f4cd015,vlsida_openram
3902,c1c1535210f5acf143672d9b6bb62873cc7216fa,vlsida_openram
3903,c1c1ba38a3a85b78a4278d771b4d4e13a6460747,vlsida_openram
3904,c1c631abe1a96d55531ae3520a4969cb46e2bccf,vlsida_openram
3905,c1cb6bf51278ec1525e5ee675b08eb9096ed97c8,vlsida_openram
3906,c1e891b2fb2fd244389d2dc4209055be37252960,vlsida_openram
3907,c1e8a42faa9c73a004428c9329c73480955eafc4,vlsida_openram
3908,c1efa2de59c6f5dd0c7be438c4761058dcea0935,vlsida_openram
3909,c1fb3cab6c79d2e056de80a61a63b81cf2f732a0,vlsida_openram
3910,c1fedda575517f5fbc35ec36c0665811e2680a8f,vlsida_openram
3911,c2015335b0cd88f6ac4d23361c4bc887242fe85a,vlsida_openram
3912,c20fb2a70e24f13e6d17d23905cc4d76fcaa149e,vlsida_openram
3913,c21e84cf18f2bdb6cf6475f28552de288da2ce22,vlsida_openram
3914,c22025839c5b10b022030574a006e667c54931cd,vlsida_openram
3915,c223c1ad1c6ec6bc8a54ad5916a73309dd0b5ed6,vlsida_openram
3916,c23f61a8253fd0a8416c09398c43bc942d9a6f3e,vlsida_openram
3917,c2419af2e2a61e4caa821ca04abcb90007a0ca0e,vlsida_openram
3918,c24879162aec2c7f1d0096f1ec9e882927267b1d,vlsida_openram
3919,c24c37a15affe22346a5465bbd8862da93c305f1,vlsida_openram
3920,c256a5eb440857d6566c00ff0043264a3dd3f893,vlsida_openram
3921,c2589fbb398b07f0ef8c73a87f9bbaad58e32c39,vlsida_openram
3922,c260297366f5724e9cdab51e493b175beb8d8358,vlsida_openram
3923,c2629edc1b0cfe3cf5570dc50667b0b711ac609f,vlsida_openram
3924,c263cfaf8da1393235d44928899839af73cef22f,vlsida_openram
3925,c2655fcaa9a3429cda129df6da9d798ce68e0b44,vlsida_openram
3926,c286879a289933508b4a614da53680e5f9216d59,vlsida_openram
3927,c289637dabca66c3ad8660a9a976bc19920e512c,vlsida_openram
3928,c2a9e91dbad822d62c45ba0c24ef704ee14b004d,vlsida_openram
3929,c2c17a33d25e507cebf8870209409ab96111d270,vlsida_openram
3930,c2cc9013007f60d63e3be32af796a96ce365ab18,vlsida_openram
3931,c2e258709bfdddce20d11d93053f2022dce3d5f2,vlsida_openram
3932,c308dd34a4be43dd19e8967240630bf1bf38baaa,vlsida_openram
3933,c3156be7b1bdecbb37310634034847ffdfcb6025,vlsida_openram
3934,c318a7d1bbe6298965bf6a97262eba69f6999bb4,vlsida_openram
3935,c31d71bf238c58f37a28a484468d34a9753bc81c,vlsida_openram
3936,c321d8559508eb1638a50691fb2e32f7983c170d,vlsida_openram
3937,c33e2832835812e0466da4b8022392eb32b07d87,vlsida_openram
3938,c340870ba0ff6c6e86da99ac1e667c27a69ae481,vlsida_openram
3939,c3472b5bc5ff9aa3e31324a961c7ee9fe32e92f1,vlsida_openram
3940,c3592b3d46827ea07e738bf2f43f569a03247074,vlsida_openram
3941,c359bbf42ab42907134853214da020a3a7ff7433,vlsida_openram
3942,c3670fc91dc0a76a572937085881b30443600f9f,vlsida_openram
3943,c36f4713330c15e6e4e1c47366cd8e175a3043ee,vlsida_openram
3944,c3769bd37531c03e4e4854e7ebbfa8d679a7d6a3,vlsida_openram
3945,c390aaaf539bb305a8b2dbb3e12bc6b39dba6f6b,vlsida_openram
3946,c39b09c7360adaf33a8ffc040d7cd0f33422e58f,vlsida_openram
3947,c39c0efd398e0877088ee80c04c24dbda62bf85f,vlsida_openram
3948,c3bd54696f3851ebe7c002b79b632559fc24ee10,vlsida_openram
3949,c3cd76048b5f10e679cf40705767c1a73d19ba3f,vlsida_openram
3950,c3d6be27bef0869060b548eb96cfdeb15bec2a89,vlsida_openram
3951,c3d7e24df9cb528db04ed759981eb45817b94e36,vlsida_openram
3952,c3e074c0696f047cc26507617ea03185e1377f68,vlsida_openram
3953,c3f38a5cac387ea2767c6840d78f519cf371af83,vlsida_openram
3954,c406e2a9dac05752a6ee4ec7692adb8e7ac612d0,vlsida_openram
3955,c4138c9f9bf2ccbd4f7f3447fc21cd97d47a8d70,vlsida_openram
3956,c415b2adab22355fe4922a73417f803da756251a,vlsida_openram
3957,c4163d3401987b671a43b129351668a95fa7a107,vlsida_openram
3958,c43a140b5e5acfa701f8a47e207c673219276bb3,vlsida_openram
3959,c4438584fe2984393d39e36d62a6511b98742b7b,vlsida_openram
3960,c447ec49eb5b31c03fcb2c7e37addd196dd3fb7e,vlsida_openram
3961,c45f990413f84e6016826ba29999d31e6e378b5b,vlsida_openram
3962,c471823626c87c6c416ce406c3904c628dbce7f5,vlsida_openram
3963,c472a94f1e3b20f60a383772b47fc35b79f39826,vlsida_openram
3964,c479915c0232ae93d21139a092e59a7a3ce212db,vlsida_openram
3965,c47ec374731047eb55750059e54fa848379d8d16,vlsida_openram
3966,c4952ca8be89fb47253560dab4475be88d5348f5,vlsida_openram
3967,c4a14b93540def60b34f90110067d5361d9cbd96,vlsida_openram
3968,c4aec6af8c933d1bf3919179c066bd4a6f509b51,vlsida_openram
3969,c4c844a8a272bb1aeb54604f516add5b158f8d1b,vlsida_openram
3970,c4ce646b814eeace9d1193f0bfa8cd35a1b42b70,vlsida_openram
3971,c4cf8134fe2e2cae14cc3db0111e2c959a07b2de,vlsida_openram
3972,c4d2cb78ef1d49825c7675a5700616318e629fb2,vlsida_openram
3973,c50c190b6802d8f55bb35a374ae251f9bbac4a34,vlsida_openram
3974,c50ffe70b31980c7379a7f1a0f1945adb226d75a,vlsida_openram
3975,c511d886bf0b224fba209f1879b740226092d3e9,vlsida_openram
3976,c5131cbd12e75f50fc9b56efd365a15c63f43757,vlsida_openram
3977,c51752d245552913c4298e60f0c08c6e37b3e954,vlsida_openram
3978,c545299cd63c4f910dbb04ba86d30be0f7086aad,vlsida_openram
3979,c5568e86fe5c0c303ecb905b194d1ad66e68f4d2,vlsida_openram
3980,c58741c44f8b7d5bef63115a5fc88b4422244073,vlsida_openram
3981,c598a29f9792761b2d60bc30438c4ca362aeb06d,vlsida_openram
3982,c599d8f62c1f2e72c8a1509cfe624662b7d9a741,vlsida_openram
3983,c5a1be703c45dc1cda282915237d45820d3bf5bb,vlsida_openram
3984,c5b408ae2d37925f8f8c44fe899d1c1a8bfe6be0,vlsida_openram
3985,c5f28a5251ea1e2a73369cfb7dc71013a3bce410,vlsida_openram
3986,c5f372c2648ba420ae15fa46c9b30ecb3e30b4e5,vlsida_openram
3987,c5ffad3c34d271892a4fae6bccd25cb94dadfedd,vlsida_openram
3988,c613693399f49cf63d3ec6a254b37f1692b66a76,vlsida_openram
3989,c63eb3be3bc1647befd3238bb45089713a6e2503,vlsida_openram
3990,c6440dc16d75a86cabd84c8a35a52a8be9078976,vlsida_openram
3991,c6485277f312d5f09c3ac472553756f0bac7c56b,vlsida_openram
3992,c6503dd77199ad8114b4bf5a5c925ff6342dcd54,vlsida_openram
3993,c65178f86c14cbbef87293019a7030fa232ffa94,vlsida_openram
3994,c677efa217becd9d780b7e7c3c0da4ffa659cf31,vlsida_openram
3995,c67fdd8bd82e22b0a48776778609da974a25e6c7,vlsida_openram
3996,c69e5fdb18111f1031eb182e595e6b9d471337ce,vlsida_openram
3997,c69eb47a7a49c726fdcc8011848ce2d43aec8ea4,vlsida_openram
3998,c6b875146d40b6779f907bffb78141aafed5a261,vlsida_openram
3999,c6baef1c59b3ec73453b45e807deee156a411594,vlsida_openram
4000,c6f03e70d4a7009be807fe6164b95f27794c740e,vlsida_openram
4001,c6f2edc20d03f292ff19b1f709761f84d6a6eba6,vlsida_openram
4002,c71ea51e2eac42255ccf64c3aaef87225c465289,vlsida_openram
4003,c722e96da298c869fa87a4a02d6e83381d918c27,vlsida_openram
4004,c73004de3598826b957173b3d3d7104fdcb7b9b2,vlsida_openram
4005,c75968401c54d8c75a1fb6b5d43fe0c2af113d0a,vlsida_openram
4006,c75c3618f0a12cf24541afeb15529c85041c2505,vlsida_openram
4007,c75eafe08521f3182349cfb6d34c1a8e156ac681,vlsida_openram
4008,c78d3a9cca9343d099dd3082cc1ed73b9de6558a,vlsida_openram
4009,c7975e32747e3bb67d5bf272615aeb4e5d84dbf2,vlsida_openram
4010,c79b97eb511204aabe50c4cd1dc25b0d13de553a,vlsida_openram
4011,c7bc01c3a973c75e942f3a8f20034a50fe7395ea,vlsida_openram
4012,c7c319c11f77a0d5e3a929f3b5ae206d02df3b76,vlsida_openram
4013,c7c653286bd0f89722350f7240fb50a63e6bf08e,vlsida_openram
4014,c7d32089f3e7dfd142b1d31267f4e86a23f80859,vlsida_openram
4015,c7d86b21ae12eea5038618dca5e4e67b2385230a,vlsida_openram
4016,c7f14b1bf94e99a671e617db786ecf73c9dd8592,vlsida_openram
4017,c7f99aef2c1dc211bac1ae854b8c4d7ea6b78a3f,vlsida_openram
4018,c7ff58cef3c64d10f5686701e4a511f4590675d1,vlsida_openram
4019,c802d53a6055055ef567e0a6e14cfb12bbb454cd,vlsida_openram
4020,c80a55c13d4116c81f95073fec4977b24fad922f,vlsida_openram
4021,c8139cf1452c13f98e200e24a45f1c79d91c9c27,vlsida_openram
4022,c869c7e8706a7990b57de5325667c5dce03c5499,vlsida_openram
4023,c876bbfe732310e28354eca7442420f65229f6ca,vlsida_openram
4024,c880430d866e33807be757ec12e97c3024506a18,vlsida_openram
4025,c8808c268afd8d41c4a3fe663b1c273b76a15bb6,vlsida_openram
4026,c88e282eefd3049cc8d13ef924ab4e7b0944878c,vlsida_openram
4027,c8905c410a83183499222ca9346d2f062f66477c,vlsida_openram
4028,c891a033f2c816be345650c953bd32c7be95f667,vlsida_openram
4029,c89e156bfe32296e519bf9c59ba992a695a8d909,vlsida_openram
4030,c8a06a131746c4f1968c7308f4304f1693118695,vlsida_openram
4031,c8b5b81bd87cdfca1bf44d5789a6a2d17ca6a689,vlsida_openram
4032,c8bbee884b6186a382f1559717080da296109308,vlsida_openram
4033,c8c43f75d9b93e6311e92ca13e3accb2ae4d1365,vlsida_openram
4034,c8c4d05bba45229f1f152935f987882fc71efafe,vlsida_openram
4035,c8c70401ae0dfafe753aeae341ae7731beb9fdb9,vlsida_openram
4036,c8c74e8b695a665a6d258ec1504a04f8e27c9f5d,vlsida_openram
4037,c8e631108ad24e0bf6f655a64fad01aeedf0d087,vlsida_openram
4038,c8f05e241d7b077c7476fbd497c3836f5ee7b6a9,vlsida_openram
4039,c91735b23b2bf60d2f3067530cff856491e149b3,vlsida_openram
4040,c96a6d0b9d9d7d5d5461b11592fac0ad2a2feaee,vlsida_openram
4041,c97bad72db9522f1fc624ea1249a63ea9fef4ca5,vlsida_openram
4042,c9806feb01ce72d233dfcffae1e8fc11d5750679,vlsida_openram
4043,c9ab8c8aca6e40e4cdf500754fcd2a5ed673b6b2,vlsida_openram
4044,c9b3f4772e066d092d115e741e4f1164a9de9802,vlsida_openram
4045,c9bf3c126194fce9f073a91e34454588041adb41,vlsida_openram
4046,c9c839ca461c14348e1350ec2d1b3bffe18b2337,vlsida_openram
4047,c9cb387912b62b13ec3eed726ae98de20a445233,vlsida_openram
4048,c9f2b0e45544d2c7fe1d9a7039a256683a2d76a7,vlsida_openram
4049,ca03da8d95944d82189fb4670e569ff3f06483fa,vlsida_openram
4050,ca1294a4d7d5d160e60d43daaaa8702054bf0bfd,vlsida_openram
4051,ca2ce8b070548270083275d85920137fc8fb5e69,vlsida_openram
4052,ca5ca0c7a8c9bc49200d9b943b43b41850bf2e5a,vlsida_openram
4053,ca750b698a376ed2bc2a5df9be61b6bd47e98479,vlsida_openram
4054,caa9b2a2d87d2c8f088c9e8807d5fe0aab70a4c5,vlsida_openram
4055,caac39c88b0eca42995082a176c5a2a481fa155c,vlsida_openram
4056,caba726cfe1e2e0928191b11b272be0cf1ef3b65,vlsida_openram
4057,cae41c63f0f3d36602b01052ed7fd39fb24c5e89,vlsida_openram
4058,cb0cccce3b6812a9d683ee0b7ee0edbf42783ac5,vlsida_openram
4059,cb0f2715a0bf41af60bfbee3e6574ec51024a42c,vlsida_openram
4060,cb180434913d7ff5d7d86a9100c2659d9d50f019,vlsida_openram
4061,cb35c0aff41d159272573613ebbdcd67afafcb0d,vlsida_openram
4062,cb3d7b9d5d85ce934af4084df11e8b209394ce41,vlsida_openram
4063,cb3e9517bba77cb8dc92e4e73ca14b7d78f475ec,vlsida_openram
4064,cb449a1cd20dc3fcdbd10acffc1022652ffd6310,vlsida_openram
4065,cb46fb01387412b3289f7644e3952fd92c60f74c,vlsida_openram
4066,cb8567c66f8daa6dc6356d503dc8ffa5bab3f9a7,vlsida_openram
4067,cbb67ad483fd6873d562e1d6f6a90711cf03c8a1,vlsida_openram
4068,cbbcb97a10da8946135517ccafa34fb998a077a2,vlsida_openram
4069,cbc0f7c5d2bfdcc7fb16337add1b0a47fc5ae43c,vlsida_openram
4070,cbf9c4850409a2fab1dbc66ece1078bf2cd8b0ed,vlsida_openram
4071,cc0be510c75cd534e1312caf785f7297af43effc,vlsida_openram
4072,cc27736a45cfd1e82f9c6dd37b0a70fd20df6f90,vlsida_openram
4073,cc39505ca97f9eda5b02b61d534810751f22b9d6,vlsida_openram
4074,cc408447b1a433cd2d427a439605a1311989db29,vlsida_openram
4075,cc4262ec4fc29b8cee8dd8285a84bf13a05773e1,vlsida_openram
4076,cc4c6e909b3f406114ada5098aad793b1673da9b,vlsida_openram
4077,cc5b347f42c1ddbf0ca8910dcd4f7c8081d76958,vlsida_openram
4078,cc619084c7ffa7b2a1774b966ca7e6e346351ba6,vlsida_openram
4079,cc815f4c334ee6ed0071e2ee9d61e0e5c0a630b8,vlsida_openram
4080,cc8161afc15b72ae224d0f403e1a2831a0a5a974,vlsida_openram
4081,cc91cdf008eedbf8f9a8c3849272a141ad95e1c0,vlsida_openram
4082,cc987daeb99784c95ca8284736516f2e77020877,vlsida_openram
4083,cc99025279ef021ddc7f8362e32aab0f2e4ee4d6,vlsida_openram
4084,ccab2f8064826652dd000c0d50cc0185bd3d658b,vlsida_openram
4085,ccc6a67021fd36a61cdff7218bdd4f6760415050,vlsida_openram
4086,ccc8ed2b483e81667d077a9c0ca77a5d8ab7a056,vlsida_openram
4087,cccd815817e138d99c1fc07a8a9567cae0045b1a,vlsida_openram
4088,cccde193d06c6098a3bf50e8fa7505efb1eec02d,vlsida_openram
4089,cce1305da37eba227fd124150efbe94b219050f4,vlsida_openram
4090,ccf98ad5a6807cee48c3229b6240ed8fa1470646,vlsida_openram
4091,ccfda16ab2bbf738ebcd432ce2dfd11b5d51f18e,vlsida_openram
4092,cd0e763895e7b7be7ead4f8f36ae5e6c90a209da,vlsida_openram
4093,cd2314f0082d116b2658bd02f0f76d22537d7251,vlsida_openram
4094,cd23b31ab4c7035c33a8f1b93fa544e1b9b40986,vlsida_openram
4095,cd339ebbd0d3b5f7be99ebc842524ca3e16cdaa5,vlsida_openram
4096,cd502895c4f8d65cec4c23965c37f1f249df5818,vlsida_openram
4097,cd66ddb37c9af43e56a679aadb3ff0b1805d92d1,vlsida_openram
4098,cd84cf1973d8876264f9fecb439ed77aed066d4c,vlsida_openram
4099,cd87df8f7682a1fd7396e1f81487a269c52532b9,vlsida_openram
4100,cd8dc8e20b5431ad58bdb4cf762c8cadd17bd730,vlsida_openram
4101,cd987479b875298a31d907a66a5bc6372f446c1d,vlsida_openram
4102,cda2e93cd7ca887229a9c6e89e688418bf2901d1,vlsida_openram
4103,cda38225267f7f988140e722b3f99aac9a086a06,vlsida_openram
4104,cdb101b377456878871a5f5cbfc72351f0798f52,vlsida_openram
4105,cdcd115cec5d5b6d41c7948a47e3daff287a4652,vlsida_openram
4106,cddb16dabce5c1d945c9bb80a21ea871ca564a5f,vlsida_openram
4107,cddfaa0dc8d0e2820a3e806ea30ffde9af9febb3,vlsida_openram
4108,cdef5f0ecb58fe53ff065d63a6031a7bfa92489a,vlsida_openram
4109,cdf01c6c239708ed5a5fefd7c3213bbfdb76c364,vlsida_openram
4110,cdf0315a90b3d0d0473ac07407731301dd02124e,vlsida_openram
4111,ce164fb7a8ef32363008a7c502bcf0bae55c6e1d,vlsida_openram
4112,ce1861f34260e2cccab212830c2e2f58bd80cb8e,vlsida_openram
4113,ce20e21bee263967bc82ab31d95e15a4bbc07bf6,vlsida_openram
4114,ce24500f161538d7b2fb7e510d7091a566fb5756,vlsida_openram
4115,ce2b11ebd935b808737e2068519772363e305634,vlsida_openram
4116,ce2b125762c7acf8f4cc1ac638605f7a9a0771b4,vlsida_openram
4117,ce40f2ae2806bd2ca9f282779d1d27b049a224f5,vlsida_openram
4118,ce5001e0afba51d0272ec60b8091ee01c0185f13,vlsida_openram
4119,ce5595adf1274417da7cf4fb885e82be23aa544b,vlsida_openram
4120,ce622952ef219e0e919a4e5a7db080c0e23ee959,vlsida_openram
4121,ce74827f24d629714fa0459dbac90285861d4001,vlsida_openram
4122,ce7be7466f5946a19bd0319b929689dce81391e8,vlsida_openram
4123,ce7e3205053e43a4da3a1bb4707ec31f011262e6,vlsida_openram
4124,ce8197d206a0741ac1c620e2c21c99b0cd4fd148,vlsida_openram
4125,ce83b67350e61b8a111169811f7c42366e8cce61,vlsida_openram
4126,ce8c2d983d4a92fc13d9e7238a92f3a68d2fd4d6,vlsida_openram
4127,ce9036af76807d5376dc0187ffe9eb22b5302c5f,vlsida_openram
4128,ce94366a1d93b82a0af307dda5d01b20ff9560d4,vlsida_openram
4129,ceab1a5daf1ff867f93aac718188204d8255d289,vlsida_openram
4130,cf03454ecfb5433e86d94499f001220648f32b63,vlsida_openram
4131,cf23eacd0e0c2b0edf5c9701542065fc711db980,vlsida_openram
4132,cf4b2168888781633028f9043ceabde050e3ce6d,vlsida_openram
4133,cf4c13803251fd4d5cb952d5c7a4708deba08b60,vlsida_openram
4134,cf4e8ce8803eae2e4c4e37cc6f0f27c8780b693d,vlsida_openram
4135,cf5f1e94b9d0a4f3e909178a4c5f7643e9576015,vlsida_openram
4136,cf610969364838b5bccd2ec31517ee50da166204,vlsida_openram
4137,cf63499e769d3b3f9174f2d47a73aeb40e21d55c,vlsida_openram
4138,cf66c83fe4c09e05aa8264cf6d8dac740399a357,vlsida_openram
4139,cf8c486cea4513faf181ecf28626b544b4393d30,vlsida_openram
4140,cf940fb15d4ee304f69d508861b0e710ab41dc2c,vlsida_openram
4141,cfa234a4d0307643f1da33bae846189d3fee3862,vlsida_openram
4142,cfb5921d987bb1195c5d0a69c182450778e5af15,vlsida_openram
4143,cfc04064af6783fa74ff7d81632dbae6928e923e,vlsida_openram
4144,cfc14f327e657ff826df368ca1359e1dd39e3152,vlsida_openram
4145,cfc7e4972700628447ab30fc94e19e1ec66acca0,vlsida_openram
4146,cfd52a6065dbdd18d9780ce9228251570af6ec7d,vlsida_openram
4147,cfe15d48a4fe33c3460335eef72edff1882a91f9,vlsida_openram
4148,cffcd46f6dd40d4bea6c0610da43d28f433eb4d0,vlsida_openram
4149,d00ba73bc9b6eaff80b9e909eb90420d12128f60,vlsida_openram
4150,d01896386689b5953f4cceea8892b68fd1f4b54c,vlsida_openram
4151,d027632bdc7a9164acb6f98688a1fedc2d528e95,vlsida_openram
4152,d02ea06ff2d0ff1588d3304b7f19ce9f7e515c3b,vlsida_openram
4153,d0339a90e63939c75e74a07ded6035b6bc6b023a,vlsida_openram
4154,d03c9d5294364679b6240b85beb2d96629c559b8,vlsida_openram
4155,d041a498f3c559b1d4c743a62e2321f8e7f4d5ec,vlsida_openram
4156,d043c7227736109792ef3a4b378fe758dd196849,vlsida_openram
4157,d0782df9fefb5b7dcb99d5df779e21fb548454c0,vlsida_openram
4158,d08181455c436aef8996a86da24fcaea5996fbe6,vlsida_openram
4159,d0c9382d9730bc68ece434be91967b00591d4a22,vlsida_openram
4160,d0dcd9f34b56b7c659d2034de24c720915f475cd,vlsida_openram
4161,d0e6dc9ce709610b77ebb4f27d0de3b758a99e17,vlsida_openram
4162,d0e9de1f136a16ac67017f16c3a9a826cf0087cf,vlsida_openram
4163,d0edda93adeed7e8fd5c23a09b0cee86ddfe5745,vlsida_openram
4164,d0f04405a6d164d88890cb74e57300f6b344c723,vlsida_openram
4165,d0f34b46a0c8349aaab6faf833f7f89ad59ee5d9,vlsida_openram
4166,d111041385084609e6618282caccf6f0f4863a98,vlsida_openram
4167,d119a0e7ff52aa8c7675c8f79a73e70ebfe8e7f3,vlsida_openram
4168,d1218778b12be150714094a2e90a7929ee6d8708,vlsida_openram
4169,d12a5a1c78c318b2e5eb446ad60dc1d97c0aa8cc,vlsida_openram
4170,d1319d633d96f68d006e719afa72542cb336bb5f,vlsida_openram
4171,d142136735640bc796fcd70c2ffedae8e777f478,vlsida_openram
4172,d14a68847e31ff58900c7e57051a29cd04e97ad3,vlsida_openram
4173,d150b165deb9dac8fe370a14180a3e94c6f19c63,vlsida_openram
4174,d161cc55a5e482926a2ff421ef9765c0bfc8453b,vlsida_openram
4175,d1701b8a2a53827824d3dc4fcc91ae8b92e9a5d4,vlsida_openram
4176,d17711c394802afb91df6998f7ebf6a77bdaf029,vlsida_openram
4177,d1788018825ab125799b81d7be3303680c9bdf23,vlsida_openram
4178,d1862eda9098f9a967e777d45b0e06de5b1e2346,vlsida_openram
4179,d18a4f8c7c3649d191de2c14723373250c5deecd,vlsida_openram
4180,d195df682d1788e8f3b9a9e9d9f693c6e5d8c76d,vlsida_openram
4181,d19867e64ca19ffa20fbb2321fa20c4660ee5e4f,vlsida_openram
4182,d19e4edb988025ceb458acbe8856d9d27a7533fd,vlsida_openram
4183,d1b240dfb5859bf5710e60b4d37d100201672f3f,vlsida_openram
4184,d1f6f205c073a979b420a859f2f14bb6565439e8,vlsida_openram
4185,d209e8d9a3c23770296e715626218bdc07a8ec99,vlsida_openram
4186,d20ea65923e0cdb2c4d35cb5519bfaad3d7c5f43,vlsida_openram
4187,d2120d6910fd9905b127522cc11e89c5d77cf271,vlsida_openram
4188,d22164bd4837da354d6aa11e2796b3b8d2fbb329,vlsida_openram
4189,d224c06b251f17a24e6d38f633c158c5b57bb107,vlsida_openram
4190,d22d7de1950eb93ccac1c701559ff63076a6a3a3,vlsida_openram
4191,d236f78718eb02a0e558b44e13039df66fc67b9d,vlsida_openram
4192,d23aa9a1bdeedd99f87590fbb25fb18bab0b8877,vlsida_openram
4193,d2461e5011a3dce9ce376746dc03f3125dabe10b,vlsida_openram
4194,d259efbcda48824c0f4e40b2fbb192be114ee400,vlsida_openram
4195,d273c0eef5387c1a57cf9a71536ae3d659f2afe4,vlsida_openram
4196,d27d77bcf8d1ea8b3ffe49b1e2ac1455635b4657,vlsida_openram
4197,d2864370aac4ac838dda3c97f1aadb9ca91f2b48,vlsida_openram
4198,d29dd0337305c1fd9c8bb54900219d40ecb22ebe,vlsida_openram
4199,d2a1f6b6542e12a04da182239e9b24214bd0bde6,vlsida_openram
4200,d2af68408c135ac2188a0b1b24dcb5397a07eee0,vlsida_openram
4201,d2b5be01303b72dc22da0082398370cb20c20e70,vlsida_openram
4202,d2bc2fd1a0bb3d30a6ef1a40de7574dc9ef75985,vlsida_openram
4203,d2bc7340ede56790af166ec3b3002f83f8f43d60,vlsida_openram
4204,d2c97d75a78c3082577203be47e3a6a78fdd06aa,vlsida_openram
4205,d2ca2efdbe34c6e24408ee014c6c6dbbebc3c00c,vlsida_openram
4206,d2cbc4652726474d14e0229b556ecfa40af0fde0,vlsida_openram
4207,d2ed35526a5b2b2f51fa57300dba57e1737fd444,vlsida_openram
4208,d302f1cd0a84178348f99ff614a01a4b37d80b08,vlsida_openram
4209,d308bf429f9e097809268b285ce6b52d35331a51,vlsida_openram
4210,d30f05a1ae6dd70eb3e5a13afc13d685c85c60ca,vlsida_openram
4211,d315ff18e55e08dc7743a0b7f8d3bd37eed5b0f4,vlsida_openram
4212,d3199ea70eac81127cd9d737bc4e015f36ae5d25,vlsida_openram
4213,d31b1862a31f0f6e64013139a6b79e04afe58672,vlsida_openram
4214,d32fd96d1dc0f2dcc3aeaad0d003fc105debdbbd,vlsida_openram
4215,d33dec4e9ea6653f40fdbb12b776ad863cae4b7b,vlsida_openram
4216,d3441c7ba4373193bf4608b5b6805fcf8941bea9,vlsida_openram
4217,d34583093e8249df7a4e9724222a3b7806b26181,vlsida_openram
4218,d354a847e611135b3b1914f5b7e5fbdd29714199,vlsida_openram
4219,d356d9cedd38be2e86543a5ebaa922c9e1a42a55,vlsida_openram
4220,d35f180609083be83e53aebd66720bd03d59c419,vlsida_openram
4221,d366ecd90990a347b846fa9fffc7f0bafc30adc6,vlsida_openram
4222,d36f14b40877b7435dc409d65f6733cb83ba7bde,vlsida_openram
4223,d36f74a5146f2a6a4e8689dbbce555803ad171dc,vlsida_openram
4224,d3753556c168936170e370f6cbfc26c5c00e22da,vlsida_openram
4225,d3803d8c8191a5cdee581169d89be183f8fa25f7,vlsida_openram
4226,d38d5a6d58603047f00580aa6cf29a47ae89feb1,vlsida_openram
4227,d3a2c46cb93200065c3b59ebf3132e78a2c19627,vlsida_openram
4228,d3c47ac97693481f28d6ab02687a9b36dc54a6c0,vlsida_openram
4229,d3cb22c8c19cb94228be486521f073029661f50d,vlsida_openram
4230,d3da632dc1c84505fbdbe820e466693b8ddc15e8,vlsida_openram
4231,d3ef1d7b85226ae854c4cceefe3d2131ab00e1ab,vlsida_openram
4232,d3f4810d1b87a0040f54c799676ceab0cddce100,vlsida_openram
4233,d4033621838160e14a5b528231b2bda9a4a957ee,vlsida_openram
4234,d40c3588ed0cb29e8e94e6caff6617d3c12874c5,vlsida_openram
4235,d41abb3074b07d46fc348b6e2106528ca4b50fca,vlsida_openram
4236,d42cd9a281f0f1f96f3dc9a5979e882d1343c2be,vlsida_openram
4237,d43e210cf349fc04a3a9291a32a2a71c5c2e03fd,vlsida_openram
4238,d43edd95e460b59d3f7bb976563eccfaea65d610,vlsida_openram
4239,d460eacfcc629d9e8f5f182537da548afec80587,vlsida_openram
4240,d46e416c29f03d6575cd72db4b66da3481dbadde,vlsida_openram
4241,d47b5612d515082d683b99c1500dea4f57f2e168,vlsida_openram
4242,d487f788e38dec191e40b96f55b5a28b25695d94,vlsida_openram
4243,d48f48324855c441f83583fd760c98d9e09f3287,vlsida_openram
4244,d4a0f48d4fda2594ea084f560c9e88514d201ca0,vlsida_openram
4245,d4bbd32d34eefe47075e961073a783152bb1403a,vlsida_openram
4246,d4c14d7d19967e0b770900342e8b146e2ee26faf,vlsida_openram
4247,d4c21cd26e848b7cdf503edbdcbbd4639d42237f,vlsida_openram
4248,d4c4658c77ebe3af427c6181cdab9bfcf7e01bc1,vlsida_openram
4249,d4cd8aff1531248ffc248227d32a31028bf0aa48,vlsida_openram
4250,d4dc7e94a2d056f6c413e60ad13223fe5eb87d3b,vlsida_openram
4251,d4f8d63442b61a0d6c1b28173597f8714ddf0aea,vlsida_openram
4252,d4fc88124ad6f9127e9c2179a06a92e166409846,vlsida_openram
4253,d5041afebccd00d799078b6349d11087c8ffd523,vlsida_openram
4254,d511f648c65e24004a2daf90f6c8ef92b5cfe159,vlsida_openram
4255,d519c00aa1ada260ff30bebace856a79b03d4914,vlsida_openram
4256,d51ec4fe45754a33a9cc13153ada3f0bc63066cc,vlsida_openram
4257,d527b7da62d3a85047632d8e7072d8be42ce724b,vlsida_openram
4258,d53353b5be7f5beb3a43e63c4e87f4033f49f90f,vlsida_openram
4259,d533a8ae2684068edd9c55a9806087600d430151,vlsida_openram
4260,d53abba47946890d92a78c5b8f9762ffb7c5080e,vlsida_openram
4261,d53bc98ff552c4e824ee6c76c771103699014d4a,vlsida_openram
4262,d54074d68ef021237e2a1638e7ac83192efbf04c,vlsida_openram
4263,d5419f99f66b49cc5f1312b8a978f556d78cfdf3,vlsida_openram
4264,d542b7dd7609eefb49aeede0fd4e6d270fb6c726,vlsida_openram
4265,d552d88f45df77add82c42488aed3c956d26fca1,vlsida_openram
4266,d555e67fb1c7837b6714127dc089769f729508fc,vlsida_openram
4267,d565c9ac727917fc32efb999c13ffb671f620386,vlsida_openram
4268,d56a972d61794ef2cf2ff9c9c2c83942ce33e275,vlsida_openram
4269,d579a60382d29b19faedc7466fd941431bba007b,vlsida_openram
4270,d5836959595b8d19a7f696a3fa2c82b373dacf60,vlsida_openram
4271,d59a60eaf3fe6ca8687e39f10f8c9488267cfe4b,vlsida_openram
4272,d5e331d4f360f0ad8ce2c06f2e62e0ae9809698b,vlsida_openram
4273,d5ed45dadfd99c0d5d5ea961d40549ac54a65752,vlsida_openram
4274,d60986e5909ec496d995a6c8e13944fa0f35a7fc,vlsida_openram
4275,d609e4ea04774dcf574ba7b64b36b81ac965276b,vlsida_openram
4276,d609ef9243bdff2bf1c80016e8b05bb8428d47d8,vlsida_openram
4277,d6177b34f02df9d471c0231a6d424b82cee0a467,vlsida_openram
4278,d61fcb3be3484aa0b70803607c3c0340eb265efa,vlsida_openram
4279,d62da4432901cc737c72aabf3f9a6a5c02d596e9,vlsida_openram
4280,d64d262d78a6c030377acdc21ed3aeed3387fa5e,vlsida_openram
4281,d65ccfcc95b9025d23d0a75ef05dc61e443a0f08,vlsida_openram
4282,d65eb16513e5137aa6ad615fc04416a571aaa5bc,vlsida_openram
4283,d67a7149ab2f261379687f877dc17fb1ff5ad90e,vlsida_openram
4284,d684189241eee598bc9802843f5ad12fa630d063,vlsida_openram
4285,d6987ac584b188f765c5ba8a129fae17ddf50bfe,vlsida_openram
4286,d69ca2b1edb2224f2f135e612f5aaeb00dc554c6,vlsida_openram
4287,d69e55c2e37040d00a453374fb23b94ee6f91cd3,vlsida_openram
4288,d6a72aed37dd7f879556b2d3367beeefac709756,vlsida_openram
4289,d6a9ea48acd36a7108479dbfa51be0239a9a3331,vlsida_openram
4290,d6bcba432630220e558507a65df749eaba887132,vlsida_openram
4291,d6c0247ff27ee4961c89bf872588661e5877baa0,vlsida_openram
4292,d6cb15c82ddabe111da1562d6b24ac87b18ce0e1,vlsida_openram
4293,d6d0df97f87bc903f48211dba95b6051931f6beb,vlsida_openram
4294,d6d7bc6ec569803595717044c0d77f3301d12d52,vlsida_openram
4295,d6d8a037f1b5f322518281793d2b6ff4ca9d3b90,vlsida_openram
4296,d6d96907efc3c9959c7956154e44effd78650772,vlsida_openram
4297,d6df2157181bd288aae3196e9701603cf5c16ad4,vlsida_openram
4298,d6e7047e2fc42e074c32ce30e1becd30fe3e8c9a,vlsida_openram
4299,d6ef91786b46275434bf26676aa795645ff01aab,vlsida_openram
4300,d716a1c36180e38af9f5dbbeee28ac0a9e313c21,vlsida_openram
4301,d721fae5b0014de292080610180f2aa17872565e,vlsida_openram
4302,d72231182210c34fb4668217fc19727e793041ce,vlsida_openram
4303,d72691f6c2568d4234978b52ae93a26795071f07,vlsida_openram
4304,d734c05b7120ba47835e3d6efeb58be906206e29,vlsida_openram
4305,d735c095d29e8b7d274bc4e8ad4ac022402baea6,vlsida_openram
4306,d739c17b8dd0674d7d81df1a7b60750edfdd162e,vlsida_openram
4307,d7529ce526d49eddab2ca802960d75c4c722f28d,vlsida_openram
4308,d75d17bc8a878c28a88ce0973ce56155e20c419f,vlsida_openram
4309,d7602bc8360b93195ba0d2661c6fa61aa66eed88,vlsida_openram
4310,d77216d6dd735bc8a47beeec3ac246ed397d44af,vlsida_openram
4311,d77bba3af212138aec5497f2e81052eda670d4c1,vlsida_openram
4312,d789f937432f278413bbefcc3a6562192d52fee1,vlsida_openram
4313,d7a024b8fc2a79fda0cb9a59a52be6b4687027e3,vlsida_openram
4314,d7a20bc69bfe6b554ad6b7b7d862464ff2ed10f1,vlsida_openram
4315,d7ac26a0538e77899b67a8a45367e0bf8e820d35,vlsida_openram
4316,d7afb27322beda6fd42b23957b7a46c774205b05,vlsida_openram
4317,d7b1368115e9fc87300d154d179fa598964548e6,vlsida_openram
4318,d7bc3e82075fa96301832d4acb34bc968381789e,vlsida_openram
4319,d7e2340e62d34fc082c9768f692778f0e79706ea,vlsida_openram
4320,d8040d752cb3033e4f69eb8032137f8f858b754f,vlsida_openram
4321,d82d3df4a717fe598956c801be91c75e39e4eae1,vlsida_openram
4322,d84242719bfa2014bccab8102cd287e97a9ac9ab,vlsida_openram
4323,d8437249f7f56067d2273e340dee62b60d5ae4c0,vlsida_openram
4324,d855d4f1a650d41946f2ef00645602877bdae2cd,vlsida_openram
4325,d85efb772f48aba6daf4151b1906c36d828d949a,vlsida_openram
4326,d85f78a54cac91c6d546cdf677fd88a2a99c96d6,vlsida_openram
4327,d8617acff2e5b36c1e9077ad43823266e2d713f7,vlsida_openram
4328,d879d22f08f9a7ca426359dd8a59f90de7169015,vlsida_openram
4329,d88ff017921634e1c63cf2f323aabc6eb76ed4e7,vlsida_openram
4330,d89e49aeccc6ea3e9da005ae292353e00533de0b,vlsida_openram
4331,d8a169e79f37ed1389f352db9d64989eed0f0486,vlsida_openram
4332,d8a51ecafb3c30b3407ae7408bd4f5b325d32b96,vlsida_openram
4333,d8ae19c0cd00b44d497f60a69938f394772efd2e,vlsida_openram
4334,d8baa5384da83bd4cc415dc6b0baab57986027e6,vlsida_openram
4335,d8cb3653e0e6bc2ce5274392a8269eaebc24fbe8,vlsida_openram
4336,d8d8636d0fe035c854fde78462d1bf5b00c461c6,vlsida_openram
4337,d8e0f4275d566bf12dc975ce72ab5d9d21e113de,vlsida_openram
4338,d8f64500e6c297f63f399d6eed1cae95bc2c4c4e,vlsida_openram
4339,d9004f6de66fd06d9023a10b0ef7ab21b5f829f3,vlsida_openram
4340,d916322b74a6aec0472b13eb173f1bcd279ba0f6,vlsida_openram
4341,d92c7a634dc845bcb3306f9260181305c894b06e,vlsida_openram
4342,d940c0e03d8a32b14ccfe145561ae943e5324ccf,vlsida_openram
4343,d95a1925d41198f8da97903de48385372ad48683,vlsida_openram
4344,d95b34caf255b01e250bb06a5dca4e1e2dcaf35f,vlsida_openram
4345,d9679443f118c5aed2f65de78dd43c25477f02c3,vlsida_openram
4346,d9749a62eb01c69e4b3a96f41c3449ef80bbab6e,vlsida_openram
4347,d99dcd33e245af9928df9dc508cfcc02c31be5ce,vlsida_openram
4348,d9afe897701acf4efbaa2b372c5f18452eaeeccc,vlsida_openram
4349,d9c8a2f9e53315f2d3321d395e64b55ca8ade71b,vlsida_openram
4350,d9efb682dd662b874cd15fb00cb664f5efc26252,vlsida_openram
4351,da1b003d1097a8ce581dc726795b112d59c397a6,vlsida_openram
4352,da1df1f580d19e3cc1d27b9b7864e84d1f89b64f,vlsida_openram
4353,da24c52c526a23370e82dcb4e105c995690b433e,vlsida_openram
4354,da334e47aa32ea8e016ba76330053787094a99ea,vlsida_openram
4355,da3a1003019e31fb8cf8089bb568b093486a23c2,vlsida_openram
4356,da48b8d98c6babf816fd7e2ab2bd29dc6703d246,vlsida_openram
4357,da4c69ab989441d1571123ec451011cecb7dc337,vlsida_openram
4358,da631618b6c46f37b9e43c4555cfe027c0ee909f,vlsida_openram
4359,da67edbde897ed9958dec3b0e6e15de5629f6211,vlsida_openram
4360,da6843af5be78bd2e05974605471a00af7b37d6c,vlsida_openram
4361,da6aa161dee14095eb680dec666cb7de2db963fb,vlsida_openram
4362,da721a677d69a44e42808da7867964ed99b14d76,vlsida_openram
4363,da7ec0d00b124dd063c643601c4c4c056ddfb69c,vlsida_openram
4364,da827d923f61a1993ce33b55cf3ec2e19f1b56ef,vlsida_openram
4365,da83824a704f8e19f8139226a7594d77cca656e2,vlsida_openram
4366,da86d507667e02ade7a1cd9fa5efbf4e60fa107e,vlsida_openram
4367,da900b89ba6759778942114c81068cb23d0b1c41,vlsida_openram
4368,da9ed5494c04653e82edd2e25428c3e05b7e556b,vlsida_openram
4369,daa6286a3a0bdda1bd3266023bb5b6a9e5ed3d5b,vlsida_openram
4370,dacc0acd4ded5b3f85dcaa5c169769659ed2fddb,vlsida_openram
4371,dae275c50871dd44163743864262b546fef5d863,vlsida_openram
4372,db04fff20d255460c40f61ce6968e58ed7f8ce9b,vlsida_openram
4373,db118beeba1ba8d50e0d8e54eaecd7f19e8e8848,vlsida_openram
4374,db142bcd5a507821c5a48339ad6fd8e3fefcbf6d,vlsida_openram
4375,db1bcd0774665f8f9fbed0140b2845a01ea3cd0d,vlsida_openram
4376,db2a276077a072b485caee53b9bf404cf0dc6068,vlsida_openram
4377,db4913dd9ce670923ea3b04bfa7fdb613fbe35b5,vlsida_openram
4378,db85e8ecd674b9635999906c5b44786f896db5b6,vlsida_openram
4379,db8a675d90b1e20009d16fdbe043e2ae2264ee24,vlsida_openram
4380,db8ab303c7f8507f6bd57a7e4ca2adfe56002854,vlsida_openram
4381,dba75fc57c41b1463d3d0892b2c577409bf62010,vlsida_openram
4382,dbb5994322e99d5d996d50a2b605dd81641eb4e4,vlsida_openram
4383,dbb8bb85cbceb714a522890607721f72cd9f67e1,vlsida_openram
4384,dbc9de6c9ab5e1b122b7155662e78484ff858a4f,vlsida_openram
4385,dbe8a7f1af7ffcc90a133cf73482ad0e02e1565e,vlsida_openram
4386,dc1626879ebee5447f84b16590cd78b84363504c,vlsida_openram
4387,dc20bf9e114780390aef6b65b34f02f374ed0a66,vlsida_openram
4388,dc375ff1c382ba8bfb5da66d97088d9e9eabd675,vlsida_openram
4389,dc3c293575eab2a782ccc8f4430f19f024aa314c,vlsida_openram
4390,dc46d07ca3f5bde8c1196b16c888fd43f4033b43,vlsida_openram
4391,dc55ededc1bb93e84b62877f95065d4411226e48,vlsida_openram
4392,dc73e8cb60aa56733024b3610e4b51e049cfe459,vlsida_openram
4393,dc96d860829a36dd11c85e06c792d1b38cfd5572,vlsida_openram
4394,dc991cbcab2dca6a3bf5eaec61ccc3650006051b,vlsida_openram
4395,dc9ae6cd1a3b060a439497ec68fbcad6f589ca0f,vlsida_openram
4396,dc9d1e00d85726b2d7249b6c54328375a2e8a42d,vlsida_openram
4397,dcd20a250ae0980d7219a0218cacf9e55e7bb9b0,vlsida_openram
4398,dcd29214bc9a36e526c85c365ffedfe094a96672,vlsida_openram
4399,dce324fc9487dbe5c3fcaef3a97fef96226b3c45,vlsida_openram
4400,dce852d945e93f818bc3e9720f1c4356af31e36c,vlsida_openram
4401,dcf95460d0b67a7fdc182356662076756e15440f,vlsida_openram
4402,dd152da5c2f3e2fe908bf351953e355f0b52558f,vlsida_openram
4403,dd1afe03133d70254711574152ff519e8a8f67a6,vlsida_openram
4404,dd1ce805a46ace50d80bfa9d599a2a568a56d5d1,vlsida_openram
4405,dd22f9acd5e0b2df98255df03d5940cd404a1da0,vlsida_openram
4406,dd2effd28d8bfebc0a9c3ed3adb9a01b0cba28cc,vlsida_openram
4407,dd5b2a5b59cd25a8a449761fa7ead84bfaf33a8b,vlsida_openram
4408,dd62269e0ba3bf9edd6c100cae3a847840ffa4f5,vlsida_openram
4409,dd674908233cc41ecfd9e3aac63429a5f0fbc2fc,vlsida_openram
4410,dd7069dd9888c13438b8d6beeb7b27e7b09b68af,vlsida_openram
4411,dd73afc983951603788246d0bb578942f68409c2,vlsida_openram
4412,dd79fc560be1890c617446885870bf2ac8c42c3d,vlsida_openram
4413,dd9b9d73b89bc55136cd05d8450ba54298e464c9,vlsida_openram
4414,ddb4cabfe1067ad9cd436282010803f1c08b5042,vlsida_openram
4415,ddb76c4affd3b5325579e06df20397a33f1750cf,vlsida_openram
4416,ddba3b371823848c1d87fd6b8933221b051fbecf,vlsida_openram
4417,ddeb40c9bf8b67838122f4fa0db427498db81001,vlsida_openram
4418,ddf5148fa5c424af74e93d76a9349e4e0684cea5,vlsida_openram
4419,ddf734891a96938fd684854de18d5bded9b2bedc,vlsida_openram
4420,de2dae40302007eb869101a04e56c55e17b9d94c,vlsida_openram
4421,de33ab3761c060e7e184f7ceb2917f67c9c4fb3d,vlsida_openram
4422,de485182bc9be1e34e5fd05fad8ed09e06d52488,vlsida_openram
4423,de5c736cb4480e52d8e82fd02cafac4daab713ec,vlsida_openram
4424,de60a1c38a9ea893f1934ff0d1f6f6bcb6d93c82,vlsida_openram
4425,de616309620455ed35c0d9eba8080d45824faeb5,vlsida_openram
4426,de6b207798cd8ac4ff0b9674999f6ae392778910,vlsida_openram
4427,de6d9d4699727ef210e98dbc855c1b5d16c3d91c,vlsida_openram
4428,de6f22aa3c1f6ea0bb750ccaaa10183d3e393bac,vlsida_openram
4429,de7a248ff07dd1a5b578f44d17b4f575a5cb738a,vlsida_openram
4430,de977732dbb20fec14ba04e64f79f16432830eab,vlsida_openram
4431,deaaec1ede994a3a7b51eaef3d671d1e516e8df6,vlsida_openram
4432,decfd7ff4f0af249af84a6d7ae23e41230d7d85c,vlsida_openram
4433,ded87dbbe74e0ffcaa8750d0746a129570391069,vlsida_openram
4434,df2dce2439a4da184b3caacd6836b255411a1374,vlsida_openram
4435,df2f981a34a38ea1760e3c02b3847ec7cf4e069c,vlsida_openram
4436,df32d53a16086237712bbc17954695f4c2735ebe,vlsida_openram
4437,df4a231c04e76246288f3b9c3012cb68c3aeaae6,vlsida_openram
4438,df4c2bad1fdb87350669e3db031dad13ba7bab84,vlsida_openram
4439,df4e2fead88f1aaa0f5d54cd07b4c4a43d266a6c,vlsida_openram
4440,df827fbd3daa07a129aff3b2952f04f134be8106,vlsida_openram
4441,df8d59f32efeb44ea4bffb8bfacdd2ceec0052a2,vlsida_openram
4442,df9bdccd4562125fa518f3ed24d2397c7fd17a11,vlsida_openram
4443,df9f351a915d1af4bb77322c98514dbc5a59b5f1,vlsida_openram
4444,dfa2b29b8f1ad0915fde124b76500d43b4b540f2,vlsida_openram
4445,dfb2cf3cbd5e9308838b478268905b7b32b58447,vlsida_openram
4446,dfb593e9b4d1a19a1fefea8c7fefdfd22dc22f4d,vlsida_openram
4447,dfbf0ba6e1e63fd63191644e7a0961ed9d833314,vlsida_openram
4448,dfbf6fe45c4115ec79b96a9880433c51ac1ca770,vlsida_openram
4449,dff28a9997a44e58abe09a5d8e9db50d532581a2,vlsida_openram
4450,dff94a032e0c10dc33e67bad78843476065cb3ed,vlsida_openram
4451,e0024fa79a5851c4876c4f33890807da6a511394,vlsida_openram
4452,e017f3f4ca0ae0dd0be6c0c128441337e1569557,vlsida_openram
4453,e01d5b7c615ce434e7ab09bb1c353f969dfb62fa,vlsida_openram
4454,e038561b4a539c22ab8d7198a9aeb350d13b0fc2,vlsida_openram
4455,e040fd12f90ec1c11cad22a4b44182a825e1e8e9,vlsida_openram
4456,e041b101a762d6286f044e594f7f6c66f31e146e,vlsida_openram
4457,e043aaffb3a91c64aa1b5cb6143b9cb36f6b3c56,vlsida_openram
4458,e048ada23c256dabc090f38a737c010b51f4ff15,vlsida_openram
4459,e04f53dc27c7ec9ed7cb58cbceef9fd4983c8eb6,vlsida_openram
4460,e06dc3810a333819ba1fdb21258c77cfcbf94f41,vlsida_openram
4461,e06e1691c8b93d60a446ba5becf5351fe7f4b52c,vlsida_openram
4462,e071e5309063cc9c2c9b22244bd8cb57ff5b307d,vlsida_openram
4463,e0a6b59773464ba4311b69296c6571b3c28b65d0,vlsida_openram
4464,e0b06612734b0788d5d366c2f3ce10ed0f7b38c6,vlsida_openram
4465,e0b9989d852df4e71443915d430a43693e679254,vlsida_openram
4466,e0c679054d01b488a46c5942c95ce67a2497d471,vlsida_openram
4467,e118cc2d5cf6047682646cd1b6a8586dbf2831ea,vlsida_openram
4468,e12ab68362f30cc3cbec495798d08aeaa5a72680,vlsida_openram
4469,e130ba736cc5a98a7aa12ac935a32a76b819ed6b,vlsida_openram
4470,e131af2cc3bca7a8a3e957fd516379874ab0cdd2,vlsida_openram
4471,e134e07522885a49cd49f5d5a80b3bd9f0e567e7,vlsida_openram
4472,e139b4aa818e240854b4d2104a21f131fbac056e,vlsida_openram
4473,e13cc76ac35bc4d674265b4b7f314db2057e008e,vlsida_openram
4474,e143a6033fdd26c3e8cd0b28b379c49a608c744e,vlsida_openram
4475,e144f03b23c9a821cf5a0c67dc09bb5f8c55e9df,vlsida_openram
4476,e147f807a59c5a9a0af61e4221c5f75caabf0e80,vlsida_openram
4477,e14deff3d144f497126cab50675b0074bb7ae247,vlsida_openram
4478,e15454ebb9b7b0362242f0253561c8f278942ce3,vlsida_openram
4479,e15feb236148e96d76c2673ff529a179b1d29cbe,vlsida_openram
4480,e16defdae4a6c7dae082a4ee3c7093d0e2c05d11,vlsida_openram
4481,e16f44cc81091a77e5e08fe77fa02e0261eebf3b,vlsida_openram
4482,e17c69be3e145d6a69392cfd55ccc3018faf3058,vlsida_openram
4483,e1864a7a1e9795388dcec56e808a364868b385e5,vlsida_openram
4484,e1865083d767a708e85a2ace85de28554caccdf8,vlsida_openram
4485,e1967dc548d82a79161918e26dcd0d195e8d4a61,vlsida_openram
4486,e19a422696886429b38ec362d0ea4b4c985f5c17,vlsida_openram
4487,e1b97f58e1cdd084395467c9796a3cbfee725631,vlsida_openram
4488,e1c3d77a5d4bcdb059676883abb42ef55e703853,vlsida_openram
4489,e1d0902680a1a19ba21f49d830866882842395c0,vlsida_openram
4490,e1d7d9dff7e9db1d09fe15d213cf4251080ed2f3,vlsida_openram
4491,e1e24f6d061d2919b33bf4bb660560fe7a7b16dd,vlsida_openram
4492,e1f4c933e15fd78c3de231b8502f591728100267,vlsida_openram
4493,e1fcd90b5916d7f01786823cf9dd660fd19b077a,vlsida_openram
4494,e2093241a88518a165e0b39e62ee4275248dfed0,vlsida_openram
4495,e20f28580fcf5039862f5c5e5c8bc8f5592bae87,vlsida_openram
4496,e210d3d49a882d6248650bf2f47f1c304e1db1df,vlsida_openram
4497,e210ef2a4109fd6e8e946ab3d38db9624376aaa8,vlsida_openram
4498,e215885b2fb8d5324204134124150d58a6f3c017,vlsida_openram
4499,e215c0e01679d206c9fe44a30648b0eb66203f04,vlsida_openram
4500,e223d434aa54f6a4ab91f4921c76f39549fafe20,vlsida_openram
4501,e22e658090f0156719a7f06c5f61c2199797cd68,vlsida_openram
4502,e23d41c1d428179c21ff7eafd11c6feea4808f7f,vlsida_openram
4503,e242d18dcb75cb468c95144669bf81ae55843e83,vlsida_openram
4504,e258199fa395d2e107c393c9a7415dc8514c79f6,vlsida_openram
4505,e259d5aa3106bde5578263dc3ab848e71df12566,vlsida_openram
4506,e2602dd79bb7ffd4e8914577c4d4bffa28337c51,vlsida_openram
4507,e267fb3e1cb7c733488ffa311ea8441c6b7f7528,vlsida_openram
4508,e26e17c53fa8848ad25ff2eb46a132b7a347c4f3,vlsida_openram
4509,e280efda7bfa5a7a48f309be77da6a4acad8fad7,vlsida_openram
4510,e28978180fa931b45e0c9bf3ea599f996a51ddb5,vlsida_openram
4511,e292767166b7f44a41b4dfe0d93d58dc91d59acc,vlsida_openram
4512,e2a52ec0f37e71bf9e8f6cae45ac961e5e421beb,vlsida_openram
4513,e2ad1c72a0e6dc1b151ce5db60c54516d36c1444,vlsida_openram
4514,e2cfd382b9ceee6f5fab657c56b4e0b943b6a49c,vlsida_openram
4515,e2d1f7ab0ae66b798f7f8814dd972ec576330ed4,vlsida_openram
4516,e2e5f45cecc050e5e372b33d374b30efff9ccb8f,vlsida_openram
4517,e2f93a0a9991782e5670c90c4ff499a633541ac5,vlsida_openram
4518,e30938fb66db62ed06340f45e235659f610471c8,vlsida_openram
4519,e3170abd0129cd73d143957e9c6d2a3cc25f3870,vlsida_openram
4520,e31bab26aecaf6d2f3005f2a7b6e954945bcb31e,vlsida_openram
4521,e31bec131c3f510f7b440b9f4a5b2fa6b377699d,vlsida_openram
4522,e31cbeaa6fb7861bf4f510d8cdda57c2ff2fbfcb,vlsida_openram
4523,e32557c36cf8d16dd7efa0a59cf5aa485aa90b98,vlsida_openram
4524,e32b0b8f7a17579e9156379036ce59c0a00701cf,vlsida_openram
4525,e32c1fdd234b8db8b997ffd29997a8630350b6b8,vlsida_openram
4526,e331d6fae8d776bc142263bb0ee9d22eddbf28d8,vlsida_openram
4527,e35156339152171243bb52d9b654d535b7d9c187,vlsida_openram
4528,e35735be5cbf82ddce7a571a769c79c0389aa3a1,vlsida_openram
4529,e35f060d32ca625c317ceab3267b98e4c7ed0e8f,vlsida_openram
4530,e36452622cac26c05c68dcd765611f5c3ee35670,vlsida_openram
4531,e37a9234cc4c06ce0e80c166e3c8ad698cf33817,vlsida_openram
4532,e3911865814d10a30cb3634b4a594bb6e773edf3,vlsida_openram
4533,e39f9ee481ed56f036b717a59a82e94202ece272,vlsida_openram
4534,e3a6c1ac6b63550669f89f1430051d6cfc770cba,vlsida_openram
4535,e3a888e0f7287bb30f8dcec7f8bd13d0504b21d5,vlsida_openram
4536,e3b42430bd6f31f621a8e468de659a1adcf56fd7,vlsida_openram
4537,e3b51360f31b820d6d4c8667e83d382e8c823f94,vlsida_openram
4538,e3bc5454f9324ffe0846f70762dd29ba9c4db25d,vlsida_openram
4539,e3d003d410137f48f01c68dae28b4210221d2c6f,vlsida_openram
4540,e3d8ad13b222390ba552f5f4dfbe47e026f8a315,vlsida_openram
4541,e3e4bac922aabcbc8c773e9471f18395a4ef3840,vlsida_openram
4542,e3e7a31c6b1cb810c5033f75063ca01e1aaab43d,vlsida_openram
4543,e3f2ee8a7e10c315e179f65edd44e40eda777a7e,vlsida_openram
4544,e3fe8c3229beff0eab94af8ab784501a9383c66c,vlsida_openram
4545,e3ff9b53e9bf21b190faa6171807c13b9861f69e,vlsida_openram
4546,e4065929c296bb51ed85867c41f61667ee77823b,vlsida_openram
4547,e4070ddad8e1f391086ef42217bb98f279079398,vlsida_openram
4548,e41b90449deb312cc7b3fec56d6851b5b782fc1d,vlsida_openram
4549,e4295ea61b05f52041a1a48042c6d1c310f5301e,vlsida_openram
4550,e4532083da84227fcf6b12ca4f85f8fe7df6cd14,vlsida_openram
4551,e45e2f77c9e536f2a72151adeaff958e9a8a4d13,vlsida_openram
4552,e460eff014edd506ddcb52cf517fc72173ac9038,vlsida_openram
4553,e46a4fb1158a080a429867b3717167a48fd41851,vlsida_openram
4554,e46ff50269962f1b794bd96604d28d6eda6411d0,vlsida_openram
4555,e476df1218f6c82a6f7b92792b79448ea8dca03c,vlsida_openram
4556,e48e12e8cd884ddb08dcd0480aeb0b321c1f5a4c,vlsida_openram
4557,e49236f8fcf4fb2571722ca9820631af93c1c101,vlsida_openram
4558,e4a94e859708ff1b7ab0a5966ff19a194ce3d20d,vlsida_openram
4559,e4b490051df191d214a306ef15e674db670adf3b,vlsida_openram
4560,e4bc2c4914d66dc6ec43ea4a39e8254bf4566bd5,vlsida_openram
4561,e4c67875d2d65b5ed735a9d6569bad7f33df19fa,vlsida_openram
4562,e4d3940941d9a6a1ebcbd3ebfbffa39310a30a9c,vlsida_openram
4563,e4d8ba90a5b9864c1a148644e045ad1fbbe274b6,vlsida_openram
4564,e4fef73e3f3d6e80e1e0cd801e223533a293737b,vlsida_openram
4565,e501e0ef4f3a8e2a1072f92ac77384702ec05022,vlsida_openram
4566,e502ee02be2a2fa2cf9b524fa73e1bb3f1062519,vlsida_openram
4567,e50776022f8d90f3956c69364e37f9aac640ae40,vlsida_openram
4568,e507fbd5e98791008e9a89470a54b4545f321227,vlsida_openram
4569,e51c4e8028a7ed9c55ada25ac3f71452c7a6ad7c,vlsida_openram
4570,e550d6ff1086c00eb777aac2f4c190ecdc74d2c2,vlsida_openram
4571,e5618b88af5aa66c585c8b6f2de9d7b9c75c8214,vlsida_openram
4572,e5662180e8126ed48108146329eb8b078ab943ba,vlsida_openram
4573,e58515b89b695f3cbdaf708891318d422ced15e9,vlsida_openram
4574,e591176211a68326eea907945c0e72f5f9f9a3ef,vlsida_openram
4575,e592d95146e27283318098f96ffc894fd5707249,vlsida_openram
4576,e59333a23296697c3a70bb6ce360833d4bb86a1d,vlsida_openram
4577,e5bc7b4e95037c8507ea943aa00b82067717f8c4,vlsida_openram
4578,e5c58bf3d58229fa58ebf5fd5a1379e6a0f43f2f,vlsida_openram
4579,e5da94500876b5b14a093996f63477756e3f6606,vlsida_openram
4580,e5db02f7d87aa2dc685aefd7a21e8aa25c996211,vlsida_openram
4581,e5dc4eddb7b53c2c4e04eb34ab465795f13a82fa,vlsida_openram
4582,e5dcf5d5b1340b43376ef93b339015f33df5b785,vlsida_openram
4583,e5e038ea7a6434dc077f1069b2cf201a124da124,vlsida_openram
4584,e5fc25da6faaa5e0e30c94421021d62db0806f08,vlsida_openram
4585,e60d1573104326e25b2963220b3b2a498e8d5e53,vlsida_openram
4586,e60deddfeabc23dca242f8d69a7559c1ce75fdab,vlsida_openram
4587,e611f66767f7a167755d82acbf25c048a3fce7c2,vlsida_openram
4588,e621890f78119c53b0b64efa81e9a4f5e66ad882,vlsida_openram
4589,e62beae805cd91879fd438d71420fb3677a0ef3b,vlsida_openram
4590,e6311dd44aea0438981ba0707c76db172ad979e4,vlsida_openram
4591,e63f70da5e92a06867158d72137dece12cd8eb88,vlsida_openram
4592,e642b8521b01df689d9a55a5e6de4e72f4820d7a,vlsida_openram
4593,e66a37c9165094d48f377e98d84168c74ee8c12e,vlsida_openram
4594,e681806f0dd2641113585a9c6a1faf8b7a9e576c,vlsida_openram
4595,e694622f2809bc588d94b0a28040534cd93fd293,vlsida_openram
4596,e697efa5f67d747b135bc528d028fbb82e4f749f,vlsida_openram
4597,e69b665689c0b2b29ba0a124b15e6ba505199fca,vlsida_openram
4598,e6a009312e7965b87c9b0af9e36c3ffffd7b9179,vlsida_openram
4599,e6a7ecae84aea56fed390c801b02a306bdc3ca62,vlsida_openram
4600,e6b1fcb44c24f85e42fd61f4f0b2edad679b974e,vlsida_openram
4601,e6babc301daa9956d745d72f4bc3568d8fff62a9,vlsida_openram
4602,e6ca67e945489bf39b6577aa0316fa3daac6a815,vlsida_openram
4603,e6ca825157af32bee2f90b8b3a07307e80433fe9,vlsida_openram
4604,e6d6680da1f62a6a5571fe576aa354041c347443,vlsida_openram
4605,e6e94043b686237ee286bf75597346c0941dccce,vlsida_openram
4606,e6e9d09369eefd3d7e03f49360d7dc94038e1d28,vlsida_openram
4607,e6ff73dbc19f5028cb5695b1cc5be11f8f90b551,vlsida_openram
4608,e706f776ebe98b052621461b6779b186f856368f,vlsida_openram
4609,e70f3b14f29176fb19e6d463b9abea4993ca7e51,vlsida_openram
4610,e718106d8713c937a856a271958f949ed622d24d,vlsida_openram
4611,e738353b5c68b3b272d8c200b4bd1c3a69341824,vlsida_openram
4612,e73ff401fb743cf44417929171314a37fd6d51c6,vlsida_openram
4613,e744ffd6ea497c6d934c33cbed723546de5a1f9e,vlsida_openram
4614,e750d446dcfffcc25e6f9c5be2e382c4184afeac,vlsida_openram
4615,e750ef22f561a49a12b7d71210ed4857a4c04fd5,vlsida_openram
4616,e759c9350b730d3d76bb7ee2e1ecb4d58da48433,vlsida_openram
4617,e774314add76384d4fdaa4a31346fc3da26027e7,vlsida_openram
4618,e774cbdf9e22731afd77efb8f8687f190011b2e8,vlsida_openram
4619,e775f7a355a5bbb09cd9bcc6a228ee575a8c688d,vlsida_openram
4620,e7ad22ff69b8603af8769cd3b847d2261d5c7c6a,vlsida_openram
4621,e7c9914d77215b982c42b2796792ad4396becd42,vlsida_openram
4622,e7dbf7443e59509aa29d20e47ae9674bb73011a4,vlsida_openram
4623,e7f92e67d0ae0d40bafc1e5b45acd8128954ba1c,vlsida_openram
4624,e804f36bec81f928b37f1f92f7c12d4ac76b3424,vlsida_openram
4625,e80677caf74930e80a813401ce9cd9c111aebf82,vlsida_openram
4626,e808d7e50cd6c95c1c4d142ee30da23fb7578ef1,vlsida_openram
4627,e817b02adedf2bc542bcbff02c78c60f3bcd7cec,vlsida_openram
4628,e818cdc992963f42396402363fee92cacbcbcf04,vlsida_openram
4629,e821b4a75e92e865c9894661d1cd981be9f54614,vlsida_openram
4630,e8239c5e77c819da073314295e1fc8a3882c4de3,vlsida_openram
4631,e827c1b8c747a8cede3f0317fa111b45ab69cab0,vlsida_openram
4632,e82f97cce1d6cb2a4c72722fc5b4637096b21e70,vlsida_openram
4633,e8435d0d83448a89113dafb23163b46ce66e4134,vlsida_openram
4634,e849a9b973e3c316838140aa955db5ce08fb29c1,vlsida_openram
4635,e86fa8f0b49569adfd17cf63d200e9deb0576f1f,vlsida_openram
4636,e88f927e0111455bff19f52c80e80e027eeaa5ee,vlsida_openram
4637,e890c0e188ee8cf03bdf887d40289bd236207251,vlsida_openram
4638,e8b78bfd747f6023cba621d20621482fab0c1ea5,vlsida_openram
4639,e8c3cf0a947c5fc7d8e2d29800a786ff1104c326,vlsida_openram
4640,e8d001a3f9bda3da133213b548e234bf0e3138d0,vlsida_openram
4641,e8f1c19af6bc8469f70a4515878121dc8b743212,vlsida_openram
4642,e8f658d35645f1e6232389d08e9010eec432ef2a,vlsida_openram
4643,e9005add1417628c819debc5ab80863c37313a16,vlsida_openram
4644,e90964fbda816342949189795de40502d17d7645,vlsida_openram
4645,e90ea4e737ed19be68f88080328c7268788f9172,vlsida_openram
4646,e90f9be6f5b6c5c154bd6d2ba49ea32638cce058,vlsida_openram
4647,e92337ddaffa27c8eddabd2a9f6579c2e9304ad9,vlsida_openram
4648,e92cb9ecefb5e544d107931403a325e087706ea8,vlsida_openram
4649,e93517529ce4c2fc67f901fee5594a71e49f6d54,vlsida_openram
4650,e93f3f1d2efed0b55ff7222846126e7533573e1c,vlsida_openram
4651,e9420d57c269118c3f2c930490b2418cc2d6dc78,vlsida_openram
4652,e944a5ec02131227e3b639073b926f571021f224,vlsida_openram
4653,e95988c639853dceab214982da7e0794bd15a04a,vlsida_openram
4654,e95ab6691658c36f1f12cb9fcdf8cab04c8a24cd,vlsida_openram
4655,e95c97d7a5f7fff7d374ce4c8d0b6ddca19feab1,vlsida_openram
4656,e95e9e8229878250d53f72d66187459b756b7c45,vlsida_openram
4657,e960cbe9d6d4d9d9c6249d372e53136debab1930,vlsida_openram
4658,e972427e5f92a7ad87d79f39cabe745934c95f45,vlsida_openram
4659,e97644c424d562d3dee9a1a8ca1fdb51937abe54,vlsida_openram
4660,e976c4043bfe54c44231c488b3cfdf0be81b2511,vlsida_openram
4661,e9780ea599567c7c94aa595d51eb5818511044ca,vlsida_openram
4662,e98304740288ab0e3ef262a9eda56507d34cc8a3,vlsida_openram
4663,e98f7075e267ce02b08a77d622b7beabd8395398,vlsida_openram
4664,e995e61ea4f3374abbebb49e45c110ddced8237d,vlsida_openram
4665,e9b370bf21c2fe1bb6ed974f41a2a65a2ca5e8e8,vlsida_openram
4666,e9b8eab2c300381c3650b16b886d302ed7372f62,vlsida_openram
4667,e9bea4f0b657c24db912573cbd44666576382104,vlsida_openram
4668,e9c3968a7673c748ab420e9a5de69d75341824c3,vlsida_openram
4669,e9d0db44fd6de2cdaf0590096b6f7fa2a9dd8d52,vlsida_openram
4670,e9f6566e597e5626f1cfd993738dec316753d1f3,vlsida_openram
4671,ea00258be9b7474c5aa4b6f6781c28d8a32426c9,vlsida_openram
4672,ea02aae40fc135ab9becc91a967ee1606bfe0d2b,vlsida_openram
4673,ea04900acbb3233f82a874f3b0ae5198714d1294,vlsida_openram
4674,ea12f6abbd794357c1169dc5bf1e4a408b1c85bb,vlsida_openram
4675,ea15a814438e799c08b6d030692dac0ba0c6374d,vlsida_openram
4676,ea1a1c7705a00285c0c8cd764146071e894480a2,vlsida_openram
4677,ea2f786dcfe744b3d7fcee95fb2a0d6c6fa331e5,vlsida_openram
4678,ea51cfdbb4fe8305505e5ffc3af7c7e113e5ec3e,vlsida_openram
4679,ea52af3747b71aa6efdc7fc25983a8b442008147,vlsida_openram
4680,ea53066966e0f811a4307d56211dadde2da8d891,vlsida_openram
4681,ea55bda493e121c4a90dd46ccc0ef44cb08ccb01,vlsida_openram
4682,ea588ab6f83207c8b467a8d8e1330d0837c0f0ec,vlsida_openram
4683,ea5eda91fcacdcb211d106abf51d885da33a392c,vlsida_openram
4684,ea6abfadb7ef8ed66be20b578d817fe5b56323ba,vlsida_openram
4685,ea703d124f1003e3b1fb6c3782efcbc448961cf9,vlsida_openram
4686,ea772b36d91cb155cffd4cde26c38035071b36ce,vlsida_openram
4687,eac94edc04228f66623f36e4a6321df1e69eb8c9,vlsida_openram
4688,eadb5d5e4812c4ae348d4190cb47f268ede4dc2e,vlsida_openram
4689,eadf7eedc5097e6fe6c13a340ec1980f49eb40ce,vlsida_openram
4690,eaf285639a6b358adbc5a2c0e96de38563a7b7bf,vlsida_openram
4691,eb0c595dbef69cf8fdf67d27b720f5e0ea716a51,vlsida_openram
4692,eb11ac22f3c3d5a2198817d25e1be500138cf7ec,vlsida_openram
4693,eb2304944b47fd256757ffe7498f2ae2bece25de,vlsida_openram
4694,eb310dbb6e834a68f6bf95af90ae2e988b1f860d,vlsida_openram
4695,eb40e2fdae2fa0e0f5b60377713aac4a841e6b91,vlsida_openram
4696,eb57c6e7fd4c57b387505b54b9ef76d3a0cff33a,vlsida_openram
4697,eb584f89163aa9b12e71283b303ca1a5c9609d6f,vlsida_openram
4698,ebb1a7bedb9813f686f3ecac3f4c04ff74c516aa,vlsida_openram
4699,ebc91814e55ee4501bef7acf3cfa9465c7f9c96e,vlsida_openram
4700,ebe163c57ea86214461f60605011af5a97bb02b4,vlsida_openram
4701,ebe19abf60e8cd8a83bd2d7c7385e3d4ea842813,vlsida_openram
4702,ebe4393d666eb7405ca117b504a4d189631467bd,vlsida_openram
4703,ebf43298c05097122ac347ea36955778933de8f8,vlsida_openram
4704,ec037d11c3157d0153412d0c82add63d7fa0529e,vlsida_openram
4705,ec1fb087b5ec5f3962a17284ea54dbbb2b1b089b,vlsida_openram
4706,ec6ec22a2999d658f2f1b15701ba2a9a5d20bd51,vlsida_openram
4707,ec6f0f1873b7441099d8a651ea93c05fc0525f52,vlsida_openram
4708,ec783f58b89d7001461fc6cee3315e8756dbe337,vlsida_openram
4709,ecbed870c00f60e9d43d1760872bab55f24e6489,vlsida_openram
4710,ecd461216784f348313ea0fa068c5304a8096064,vlsida_openram
4711,ecd486e050b6243e747bd2e259b53ea768ddcce0,vlsida_openram
4712,eceb27cad77a14c539dd4d359de0ab842f6cdd62,vlsida_openram
4713,eceb35f205b9a7574e6b5c0336c68e127475df43,vlsida_openram
4714,ed0c93ba550252f10e92ab7fb1f751961448173d,vlsida_openram
4715,ed11145ca49a365cd46641d288fb1ef64b55b91b,vlsida_openram
4716,ed194ad47b520362184250ddbdadbb1192050041,vlsida_openram
4717,ed28b4983bdd6232e91472fd82022fd7cc2f1966,vlsida_openram
4718,ed2fa10caa908fb708ac5f604e2fff61c31bb065,vlsida_openram
4719,ed3d39a1b87bf4c7796ff89e539001e7aa1f3691,vlsida_openram
4720,ed404a3ad276a4eee74029c06318478d950b6da5,vlsida_openram
4721,ed4ca62dbf12ad8f68159464264d55570702877d,vlsida_openram
4722,ed4fdbc8bebd15416aeaeda98199b17fe9e1c0f7,vlsida_openram
4723,ed54c7ab83728d9b656ccba357bae47df083849a,vlsida_openram
4724,ed5700d69816791f732712acdd91511c9b321d0d,vlsida_openram
4725,ed5765ea871e6325391c8c2f8b5ad8c56e3b17d1,vlsida_openram
4726,ed66fca031d0af78883b0348e845dac20e1e0b25,vlsida_openram
4727,ed76a784d21ad5aced87ff610cdfe8175d5da7e1,vlsida_openram
4728,ed8242daf84d3fc351eaeaac86fda4bf1b51627d,vlsida_openram
4729,ed8eaed54f4400df07cefdf0b17c381ca0ba9919,vlsida_openram
4730,ed901aba5f9f34fc4b6f3b98c255df584394ef8c,vlsida_openram
4731,ed9d32c7bc105db2a438d36d4b2d852152a79e3b,vlsida_openram
4732,edac60d2a8f25cf23d56fa73ecc203e54d4290c5,vlsida_openram
4733,eddc9af45b374044f1e7a0db0ec95d15c3705480,vlsida_openram
4734,edf3a701e414d7fd706c5eddd10891588869550b,vlsida_openram
4735,edf3d9557d5b09668fb20f27356378bcf43cde95,vlsida_openram
4736,ee03b4ecb80255f52a4f0c9a86b99810ea1ef8d6,vlsida_openram
4737,ee05865919c274c77dbbce13afcce7c5f9d7af45,vlsida_openram
4738,ee0a0032983051903305826aa0d3eb58c936d936,vlsida_openram
4739,ee18f61cbff9a91d7e1e419b2bdc6043d99986cd,vlsida_openram
4740,ee1a29132f97e9111775c48a295aeb1ce70e6c49,vlsida_openram
4741,ee1c2054d3011b792ca30fec18d9b6eb1a3e804e,vlsida_openram
4742,ee1de9ac8cb50b611e84cba4d606fa29a9fb82a2,vlsida_openram
4743,ee2456f433c6ac057a9b70e17240dc5bfb730957,vlsida_openram
4744,ee3da912321b87369e3aa742cc6ba607d17ce759,vlsida_openram
4745,ee5229309d21c9db4eedd1ac3d4f90f8ad178c45,vlsida_openram
4746,ee6be23cfaa1b9f6dc895e62f219f412a82d6a76,vlsida_openram
4747,ee7bf7c5f21339bf6fd6c73de76ac4ae6ec26a86,vlsida_openram
4748,ee97d87bdf6941384dbe03b460e6dfeaa1780c36,vlsida_openram
4749,ee9aad1b21605d45d795e8df6d1d498bd59bce08,vlsida_openram
4750,eea748ff3efb3eaf165ba8aad1d79feaedcd1907,vlsida_openram
4751,eebc2a93b68fbe8e47ef72d7dc9c6254206f4b1c,vlsida_openram
4752,eec0f02bb87ff53535f5a684717edcd0042b4f5e,vlsida_openram
4753,eef97ff21547f62ff8290885ec0037149b286c14,vlsida_openram
4754,ef2c9fe2963447ad00ff6a3b83c134a9a4ca281d,vlsida_openram
4755,ef2ed9a92c699915c59c2b8986316ee2ef1aa122,vlsida_openram
4756,ef310970bfa1b46d57786cb120b245f71b68900f,vlsida_openram
4757,ef60b02a81e00d935d2f544f7a98fd3442805451,vlsida_openram
4758,ef710eae7aab2dcba4a415f8bd0ce52d31971580,vlsida_openram
4759,ef7120c5cd44e01d153b976520b5f14cfec624a8,vlsida_openram
4760,ef733bb7aa25abbcda2e6d17c4a2dbd6cc1465e2,vlsida_openram
4761,ef78ad7249613b51612586d55a29740102272178,vlsida_openram
4762,ef940e0dc5ab64350f5f8817a988a9c082c9a21e,vlsida_openram
4763,ef99d13f1b6ec412ddb121dc62493764366c9c0f,vlsida_openram
4764,efa465757c4f246cd0c670e4356b43fe560c6eef,vlsida_openram
4765,efb0cf25bf85bb76bc018170100a9a3e2eed092e,vlsida_openram
4766,efba4d785e52b0661f5d462362a7cae25a0c5bfb,vlsida_openram
4767,efbb6587844249750683dee8ebb74c000cd37697,vlsida_openram
4768,efcb435fdef130d84d0000e6b08de2bb49503e6d,vlsida_openram
4769,efd43c319143e03597986413032a40631498b242,vlsida_openram
4770,efd6da5300ae5c347582791f5becccfc115311c3,vlsida_openram
4771,efdc171b1431b7ef6ca8b9dcbb3b5d5f844d1942,vlsida_openram
4772,f00d51aea3c1b869841780a3cdaed46fbfb0e254,vlsida_openram
4773,f01e73328dd03a150b008f2a543dbb14785b1bb7,vlsida_openram
4774,f02843615640a43a370bc1ba37a26969751e0fbd,vlsida_openram
4775,f03cd7c3ba9184ab7ffb33670a1d742b148ec12d,vlsida_openram
4776,f04e76a54fde0d36b3b106d8e9e24ed3f788a043,vlsida_openram
4777,f05865b307319f9c7c5bdacf5442d9cbdac50cce,vlsida_openram
4778,f08da6acc5e298485660de3c723c0bd0796e3811,vlsida_openram
4779,f0958b0b118a6181705bd97dc18098f345e8719a,vlsida_openram
4780,f098b995f06fe4472db591e98fe61a969cc5860a,vlsida_openram
4781,f0a46659533f55502fcc8344449b9fce9db85370,vlsida_openram
4782,f0ab155172580d12ca30218c8456d48284fb23ae,vlsida_openram
4783,f0cca8293cb9b436833c8dffec1395212c26e04f,vlsida_openram
4784,f0de8d9c8f32bcbf0881aa841d756ba46cbf5e37,vlsida_openram
4785,f0ecf385e883420ddea567543f308de041e9a4c0,vlsida_openram
4786,f0f2c26e8d49c95d601cf37cdd761332a1149f19,vlsida_openram
4787,f0f811bad9d70e4fcd8aadc502aa401e8690f712,vlsida_openram
4788,f1022d0cb0fdd11dd8337c73377577b9fc490def,vlsida_openram
4789,f105c9ab3608a2b891d63a7c4ac89abb28fb418f,vlsida_openram
4790,f11afaa63d057f43a2e24d9cc944c3a954a34ca8,vlsida_openram
4791,f123a3ca40ef8902464cc9550c42fd9e57209bf1,vlsida_openram
4792,f13c8eae8d87a7039026fa3ef7346cebc8fcde9a,vlsida_openram
4793,f1560375fc95ec1981060ff89251cbd8a719554f,vlsida_openram
4794,f16a40af02c3a5e1f18856ea1e8a33ff2b1f5d4e,vlsida_openram
4795,f17ae837ff8ef79c2c25733ee66f39e86338877a,vlsida_openram
4796,f17d661e3ac6c1b19bef84f5a61116f7e6745ecd,vlsida_openram
4797,f1925420cffd2336cc06ac843face6f5e6b28bc1,vlsida_openram
4798,f19bcace62b1dd8ce2078ac81c9bdc49adce5765,vlsida_openram
4799,f1b7b91b1a4958a90b198fce69cd7f21aa9f7ea7,vlsida_openram
4800,f1c1adc9bd0aeac481d8cf011ad018971b469c6e,vlsida_openram
4801,f1c74d6bfb6e9a800f820c9bf50b8f73d080a017,vlsida_openram
4802,f1d91efebdc55002ba7aaf7df97b799abe33eeb7,vlsida_openram
4803,f1e452c8e3c1205cbcc471d8dedb21725eb80db2,vlsida_openram
4804,f1f18b3b54b91cead43e2ab439790f54e4698349,vlsida_openram
4805,f1f4453d14abd3da05f7aad5111ba6c097de71be,vlsida_openram
4806,f1f6a1a520f75aabb64afc45dd6ff7d25632753d,vlsida_openram
4807,f1fb174b530d9fd19b2346389fe30700773651b4,vlsida_openram
4808,f20246abdc50affbe0d071c52b784fa9f3703f60,vlsida_openram
4809,f21791a904ee2ca16fb0e5db4f4a6a4757d4d874,vlsida_openram
4810,f21ff38cae6babd09c0d95f3d7baf84baa513a32,vlsida_openram
4811,f2235c2457cf01fa566ca365feaad4621abbc15f,vlsida_openram
4812,f2313d0c739e058d4888ccef3009976b7007f913,vlsida_openram
4813,f234e43241efe51e65c1d20e0303e6c123bbb44f,vlsida_openram
4814,f23d2e36a798685c3d0795f6c4c711da0229afd7,vlsida_openram
4815,f23fe078939a7bd5e7a33f311a48f5540f6bea46,vlsida_openram
4816,f246e5a521f53af8b2c208a1b6f267a50fc41454,vlsida_openram
4817,f2568fec8000b69190cf8a88bc943d179cbd6684,vlsida_openram
4818,f25b6ffa61c3e53106da3316bd83bc9ce2df6719,vlsida_openram
4819,f25dcf1b6372670f88c7129a564b3959c31a7e4f,vlsida_openram
4820,f2815108287148ee80413eebebd54b299bd0a9fe,vlsida_openram
4821,f2882782e7ce64fc6c39630f210a2916afa23063,vlsida_openram
4822,f29631695c5fca1bef3a12f92ca215e439fdcbd3,vlsida_openram
4823,f2c45a230ed929e1d08b7e9fee5c020490a44fe3,vlsida_openram
4824,f2cd611cb85e83c5bcfd2ff4b7398d0b7bcb1cba,vlsida_openram
4825,f2d4794cc6f6104657095e9ce1b170668d97ba65,vlsida_openram
4826,f3058cba26e394bf40b1e05e3640bcb003c8a675,vlsida_openram
4827,f30743aa7e0f0805a90ceff1c295095bb88b3b71,vlsida_openram
4828,f30d0b919784c39d13788f572fc01a405c03c405,vlsida_openram
4829,f30e54f33c53ea9570c8ea391e1c1f79390b4d35,vlsida_openram
4830,f31125645e912c9a497a30c8e881ff1689a6113e,vlsida_openram
4831,f320017b86b5f4858bf978519ba19c7909fc86b9,vlsida_openram
4832,f3286fb0c260af48138b305d44fe1528c59c5fc4,vlsida_openram
4833,f32912f07c5de640a2a9eb79e2f7601ec1498c62,vlsida_openram
4834,f34c4eb7dc63f2c2aea4c0ef8113463f508ead76,vlsida_openram
4835,f34cada82cbb2d226e28fdc4a553a78bb6fcdf65,vlsida_openram
4836,f35385f42ac6c440a618828b2459d6e73ef84e83,vlsida_openram
4837,f35848e4f8ea152618ab8b0b6e826c58fed546de,vlsida_openram
4838,f358de78bb714d11859d147b7e9dc3984adf4e61,vlsida_openram
4839,f3a1acb617beeb4674b74b7cce5da3c1f250df35,vlsida_openram
4840,f3ae29fe0b52b35b4d3cde00f30840f7e733fdec,vlsida_openram
4841,f3baf48c223652a7968144f8a6f496f58b52322d,vlsida_openram
4842,f3cca7eea0e2f2e209e590f147343524dcf2d8f4,vlsida_openram
4843,f3d1c6edc33757ab1cc1f2b3cf6c63a9a55433be,vlsida_openram
4844,f3d1f7d55b6a3a19b23b910d9fe7a8d22242ddde,vlsida_openram
4845,f3efb5fb5078c21858b877317492b164406cb86d,vlsida_openram
4846,f3f18022cdc5e84e56023ffbd21cd0e5d7437000,vlsida_openram
4847,f3f19aeeeb93e5e87f75056da9ba4ca539b140a3,vlsida_openram
4848,f3f2171f89e61d3df0639d73f186bff41ead2836,vlsida_openram
4849,f40e5f6dbae4a9b208c70bf77623b01f5063f60c,vlsida_openram
4850,f41537b5083298a30ebe1bde072734a411ac9ac5,vlsida_openram
4851,f428ff4bfd01e719a6ff9caeebf7f45678c3cb77,vlsida_openram
4852,f42c52509ebdc17e9b173e3bf8e8191f51a77790,vlsida_openram
4853,f4389bdd8f64044485a79fd4626bb322b64f7a0e,vlsida_openram
4854,f43d4cc98f4d37a0410778636239c3b13d07f0af,vlsida_openram
4855,f457091bba257873983fa72df0090a3ae88ecafc,vlsida_openram
4856,f4599b7121fddf7dd9e326074d196cde27eba171,vlsida_openram
4857,f45efe3db6b915e40c6ca537157bb417b8a6986c,vlsida_openram
4858,f48272bde6138945f262a11e754c6f85093edd0c,vlsida_openram
4859,f48b0b8f41bd48e0e7f9d2b1aead603e46f0c13a,vlsida_openram
4860,f491876a5a595a077cfbc07ee4e75e88160dab9c,vlsida_openram
4861,f49448d0a7b2a741108c81515c39fe8c9a8367fb,vlsida_openram
4862,f4a99be9d8f1cc84dd13a8df98d7343583987c5f,vlsida_openram
4863,f4e3ae924128a0ce68b3e3950901a40012172236,vlsida_openram
4864,f4e6a8895bb3e775fbc58f4ad1c4df6a047c308d,vlsida_openram
4865,f51e82e75af4cbda3117989ac086633b8334fe3d,vlsida_openram
4866,f542613d784663be871301d47d2cb04530ab29e5,vlsida_openram
4867,f55b57033d467d1b04b37a5229051ca78b83a547,vlsida_openram
4868,f56460bb9404cb46dc5981130bb89a5d5174999f,vlsida_openram
4869,f5714c71fcd5af58065945d85ea4b991858f6be1,vlsida_openram
4870,f572b83671d481982c74748d1bef1c85f2148a3d,vlsida_openram
4871,f57eeb88eb4af97bfb4a4f8aee46aba8f9fa533b,vlsida_openram
4872,f5804e1cbff61242de4eaf8c735ab0fc52aefff3,vlsida_openram
4873,f5855ee68a231b1fbfff84b6e63a8658440b135f,vlsida_openram
4874,f58fc6579fb8a80fd7cbce7ebdd7d42970b7fc14,vlsida_openram
4875,f590ecf83c2f1f318982a3152771e51cc9edef71,vlsida_openram
4876,f598a359d5dd3ff976d3dd3dfccf1cb8f08c64ac,vlsida_openram
4877,f5a9ab3b2ce4b7556c0928b665e70032a9a4cc83,vlsida_openram
4878,f5bc031d8315633c4ae58ec082b844a3b1d6a2a4,vlsida_openram
4879,f5c86f70a3843dd73ed2b65b27f038cefe61c5b3,vlsida_openram
4880,f5e68c5c325bc66b14da4cbbac379545cc3d8de3,vlsida_openram
4881,f5f27073be4c9a8276a6ca55d59856ad8e2a6cdf,vlsida_openram
4882,f5fcbc2a7cfe058a3c592ebb378cb6111a759df8,vlsida_openram
4883,f602c6b2639ca311da6e4d31c7577d93ef92b15f,vlsida_openram
4884,f6135f34711e755ab80c6a3891506a3fc8e380f0,vlsida_openram
4885,f61904e864165647a5178056950ee6e73ffdf12c,vlsida_openram
4886,f62016ad9fff6157c3a8e818a8403b95cbfec7f5,vlsida_openram
4887,f62ca94ad41ca87de04d7f998a111e68613b298a,vlsida_openram
4888,f6302caeac85bcaf8b332cdc007363d093d60f57,vlsida_openram
4889,f6410e037138fc19b04bd2bd491c9aebe89a7303,vlsida_openram
4890,f651b484c596de44052499738470728775033c6d,vlsida_openram
4891,f6587badadaed83aff9631d17b1b86b019ec054c,vlsida_openram
4892,f66aac3264598eeae31225c62b6a4af52412d407,vlsida_openram
4893,f677c8a88df6c5142d3e9156cf1b59f71a3313ca,vlsida_openram
4894,f68ee76bc747b8cf1b1d1553066704d634632e5f,vlsida_openram
4895,f690532563daaed178afbf4ce3523c2c98162393,vlsida_openram
4896,f6924b7cc2db131c7c471d95cc4fc73305e6a662,vlsida_openram
4897,f69f8de00060920e9716490d645479a838e5090e,vlsida_openram
4898,f6afef8d4afd20b250312c15476076974ddd252b,vlsida_openram
4899,f6c5f48b4c1cc0656b00719987f37e1c658887a7,vlsida_openram
4900,f6eefc1728042747ee658db591c9195a7af468f7,vlsida_openram
4901,f6f6242d68e0a43b9c65308921db1edf73ed9176,vlsida_openram
4902,f71cfe0d9d41c36c3739c49a27c239a26cac01b5,vlsida_openram
4903,f729e9fca7baab046d196bc8955764a9a917fc72,vlsida_openram
4904,f743b1f068efaac5f0c4279df61a3c00153a3aed,vlsida_openram
4905,f764ac446c509679c63a205bfbbb1eacae59dffc,vlsida_openram
4906,f7738c60a3e2fd5edbd70f1022d8fc7841b5dd9b,vlsida_openram
4907,f7915ec55e687adade51973fd22576563c2c3639,vlsida_openram
4908,f7a24aafb78224960eb98ea890f6cf08ac7f530e,vlsida_openram
4909,f7a2766c29299666a094e4fd2f493a6ff327ba64,vlsida_openram
4910,f7a3fb90f04e9723b31bcb299b9ca2ef304cfab7,vlsida_openram
4911,f7aed247fd89f4e2208c8ea45b3acb6d4d75f6cb,vlsida_openram
4912,f7c52930a1b41154724fccb4c9a91166102ff85b,vlsida_openram
4913,f7d1df6ca742b27fa209843698706fde513894fb,vlsida_openram
4914,f7d66b7d2c68aabccf2c6fc786f3b602172ed1ac,vlsida_openram
4915,f7e3672c891c7583cd5bc4155c404cd5de39ee03,vlsida_openram
4916,f7f318d72e699a9b4e9d13927e261374263cf1c9,vlsida_openram
4917,f7f61fee271c4bf78d1c9be4fb02087efef799a4,vlsida_openram
4918,f800b50813d84fb494d28551e8e97f7b65ed9aef,vlsida_openram
4919,f8146e3f699537516eae7981876bab7a1c422777,vlsida_openram
4920,f81c1ee4fca63f9cdc1b7e51b3dd68a092eae0b6,vlsida_openram
4921,f824d039c6a077122af92693fc2a2535185e67e4,vlsida_openram
4922,f82591dd6f6f20794d7c60cf3206c7c1982910dc,vlsida_openram
4923,f847721500005e18f13bb84d2a6e2b40144a145a,vlsida_openram
4924,f84dc3cadc2cc1158a4b458f5077a8136561c9eb,vlsida_openram
4925,f84ee04fa9e000da364024f557a757a9e947e8d6,vlsida_openram
4926,f8513da162a6d3cfedbb578aef7bb49774ea78ca,vlsida_openram
4927,f856a44376e1f1c83564b797c0a1950669853c29,vlsida_openram
4928,f865e661819879c80603108302eead7d5b972576,vlsida_openram
4929,f86985821afed8ad6b0b05a5f88dcd6a72ac46dd,vlsida_openram
4930,f86d1dbdf9e00bfd370ec3b5c571de6ec39ccb9a,vlsida_openram
4931,f879b252167478714019cbc7cf9b34b90e5d38a1,vlsida_openram
4932,f87b427f760b9e68ff73d4799f502e8b2a9f8884,vlsida_openram
4933,f87c72fe77358394769326381af3c2fcdf088979,vlsida_openram
4934,f894ef47afffdd84ee4ebd340e25cc3853d58970,vlsida_openram
4935,f895937f02296e50d06d506b1b46d86f878648bc,vlsida_openram
4936,f8b2c1e9b9aa490175ce39208027ed82017e756d,vlsida_openram
4937,f8bcc543385ff8da82cf2d04c477714bcb8fc85e,vlsida_openram
4938,f8c80999bd910cc7f23f73643116d478df8d9b60,vlsida_openram
4939,f8e761313aa1f20a195b527401182323e07aee9f,vlsida_openram
4940,f8f3f16b1f975c5a5d254b2e5a2c40d071fd7573,vlsida_openram
4941,f8fc7c12b3a026b079345685217b3afc39402eb1,vlsida_openram
4942,f914ab0eceaf45006ea7bdad6a9e766b7b459d76,vlsida_openram
4943,f9240f8b04d3fb0ad130100990df458c0ed630e6,vlsida_openram
4944,f9419e8ff796d70c888237c41e43aa87701f4aea,vlsida_openram
4945,f95ff3c694006dbf306e77ef4dee3f6ed2b1bfde,vlsida_openram
4946,f971a83e687662b59da8831428b9b235ac090f05,vlsida_openram
4947,f9738253c67db1e28fafde418696d5454cf09197,vlsida_openram
4948,f973dd6a5cbc0d7d28df9b1640471909ec8ba0a2,vlsida_openram
4949,f9787eb878f25d6cdf257609e1113d61e0d677c2,vlsida_openram
4950,f97ae723f0275b988992165ea778bd9e4f5188e5,vlsida_openram
4951,f98155fc0b6019dc61b73b59ca2a9d52245bb41c,vlsida_openram
4952,f98368f76606bc75edfb31756a24816c241a7efa,vlsida_openram
4953,f98fbb175b571520fb277a71df3022774ac21e73,vlsida_openram
4954,f9916f9f43a060e620f924e6535e96df284ce91c,vlsida_openram
4955,f9a66e86b4103182e0b3df528d4bcc8ace5b6763,vlsida_openram
4956,f9babcf6667aafda662c51447b2a83b9a42ab9ea,vlsida_openram
4957,f9bec36da53b8cac389f9157e87bc7b9b5616149,vlsida_openram
4958,f9eae3fb809d4a00ed2fb54b0a5a3105ffceddb2,vlsida_openram
4959,fa17d5e7f355d6d931a8ee6fd766faa4b76572e9,vlsida_openram
4960,fa1b2fc96e0225c07a2a0367b8b9b8d983f8d6b3,vlsida_openram
4961,fa2232fc1183e4b1380e27e6c715bb2c17416cea,vlsida_openram
4962,fa272be3bdfef4d68aab728fc93964f46290028b,vlsida_openram
4963,fa27d647d2ad2cae92d1bbbac197426a89e6d4bb,vlsida_openram
4964,fa3bf2915a839ea98db6fb5d5bebfb3a0a4c8e06,vlsida_openram
4965,fa4dd8881c87a5f89c07ac967bf664374b4403c0,vlsida_openram
4966,fa4f98b122ba26f121915023fc0e38a3d31b26f2,vlsida_openram
4967,fa5296e621d02e9cd264de806102bd2bdf499a3e,vlsida_openram
4968,fa59b3d33dd692dcfb8b4073f6ae10bd4603387b,vlsida_openram
4969,fa5de05be33692e4c000baf7eaf7a2fb3790c3e6,vlsida_openram
4970,fa74a45d8c5d8d032207838a745ab2a378858253,vlsida_openram
4971,fa8434e5f0037acd5bffc291a6cf7cf929bf879e,vlsida_openram
4972,fa89b73ef84dedc5b95cb2ce5497fbd1b7da9c22,vlsida_openram
4973,fa89e11f956444fbcc7e03c5e9a82797bfdbf715,vlsida_openram
4974,fa979e2d344181d791ad0241383ec0e61dd81ab5,vlsida_openram
4975,fab963701b8eb5fd1443fc8a16c18f2150314bf1,vlsida_openram
4976,fac9ff9be632ccd9118d771b825aa89a114ef0d3,vlsida_openram
4977,fae2b8ddb9e6e511e0b0f60982749e18c31340a9,vlsida_openram
4978,fae72ca993ca55fe1198f3cceab6bea8684cc7d7,vlsida_openram
4979,fb0355ebaf47a50f1118a3d1f1b1c8117fc7d6c7,vlsida_openram
4980,fb0b285652b91d1c3264080ab0ffa1559edcfe69,vlsida_openram
4981,fb0de710ec5051ec6adc34e392132a7175188096,vlsida_openram
4982,fb17abb16c6111d7ce5ccb234114669851925f28,vlsida_openram
4983,fb2572bd718ab0928f0cf326abda2bf6b063175d,vlsida_openram
4984,fb2ed1d46c3d3993acb2d1b995e1ff8191158967,vlsida_openram
4985,fb34338fdfc52c3ab0daeb6a5a559cee00372432,vlsida_openram
4986,fb3acae9087de2da778d2d032a962649e681cf79,vlsida_openram
4987,fb4cf0d4d15af2132104a56fee25a883ada49585,vlsida_openram
4988,fb60b51c7268ee1ddc8729a35deed950c38fa9b2,vlsida_openram
4989,fb66e37ac02b61dd4a0e6556ad0ce30fca0cce35,vlsida_openram
4990,fb6a665514bc38a4b1715d5aa9f06de78bf9308d,vlsida_openram
4991,fb7264bae27f5bb1cc8d5841df1e8195ac9eeebe,vlsida_openram
4992,fb7f92394b70517dcaac1d2ab1e015799a3aac74,vlsida_openram
4993,fb90b8f5fe28d4caed6430e908267151b058640a,vlsida_openram
4994,fb953c19e8d9586ccc0466ec9df9958ed46b62c0,vlsida_openram
4995,fb9956fe96835bd6bee88b7216f5870fcf1edb93,vlsida_openram
4996,fbb2ea5fb697c1ef9fd604c2a1c9be3b871e37a8,vlsida_openram
4997,fbc2d772be14916cbb3da67bcf49f6e183ae59db,vlsida_openram
4998,fbc6dfdaac3688f3a18283646bd3f1e961a45dcd,vlsida_openram
4999,fbcce407bdd16e5d90fad4a4e94840e9595f278f,vlsida_openram
5000,fbe3032246885783caa68d7823224489583b1da8,vlsida_openram
5001,fbecb9bc022d52a81c8484396d024e7638157032,vlsida_openram
5002,fbed738b4af5ed0653d3464afedde9c9d48141f4,vlsida_openram
5003,fc0516460d0c1ab6c9713c3b077ba8007845fb96,vlsida_openram
5004,fc0fe91bb49633f4cad7a442f85e9bbe307c28fe,vlsida_openram
5005,fc12ea24e9292d1d94432bd656d91d6440d266ff,vlsida_openram
5006,fc17a1ff450a00e5f50d2c5f358ef18b2d80636f,vlsida_openram
5007,fc1a9a9a2bcf7b41a63868eec9c09f9f2aa53050,vlsida_openram
5008,fc1cba099ca5ab1b1ac5966383ee06b37f4dc8fb,vlsida_openram
5009,fc294cb282b85e756ef1587e6ffd9c2e3ae8691c,vlsida_openram
5010,fc37bf685991b9c9281b6d2fba6376ab0afc5231,vlsida_openram
5011,fc441fe568998cddb5473459cd773716715cdfc1,vlsida_openram
5012,fc45242ccbc2e7d164914ec114623c13b8ba6f1b,vlsida_openram
5013,fc4685c7f70214c6601ff0d44b328f47de4ced1b,vlsida_openram
5014,fc55cd194d1699f913f8e5992282bc8e6e1c3b30,vlsida_openram
5015,fc5f1638287988c98b4ad78f2dd6156f35daab4c,vlsida_openram
5016,fc6e6e1ec7f430871126b13520d856d4d52a418b,vlsida_openram
5017,fc85dfe29fd27b02b19a3c6d37631297abf6bf5b,vlsida_openram
5018,fc8ea972540935f2fc40c0a15d3865c2593aca52,vlsida_openram
5019,fc91c0da23cf7ce5f6a7b2600e2dd79ace50cb0f,vlsida_openram
5020,fcacd46866ed2ed9350f9306637878a9a227f236,vlsida_openram
5021,fcb7f42e487ecc4c5930cbf3c2d606870854c3e1,vlsida_openram
5022,fcc4a75295f77ceb5468cb2a6f5574e479e48a55,vlsida_openram
5023,fcc533ec11fdc73b8e62941fec60c8f0579bf8d2,vlsida_openram
5024,fccdc3c45b5e551a76c8edff72a3bb7e9d816295,vlsida_openram
5025,fce8e878b9ac55d57865ef2e7a4883f901d3daf4,vlsida_openram
5026,fcfb9391f67f446175d991376aaa2947cc73001c,vlsida_openram
5027,fcfee649d5a9adc212780eac465bb61e0eb94e4b,vlsida_openram
5028,fd118c62e5c17f59ef00abd9b831d2f8800c3c85,vlsida_openram
5029,fd470ea4a9d706f53416d40c82163fd02305ffc1,vlsida_openram
5030,fd49d3ed6ae263d873fabbaeae3e2dd935367a56,vlsida_openram
5031,fd5cd675ac18fb7b01ea09f5476f08c1c88c0ec3,vlsida_openram
5032,fd748b4fe421f46b57fdd5b4f0a8800208075911,vlsida_openram
5033,fd7a7c2564466becfe8234a832145d52e18d2787,vlsida_openram
5034,fd7af7fc259fdf932b0c5d3c070f7b85b0beb886,vlsida_openram
5035,fd806077d2b32f94c2efc8745eb4442bd68b789d,vlsida_openram
5036,fd9ffe30d6dc4ab47cee0f50a7cc7247efa35435,vlsida_openram
5037,fdba1f4d7bf195e4e0b197f3e22de132e0eb7391,vlsida_openram
5038,fde8794282729e0fe7de6844e47571baa13d6821,vlsida_openram
5039,fdf51c5a00ca61f8601ae344ee7997be8bd2a5a6,vlsida_openram
5040,fdf92d0da1fdcc88b8c0119600e80aed8ad534b5,vlsida_openram
5041,fe077a453a2507229d017b01ac9db644d4d51a2a,vlsida_openram
5042,fe077e79d5f6a54f70a85b65ae024210e1575fec,vlsida_openram
5043,fe0826d07c7998b745df9c877b50e72887ee6c17,vlsida_openram
5044,fe0cfac6c822d0ffa01500036af40095369cba6d,vlsida_openram
5045,fe0db68965b76e6e778bbaac08060cd37dc9a455,vlsida_openram
5046,fe196c23a991602cdcf8685e3effb8fe38dd8e0f,vlsida_openram
5047,fe374f91fa1a5d3f47e7e7f3030cee9ae11a7a86,vlsida_openram
5048,fe379297be81b2b444fd8fdae452aeadee7f17ab,vlsida_openram
5049,fe65a2043143ddc5bb17ee5673474b83cb2f2dc2,vlsida_openram
5050,fe81bbfd7ee8ea043bf3b1c3aab1a74af906db7f,vlsida_openram
5051,fea304eac1973ca0981c28a41a9dcd5ea9b0d627,vlsida_openram
5052,febc0535876b0ec481626b010398fc1ebc12721b,vlsida_openram
5053,febf7031b1ae3a3d41bcbc1c484a793fd13ac123,vlsida_openram
5054,fecf3b200937b258a8b45d5f005580fadb5052a3,vlsida_openram
5055,fed1c0bbe10c43425bae1dd46c16775c1714e1e3,vlsida_openram
5056,fede082b807004867f59ff9a53253d13680f6353,vlsida_openram
5057,fee90283b9e72d4f4bf5a7bffde5fec94eb946d4,vlsida_openram
5058,fef708cffd24ac5d10dde04bce17dc8d25b02191,vlsida_openram
5059,fef9902c451f6e0ddd1f3fda1e614bcc734d022b,vlsida_openram
5060,ff0925459052ad11e2a51d60259eaa936c20f196,vlsida_openram
5061,ff0a7851b79cc5297ccfb2c89376019f0c4025fe,vlsida_openram
5062,ff169fcb2b99dd5ff4b7ce2aaab982d3c773fec1,vlsida_openram
5063,ff319908312b13873d897559c76d8a43ab306668,vlsida_openram
5064,ff442c119a99463947a3bc5e3ede397fd4605726,vlsida_openram
5065,ff464601f301c3d1b9be324a094adedcd1dc32ef,vlsida_openram
5066,ff471740ede6cb30b3e2c3e06722bc8492a7733a,vlsida_openram
5067,ff64e7663e46b856f5950bb012ee4271a8a5ca54,vlsida_openram
5068,ff67e772fa86e5054127c70b4a486f614546d36f,vlsida_openram
5069,ff7ceaf92df9bd3083e9b16735b6e34864d7f98f,vlsida_openram
5070,ffc866ef78ee0d76b106401bd75667f7ff89dccc,vlsida_openram
5071,ffcf58100ef6a1e33b82205c78312c9b3707cd43,vlsida_openram
5072,ffcf762784c399a1dd34b7517ce9aaddceb1c2e2,vlsida_openram
5073,ffe59bdf51b28ac7ca0a80313d5cc61ddb25a39d,vlsida_openram
0,000246a42b4df7f7f0bb885ff8ba7f4202ffaf9c,kaczmarj_neurodocker
1,0015d1873b76a826a077c15c869d3586aa64c31d,kaczmarj_neurodocker
2,005b40024d38e3927b417babdd0594a3a5371c0c,kaczmarj_neurodocker
3,0070157afca32afb273a0e813789c608a8a23843,kaczmarj_neurodocker
4,007a4974e43d4eb96291d4e7f53b69a308fb7690,kaczmarj_neurodocker
5,009fb8f621490019442c27f288805e9c450cc429,kaczmarj_neurodocker
6,00b2b64a124fa022ee6b7add4f3c9860020abac4,kaczmarj_neurodocker
7,00b38f819203a717592f7e44c3aa8505eb0ab5de,kaczmarj_neurodocker
8,00c665ad7d10bd6ab02b5cff90acdec028981185,kaczmarj_neurodocker
9,010b38e25fa1dcf92a16f7c1a56295c258bc2284,kaczmarj_neurodocker
10,01138075bfeda6c0560ef24dc2525448c0d42f63,kaczmarj_neurodocker
11,01141283509018b7a837c23bc172cddde92aa97a,kaczmarj_neurodocker
12,011a8ba3f3980c41c3e9c8de48c7ff1ee90d7ee0,kaczmarj_neurodocker
13,0120dacefafd34822dbc4409f86fc85b32759353,kaczmarj_neurodocker
14,0123c86db01ed5214387110ddc8ebd330a8e3ce3,kaczmarj_neurodocker
15,01339de5a259fb144998b0807a875b4b93202b89,kaczmarj_neurodocker
16,0138410d945c593f2d4dcb905edf83924f272187,kaczmarj_neurodocker
17,0143fa282b4af0e427c5842a4f131cd340eb0f57,kaczmarj_neurodocker
18,014d945ffb22f9d6149c626d174e696feb376783,kaczmarj_neurodocker
19,0179edaf9656a143078428c7de436c1d7f26834f,kaczmarj_neurodocker
20,019a3b7934cea4a44bd9ffd09e8d8bfc1aa3d476,kaczmarj_neurodocker
21,01a87cf6c65580a0f551d6586976def519a77e8f,kaczmarj_neurodocker
22,01b279a1e6c0568a20c2962bafba546cf34b9c94,kaczmarj_neurodocker
23,01cdd22e8f0a43a110492dd5928deb043640d555,kaczmarj_neurodocker
24,01d060f66b71dee7331c64e198890524b57e6b72,kaczmarj_neurodocker
25,01d14269a7a4ffdc5e1916cdbce90cfa46b73c1a,kaczmarj_neurodocker
26,01fd95aac196c8c38caead72e460f531e4bced9a,kaczmarj_neurodocker
27,02181b0cdc5549d56ba2cfa7cea002717766028c,kaczmarj_neurodocker
28,02ce6c87c3392fbbca1f5b868908d98d92cc0929,kaczmarj_neurodocker
29,030e44b969e2faa7d39fefba45dfe605f07d7137,kaczmarj_neurodocker
30,033b0e0d223ec4df102d23ed9809b240de120d96,kaczmarj_neurodocker
31,0340c450b42db430c86c2deff006ebb6741886c8,kaczmarj_neurodocker
32,03772312874944a99d6a0e49db74f2b453af9cf3,kaczmarj_neurodocker
33,038719ee9ed523e647d32b4c9c91677773fb545c,kaczmarj_neurodocker
34,03877b7e2d0667ff43e8d99c11d814d4513794b0,kaczmarj_neurodocker
35,038adddfeb20ea046fbf478643c4664253ad1c8b,kaczmarj_neurodocker
36,038e36907cd2217cf2f4e9c1c2eb1b263bf50489,kaczmarj_neurodocker
37,038f45101ff4cf2de63a98045c54b07132d4a336,kaczmarj_neurodocker
38,0391cd8432d401727abfe1355fbf55fdfd308a63,kaczmarj_neurodocker
39,0396a19ea04929c93fbfb5f6f999cc5cb4e684e2,kaczmarj_neurodocker
40,03a1684cce66b95b4954b7047e49959b777331db,kaczmarj_neurodocker
41,03a627cb3fd7bc0d335de9dcef63e4794d9ae738,kaczmarj_neurodocker
42,03c778262dc5d1fed88e90c69b0bad331cd8e9dd,kaczmarj_neurodocker
43,040ab92fde439fae9aef047c8d5c06d56e8875c2,kaczmarj_neurodocker
44,040fd2e6032cfdf0ff239eedb145e52349f06cae,kaczmarj_neurodocker
45,0414fa08ec584b42afbd8e227a07eaf823c837f2,kaczmarj_neurodocker
46,04182c6ed4b82a9e7877767ed1ee6729f7767ea7,kaczmarj_neurodocker
47,043ce95029103b8ec66d72aa00f6e66e5defbc4d,kaczmarj_neurodocker
48,04589008bdb2870b889269c6cac8b60c5291ee67,kaczmarj_neurodocker
49,04c370da44572abe53b1818d3a45f3dbeb2c8bc7,kaczmarj_neurodocker
50,04d1a8a1fc0fd71adc01ebef7abfb06e6779712a,kaczmarj_neurodocker
51,04dc4666cfaaa6c0991c8ed7d6facd6da65aada8,kaczmarj_neurodocker
52,052b6204196e9c13ddd1a2f784c2c87279eb7b1e,kaczmarj_neurodocker
53,053acd5f2458068cff46f3ffa92a5e3601c95811,kaczmarj_neurodocker
54,055d3c52cb889ffc45ebecf66438d28984451752,kaczmarj_neurodocker
55,05701e1dcc539ec5b5ca3f7b97e2a4014498a94b,kaczmarj_neurodocker
56,05726dd49681cbd8f476cd0d3c2abb255b089b96,kaczmarj_neurodocker
57,0572ee0676db12b841d9143eebf855ca5537361e,kaczmarj_neurodocker
58,057f218e64a9525fbea3169e351222462ad99b54,kaczmarj_neurodocker
59,0595e3ddff79d6a25ba26df74db7f7c61c01b924,kaczmarj_neurodocker
60,05a333663dc7f5b976e2bc9ff49052b394c6e7c4,kaczmarj_neurodocker
61,05ca90e96310b9b5c611828207bf7c85812175fe,kaczmarj_neurodocker
62,05e92117f771b6624a3c157796e5f495f1a9c516,kaczmarj_neurodocker
63,060d5c4a37596e241a954dd3579a960d49ee19d3,kaczmarj_neurodocker
64,06ba8cb4f3916fb963ffb746f73b9b7d7f9075b4,kaczmarj_neurodocker
65,06fb4835f42d7e1f97f3bd4bcf5671d50b45d106,kaczmarj_neurodocker
66,0719d729f500f5025ceffdb7b62d9ff5d5d4a8dc,kaczmarj_neurodocker
67,071f4800b974c7da142bf98a1475b388d5970526,kaczmarj_neurodocker
68,073a69f2797035aef5a2f058a87616c569d46cf3,kaczmarj_neurodocker
69,0755e1f6aff79a52b496a4b6cc3cf22e626a961e,kaczmarj_neurodocker
70,0771b6084832abc78d52c56d60858504d6ff0df0,kaczmarj_neurodocker
71,07a56a2bc4fa8fa291c6e46bcf16890014df046a,kaczmarj_neurodocker
72,07ab0d7d588f183fd9ef9ea7812bcb96799d4752,kaczmarj_neurodocker
73,07b38bdbcdf588c541c38e8a872d2f69435c75e1,kaczmarj_neurodocker
74,07d9d78b96e38dffbfac14b7e8c1b7263e0f1e5e,kaczmarj_neurodocker
75,07f975db066363f8c39ec844d3490996066a4878,kaczmarj_neurodocker
76,08033604876745117f59a2364c4eee479bd17270,kaczmarj_neurodocker
77,080f7edb1925ab961cf5351d2c958b28c2bd2443,kaczmarj_neurodocker
78,08270d040cbbf09b45ff6d5eb3dc371f48e5ab1c,kaczmarj_neurodocker
79,083bbd01fa3f2c45bfbeef8cd7b82f225a6a5d4e,kaczmarj_neurodocker
80,0840480e44ebb8b8083fed8276ea4e4bb5f7796b,kaczmarj_neurodocker
81,0852aa9328cf3fe2b975581f4e67357fc2c68f06,kaczmarj_neurodocker
82,0887137a368e9ea45e5a40e7ca0b95f2c5cb9522,kaczmarj_neurodocker
83,0891b7ffbbefa3dae56bfc26ba75a92dd537995c,kaczmarj_neurodocker
84,08be4495cfc674336b8bfde9bc320c5ab25ae364,kaczmarj_neurodocker
85,08cc63cafb544e61b6a6de9ca5b024244b4a95a0,kaczmarj_neurodocker
86,08deeec5fbf7cb81dc19a476ada5ab57cf032f54,kaczmarj_neurodocker
87,0916305883ba71248b3a412459993b65a4c14606,kaczmarj_neurodocker
88,0935473890b4c4f25e47e815eab6b1ff55d95991,kaczmarj_neurodocker
89,096c988126979a18018917e61bb6b6c618f8608d,kaczmarj_neurodocker
90,097ab7cf87a2f3d6982abba6cbd5cba33bde249c,kaczmarj_neurodocker
91,09a9755174c5d778abbbf4ad64fce1388134eb98,kaczmarj_neurodocker
92,09c3e6a8e575f76bc1c32eccbb8f561b2cf1a617,kaczmarj_neurodocker
93,09e2c68258364800044fefc733212f0f7e536819,kaczmarj_neurodocker
94,0a544b9fb7c32a4a3a50acb2816c452b98a76cbc,kaczmarj_neurodocker
95,0a5a04f39fa6e683c5018e75f9666152df0d7ac2,kaczmarj_neurodocker
96,0a7024bc9213be2ba5a9f96e1ad7eb9b4427a71f,kaczmarj_neurodocker
97,0a816d42e0074f8b9fef4d930fbc439a6fa394c5,kaczmarj_neurodocker
98,0a8311c5fbca8f6edb640e1edb906fa44bd3688b,kaczmarj_neurodocker
99,0add95370172fe50325254dfdbbdd511147c4444,kaczmarj_neurodocker
100,0b0d2c056ea1cf583f44c5f84a5185981ff2ac7a,kaczmarj_neurodocker
101,0b11009ee5620c7332bb5a9324a72b31f2e656c4,kaczmarj_neurodocker
102,0b113eda7e73c22af5810aea23fa2227610ff50b,kaczmarj_neurodocker
103,0b1a0a7b9153ac4702c1c0d5dd7b295e3a0add09,kaczmarj_neurodocker
104,0b25a63cd3f36c97810e5fcf44c180f58b4716b8,kaczmarj_neurodocker
105,0b2788397ecd4e3e9ff062a0e865300913676413,kaczmarj_neurodocker
106,0b3eb83c0ac284f3343162d2b27400df5d7a08fe,kaczmarj_neurodocker
107,0b51098932e48e6ab7affaff89ed91506b316e40,kaczmarj_neurodocker
108,0b56acd17a5624d6cca0cf971143643bac2e784e,kaczmarj_neurodocker
109,0b7f68cbf56017a68a29f3f62d223b82cc99641c,kaczmarj_neurodocker
110,0b8d789135197a94476d5f8919c69b4b0c6691d6,kaczmarj_neurodocker
111,0b97fa00fc627d1729c92380673a6176eb0c3402,kaczmarj_neurodocker
112,0ba41d609eb5c789307e03f9d2b6d70d84544348,kaczmarj_neurodocker
113,0ba896d1fe8510b986e1afc153865e882cab487f,kaczmarj_neurodocker
114,0bb5864dabaac7531f58c09ee6918de30956f6ee,kaczmarj_neurodocker
115,0bdf8aa606dcedaaeafcb6af356f4dbd1294db16,kaczmarj_neurodocker
116,0bebb0424808a8efd579d8c164b8bea8862497bd,kaczmarj_neurodocker
117,0bfb349462ad08709a06d821bcfa4bf681f0e493,kaczmarj_neurodocker
118,0c124fdc5eeefa4ce015c5dde532be17a3b72f69,kaczmarj_neurodocker
119,0c3ba86bd61e3e515d7b8ea443d3c63085b355e4,kaczmarj_neurodocker
120,0c56702d91d760d753f363dc3471d48b3a6c6e7f,kaczmarj_neurodocker
121,0c98574ba383a309d777d78cfa766df44d2fc1bc,kaczmarj_neurodocker
122,0c995fbcf3e83460cd0d794ef4ac51e6307fe16e,kaczmarj_neurodocker
123,0c9edced68e5f1bab57a1a726b6f593025ee25c1,kaczmarj_neurodocker
124,0cb60022e84e3e9a2747ca902ee1c190dc4077d8,kaczmarj_neurodocker
125,0ce946105544ac98bb8dbc84892548b60b62b274,kaczmarj_neurodocker
126,0d0b807dbe17c7fc05441c1f72dec3d0c060dbcf,kaczmarj_neurodocker
127,0d29052ad8c26e6a48c44d359fc5cb106efa0b60,kaczmarj_neurodocker
128,0d3eb871edc4f1239a11c88c8a976d212b6c65f8,kaczmarj_neurodocker
129,0d4b4c07d9f4a769be64f20951dc7503ed009ee4,kaczmarj_neurodocker
130,0d5df23b7cabb2fd90f9b22a4cbde1c8e5285f36,kaczmarj_neurodocker
131,0d62d0a13672c5f6e78981afaa203f5c2dda9086,kaczmarj_neurodocker
132,0d71f0b2e5f24910fea92896d8098d73741b184b,kaczmarj_neurodocker
133,0da4feb614b3244487a660ea29845b3ae0fa308b,kaczmarj_neurodocker
134,0ddb8c8194f9707356a20263f4cc52276125175c,kaczmarj_neurodocker
135,0de0a7cee75211fe0912693ce8ae23e92d98974a,kaczmarj_neurodocker
136,0e05d789b2aab916ce7f057f8a0baa0c710dc04d,kaczmarj_neurodocker
137,0e161167e9234ad7985a77d793bcb745b4fad2e6,kaczmarj_neurodocker
138,0e2fbe7d100cabf8cf7ba7634ee2937b52abdb1d,kaczmarj_neurodocker
139,0e33b281e60424332c3ef4e611f7771d07695945,kaczmarj_neurodocker
140,0e5dcf95df8819d3bc078e0b1a8be71dde38d549,kaczmarj_neurodocker
141,0e93fb614dfe88868a196daf655cc1929e51f9e9,kaczmarj_neurodocker
142,0ea929f1f2065baa123cc626ddfe84fd1f9ca59e,kaczmarj_neurodocker
143,0ed981aa3266abc2fefa1f5c2d10f6f6bc009c00,kaczmarj_neurodocker
144,0ef15c05fa156b6210af8b45da08e5674ef33b64,kaczmarj_neurodocker
145,0efa8f08bbc150330875f435ca9f98c5aefaf66f,kaczmarj_neurodocker
146,0efb6e57ab704164012eead617b47297e2a06d50,kaczmarj_neurodocker
147,0f6fc2e1f150570ed1ef28232e5096677fe9c8a6,kaczmarj_neurodocker
148,0f71109e9ae377d84923e8b365c5201c949117cd,kaczmarj_neurodocker
149,0f7fcc6d3a53fd670cc2eaf567d8f452815ed46d,kaczmarj_neurodocker
150,0fb0fa47b755b74262a8723f90f3785c292546f1,kaczmarj_neurodocker
151,1021731bd53c17be4f9ec4d2946b7bbb8deda88b,kaczmarj_neurodocker
152,1038e35943b359fa00663f82c4d1afba374eaea1,kaczmarj_neurodocker
153,1054f2e6532aa0a5c571728644dd81107c6403fa,kaczmarj_neurodocker
154,105b922b34b831d4345ebfeed786c6c2fe26cc98,kaczmarj_neurodocker
155,106539f7fc28cf5f6c1a9a8f71404599f9b07874,kaczmarj_neurodocker
156,1070e6bb903cff228670cb22ebded7da121ac011,kaczmarj_neurodocker
157,10a81b56d1665b7bd380e19f3f8b1c0ec40a1056,kaczmarj_neurodocker
158,10c1b26a574a12895fc5538dc3e79ea05a7f17b8,kaczmarj_neurodocker
159,10ccca58364c5cf3458d195a91e81c9ac5ce8128,kaczmarj_neurodocker
160,1142857852d0c15d60df353937f992f735b8dd84,kaczmarj_neurodocker
161,11445173be7f230e2a9a04abc02271f013f271a8,kaczmarj_neurodocker
162,116a9d0dfac3cba67715672410ebf1b961a61bd4,kaczmarj_neurodocker
163,1188bba24a9adb54edd83b89e1a66c0f6779c23e,kaczmarj_neurodocker
164,119d7fecf476c4f75a4c8c6e29d608b4e08797d2,kaczmarj_neurodocker
165,11d2371a5297646730836c51b0701f88fd90a7e7,kaczmarj_neurodocker
166,11de3ee6e38f44415c6c363bd8f6208cc2549e98,kaczmarj_neurodocker
167,11e055cc6799f314790353db121f1f3a78184184,kaczmarj_neurodocker
168,11e4ae91b5f029408077356fc69786b7a931860d,kaczmarj_neurodocker
169,11e56e674dbac96257d872bd3344963b1b5c2162,kaczmarj_neurodocker
170,11f80f65be9749ce16292a8677788e81d5bee71b,kaczmarj_neurodocker
171,124bdff0fd579398bc2390c685502e765fe5da30,kaczmarj_neurodocker
172,1292a19ef2b59efee2366026a7ccfada43322979,kaczmarj_neurodocker
173,12a2b6f39cc8521a5e0f2c52d2e09b780d82bd4f,kaczmarj_neurodocker
174,12a78fcfc03bb2233d5966f63279b74aec58dfca,kaczmarj_neurodocker
175,12c5c39623a34102198f4e036c2b076cb28c4c8f,kaczmarj_neurodocker
176,12cb5436b869f2a4d0917499ca9dd8af3c6ea57c,kaczmarj_neurodocker
177,12d0f21e119ad595ccf2487b4edc788a6e032dc3,kaczmarj_neurodocker
178,12db9ddb1b233d5a3ab7a34a51de189114b39ce1,kaczmarj_neurodocker
179,13135b91ea6f1974ac9fbdd4e0b2c971b8af3e1f,kaczmarj_neurodocker
180,133ace62f6878d81dd0bb8b10d78772a05e718e0,kaczmarj_neurodocker
181,13676cb53de4f538eb311e9cfa930a8e36a26170,kaczmarj_neurodocker
182,139a245a545511413a4e93867221f277b6f695e7,kaczmarj_neurodocker
183,14262d672bcb76cc0f68537ad4cf2b6b00862f9a,kaczmarj_neurodocker
184,143d1ab13d12d6bbf8bcad68744e5647d3ba8169,kaczmarj_neurodocker
185,148a8c46fb00a999f4844f796ea2cddf969769b7,kaczmarj_neurodocker
186,148b822bb1fc173b1bd38bce50ca290aed03afa1,kaczmarj_neurodocker
187,14cd4e6b23102cb49776bbecacf1e87ea9516dda,kaczmarj_neurodocker
188,14ce98674a048ae3527930146f2770a5af7f02ab,kaczmarj_neurodocker
189,15007dffe69b031cc1eba7088c0d4935839ea70b,kaczmarj_neurodocker
190,15131fcc6bd90396b23e3bde8f553e2045d711f0,kaczmarj_neurodocker
191,15188abb83ed6b121ce6975e145f34631d094d5f,kaczmarj_neurodocker
192,154ba688e4ec139dbf1f6b29c19e4e9944d736ae,kaczmarj_neurodocker
193,155e57cbefa4d2d8a1d223e6941cd7800acb9555,kaczmarj_neurodocker
194,157626fd73071debf5fced1dd059fa1dad1f0235,kaczmarj_neurodocker
195,15c193f91e0cb0b1fc7dd6d3975ead8f0561b805,kaczmarj_neurodocker
196,15c53006d02758c9f78b7bc1f8d23ffc74baa76e,kaczmarj_neurodocker
197,160e0e3cf52839ccb2a31cbab2d49ff837380eb6,kaczmarj_neurodocker
198,164b2251fc2a6a2c9d8eb4cf86cabbc8f8bde692,kaczmarj_neurodocker
199,16795f8b9b84614d250ee2ba434e69d89ff75f42,kaczmarj_neurodocker
200,169160e777fbf4d6e2833dde84ef5cfab2411c59,kaczmarj_neurodocker
201,169d06ef54311c4854138acce689ea366f2feda4,kaczmarj_neurodocker
202,16a18027bbce0370453d65cf9c6ce83d3e0df642,kaczmarj_neurodocker
203,16a2378497644dd3b7e79d479d132f2a30da20cf,kaczmarj_neurodocker
204,16a534a1d9cc85417bb2ece4ad8f9a100a435209,kaczmarj_neurodocker
205,16b484db269d77f0e4e5642e1246a6bd96adc071,kaczmarj_neurodocker
206,171ff87aa52d635ed38bf403e8eff8219b61f467,kaczmarj_neurodocker
207,173aefd7e98cfa3a063097168855b35ace56e930,kaczmarj_neurodocker
208,17464932f21c1c29ef07669f0dc274da62d1cb14,kaczmarj_neurodocker
209,174b2cd58ba84526625859842e05d2f915705586,kaczmarj_neurodocker
210,176e258f1e52e4fcf3bd814858ae8669e54db09e,kaczmarj_neurodocker
211,17889179c54a9383f94d8fa9613b5f757bc14a46,kaczmarj_neurodocker
212,17a6a187394952d0f2d37047188460c17209e55e,kaczmarj_neurodocker
213,17db1319a0c6fd08d79ca2aa1db5f6f8764e67fe,kaczmarj_neurodocker
214,17e09f90bf59ff66e0f70202a6cf5704e238da53,kaczmarj_neurodocker
215,17f0b9331267847cab37c25aca406b4bab9d95a9,kaczmarj_neurodocker
216,17fd906820ab0c3625949ec4e8f32617b15ebea9,kaczmarj_neurodocker
217,1805439bf6553716f7e45ec36b7c5ad85180267d,kaczmarj_neurodocker
218,181035e9109c4a5f4cc8de086ad6896d7a8eb091,kaczmarj_neurodocker
219,18314a7b39f07f2bb0d11fd6d67e79c761f6c7e0,kaczmarj_neurodocker
220,18379cf2cf65ab6c8d280f143b0b9d9e042f101f,kaczmarj_neurodocker
221,1852640f0fa67fd9c04d006946f9a48cf0cced8a,kaczmarj_neurodocker
222,18a77161c6126f031935872bf84dd958f7e70ac2,kaczmarj_neurodocker
223,18aa59417507e47dcb434b6f0315ec34810e5eb7,kaczmarj_neurodocker
224,18abc87bac0f9c15cb64c76bcd19c8e528480849,kaczmarj_neurodocker
225,18b4fecd87c4ee02ee0d74eecdd54f97d32a05b2,kaczmarj_neurodocker
226,18c0299e7027b674f24125a8799c129fca22cc28,kaczmarj_neurodocker
227,18c7a8b153e740321ab2d28f24380b45a037d2b2,kaczmarj_neurodocker
228,18c9c4cfe868f32a403ddd5cc2fd2b92afd7f0c5,kaczmarj_neurodocker
229,18e04ecefcd68c350488dad3108bd727fa0672e9,kaczmarj_neurodocker
230,18e11394756cf65678a190b8b3df7e30e790e01b,kaczmarj_neurodocker
231,18fe870e1bb05b43bb92cfe55e72a2a55d65b85c,kaczmarj_neurodocker
232,19015c3e363ec263dfeea85026c2c9ee8b8906e7,kaczmarj_neurodocker
233,191732a94afa876df5f15b54b3363b1078b54ddb,kaczmarj_neurodocker
234,191a56c4f9b61721eae39ab777312ee66e846baf,kaczmarj_neurodocker
235,1927a7656b4290794125595e1d8943d6828adbf4,kaczmarj_neurodocker
236,19344928e4df96537a07fe9f13466eb37de3ab00,kaczmarj_neurodocker
237,193896712ddb0805411138d691aa7557c6b86fd4,kaczmarj_neurodocker
238,193e9866e9eae520a0da951207722ba8aca1219b,kaczmarj_neurodocker
239,1945b97e4178caca2991acd244abdab86d67efdc,kaczmarj_neurodocker
240,195b631c3dbcc1e8c464c55c6959f9563f81e317,kaczmarj_neurodocker
241,1975401f3d58231efc3d979cfd6d40bbbca965f7,kaczmarj_neurodocker
242,198bac0d72959c1198590762fdd74d0d34e5a7ff,kaczmarj_neurodocker
243,199e79bd88de7f11c8998fe975599b1e7a3f9f3d,kaczmarj_neurodocker
244,19ad3465eee81ad98a75cb2f097be1c4682f0172,kaczmarj_neurodocker
245,19b6a9446e511bbd2dcad962eca7210761570075,kaczmarj_neurodocker
246,19bc865653ab0e1117aa82bb6c7f9e3fd904fec3,kaczmarj_neurodocker
247,19c47bc212b7af8f1813756b954c82c964a35cb2,kaczmarj_neurodocker
248,19d46788407f571d636e358def0790f0335a902c,kaczmarj_neurodocker
249,19e4e3ad76c73ea5d9ee60ef17b6eccd86cebd77,kaczmarj_neurodocker
250,1a1c6f670c0da57387e38948db8bff317e1f746e,kaczmarj_neurodocker
251,1a32028cd142e75d2889fdaa91acb520dd24e254,kaczmarj_neurodocker
252,1a3b49dc6de71fedea503b1d922088d195c426c3,kaczmarj_neurodocker
253,1a3d388d9e6306ed50c1aca7c47786eeb4b2ea11,kaczmarj_neurodocker
254,1a430f5a73d7cea0672fce459a583715fce4385a,kaczmarj_neurodocker
255,1a71953bcb1f3165149466a26590364d9fbf837e,kaczmarj_neurodocker
256,1a87d273ef209c2895b61ac4177127d3b3f1462e,kaczmarj_neurodocker
257,1a9a30bc1e5596642e98aa67347aa2355c3c6fd5,kaczmarj_neurodocker
258,1a9aa0d3efb206889470eadf5198bae49892bd0f,kaczmarj_neurodocker
259,1abe02eaeabe36b88f9e14821484f15c80bfee68,kaczmarj_neurodocker
260,1b31f08db353fe94e2cb25112c5e4ea810ba43f2,kaczmarj_neurodocker
261,1bd3ac4e59302fcf7856bbfaf13d9c97a4c8ae8e,kaczmarj_neurodocker
262,1bd4b5d679e1383f5e5e6bca003a6e4e4e89c1f9,kaczmarj_neurodocker
263,1bdf467f744b94c1d7e9d78edc405e8cb4a50827,kaczmarj_neurodocker
264,1bfab9dd43fc52bfdea0943703ee530e3b0f98de,kaczmarj_neurodocker
265,1c12ac37e6ec7e7db8faecd6ea407b8179d7fb09,kaczmarj_neurodocker
266,1c16fdaa3470af51356bb3103010ad9b4c06bd95,kaczmarj_neurodocker
267,1c1baa18fd3d9fbf038aea39a8bf1682f1788100,kaczmarj_neurodocker
268,1c38f0f70a60b197c7deb1e5a7229706aa8924ba,kaczmarj_neurodocker
269,1ca787a2c63309f5b387fcb66c10123357d5865a,kaczmarj_neurodocker
270,1cfb3694ed81fb7e5da75d2e83e19da342222af8,kaczmarj_neurodocker
271,1d04db1037c4e05681d59f39e28f03e157d4f345,kaczmarj_neurodocker
272,1d0d2544ba6e32d7a1228f803f24c723aee4d379,kaczmarj_neurodocker
273,1d37f14a2f7d59f6ec6c36e02de877fd96606fdc,kaczmarj_neurodocker
274,1d5d1c421e26cba7030642f5b0a0dc77d1641373,kaczmarj_neurodocker
275,1d71eac4aad2eaa782f020b77bab8b402f779158,kaczmarj_neurodocker
276,1d7679344f1fb1ce70cbd495fb6c718e9975a996,kaczmarj_neurodocker
277,1d792329e6da3817f5d0ca1e150383da0e3a83e4,kaczmarj_neurodocker
278,1d79797fef32d3348f844b752f1d5f8bf978b935,kaczmarj_neurodocker
279,1d9e47f1f38a3c9f5bceeaa61639fe8de1c63984,kaczmarj_neurodocker
280,1db5e3bccb3262ceb3dfc2fc4a9df558ca63fab9,kaczmarj_neurodocker
281,1dc69e54a6ab064b3880d48e748bdd6b62ecdb4f,kaczmarj_neurodocker
282,1deaa2b52a8f653cc0fec17327e08fd6f2f39be4,kaczmarj_neurodocker
283,1e1ba7eca22082100147c9e21ab9d751b06966cb,kaczmarj_neurodocker
284,1e3107638dd88b14cae247700d54bc3bd85ad199,kaczmarj_neurodocker
285,1e67482b5e57329bcb42adefa493cf4dd917a9df,kaczmarj_neurodocker
286,1e7aed73d1eb70299219406d26b9b62dc9dfcaea,kaczmarj_neurodocker
287,1ea32de4fa11ea258f7541972a918d8422a19461,kaczmarj_neurodocker
288,1ec64227326e35ef87234792b78db957a48acf88,kaczmarj_neurodocker
289,1ee8df371aff7a19e804016bc0db55dff77ab6c4,kaczmarj_neurodocker
290,1eebbca7dba1d6921626f32fe8952be07fc4b075,kaczmarj_neurodocker
291,1eed895fcb801b2788e241587231413eb416af2e,kaczmarj_neurodocker
292,1f16a105d384e20ead9a4515888cd3c7e6e92cc6,kaczmarj_neurodocker
293,1f22f609205c48a77437b172a1cf5bf7c88c6f08,kaczmarj_neurodocker
294,1f4b161606d45678ccda1038d5f3cd764793508b,kaczmarj_neurodocker
295,1f556084e4658dcb96235fff615758a369dc9b90,kaczmarj_neurodocker
296,1f6df597edee69f440d114e253c1f9e6a8fea4f1,kaczmarj_neurodocker
297,1f9fd529bb005496f96f426c9347cb2d1cab59db,kaczmarj_neurodocker
298,1fa2cab2d088e8bae6ab8deab90f34009cadb457,kaczmarj_neurodocker
299,1fb75932744a205264d09b30485c74b9beea1746,kaczmarj_neurodocker
300,1fd938c6276c0f87bbb2c963e5eea572040e8a1a,kaczmarj_neurodocker
301,1fdc5fbb9521fc773f2e0099cf4eb149df6d5485,kaczmarj_neurodocker
302,1fe778f966950b3957bb2bbc9aecf3463f44f4c1,kaczmarj_neurodocker
303,201ae4a62cef281dda815aee3bb8adffac09885e,kaczmarj_neurodocker
304,202ac336f926e9e1f75184ec6baf133139213aa9,kaczmarj_neurodocker
305,2030b1f3680a168f280d4e11a0faf2381ea7f375,kaczmarj_neurodocker
306,2043579cc4cb04e854ed0cb9a224fa19867a4285,kaczmarj_neurodocker
307,2049b0828e02334caff590777c7ad40357c7b1c1,kaczmarj_neurodocker
308,207ae3a563580c1973fcfb87c9c5b416250f7c64,kaczmarj_neurodocker
309,209c0e1786af8bcc0ac6073072fbb724cc1406ab,kaczmarj_neurodocker
310,20b558ced473b5ebf8d16468fba5d250f98f2c83,kaczmarj_neurodocker
311,20c91cb7bac8f95eb5f27db2e65b2792e9ea9a83,kaczmarj_neurodocker
312,20e2f056622d22086258b6e7948767a34db9e586,kaczmarj_neurodocker
313,20e4622e0f91d87ff21af2f9bbae5ef213905963,kaczmarj_neurodocker
314,20f1247a35a3a14cd6ed205c89955417ed845c5e,kaczmarj_neurodocker
315,210b1ffe0fec73ef344f65e29534d0e437e758e6,kaczmarj_neurodocker
316,21222313c86b38c678e3893d6b79025273d5224f,kaczmarj_neurodocker
317,215d8652a60810cd6cddec8d6ce06720f201e797,kaczmarj_neurodocker
318,216af347c3d1f857e3ad3858d9b01eb0fe5e6449,kaczmarj_neurodocker
319,2177fe30a59007bf9344fb7648a7f5db73b3e96e,kaczmarj_neurodocker
320,21786ebd171de8b12d910e7146ca4624c3772683,kaczmarj_neurodocker
321,218697a6bb482fa1b8ebeb2b76608bf9c4ee6f4a,kaczmarj_neurodocker
322,21cb649555c65eafc808e627dea4fb5d1d69900f,kaczmarj_neurodocker
323,21da97d1d4e16afaa54ce528b75b6de332dbfdf2,kaczmarj_neurodocker
324,21e55b3c27dc1d554a97ad97bd1cd977ace264ec,kaczmarj_neurodocker
325,21fa66a57c9d279177e380f9304b1544874cf692,kaczmarj_neurodocker
326,2257c332e6dd6e65296f9f26c6f46f0a835e43ca,kaczmarj_neurodocker
327,225dfe30af442072b19c978e67b7e6f93f529ea0,kaczmarj_neurodocker
328,22666fd5d045faa8b07f12e113b9558d16893db5,kaczmarj_neurodocker
329,2279ab8797ece542a3369e8972a746dc2ccdaf8f,kaczmarj_neurodocker
330,227f0555a1e8b5cf8d77b554e1f30607293f7637,kaczmarj_neurodocker
331,228552e612a4ee8f552c1740535664bf052d30c6,kaczmarj_neurodocker
332,22971a9e453681ba434aae03bbf823b6aa52e349,kaczmarj_neurodocker
333,22c9d33a5053722d64cb3e8a4896866f86c9afce,kaczmarj_neurodocker
334,22ffb294eaa9f877ce9d0d7b04f83190fa67ef53,kaczmarj_neurodocker
335,2316725fd0998563dceb7112c3d3dcd4a234ad87,kaczmarj_neurodocker
336,2332bc3f111cdf3323695fb420452c9501b97ee8,kaczmarj_neurodocker
337,2355a0389a2bf09bc01591e58b440b0540d48603,kaczmarj_neurodocker
338,236a2223d9e6a32bd4640977045da0cdae9b071e,kaczmarj_neurodocker
339,236d4c099dfebb23ad7c6848a93f9cc8e5e9666d,kaczmarj_neurodocker
340,23c4757976b395e9ffea1c9114d812e7669b57f7,kaczmarj_neurodocker
341,23ca64e92cfa921f480566af6bd070a500b8e74d,kaczmarj_neurodocker
342,23f414dda460a432f9af00dc4cf45016d15a16ae,kaczmarj_neurodocker
343,2400a412b3355775d90dcdb6e1430665b20273b5,kaczmarj_neurodocker
344,24051e22006aa9a82edfca973a1e5f6d59082f19,kaczmarj_neurodocker
345,2419a9ed47193a7fde60c7eea55acb84ccb81fc2,kaczmarj_neurodocker
346,241ca350fa62481f06db542528b3a46188cc6583,kaczmarj_neurodocker
347,244e9135c7af110285b023a184b9b610f9838009,kaczmarj_neurodocker
348,246fadcfe469a2baa0131c68a111733499215e07,kaczmarj_neurodocker
349,2480e0276dd6506ae8101f6803a1ac2f128d48d2,kaczmarj_neurodocker
350,248a6a46ca8014d6d1ff0038220ee3cc3d760e27,kaczmarj_neurodocker
351,24940f66fd82dae6fce1c5ffe29919c813ed4b4a,kaczmarj_neurodocker
352,2499c6761a2924e582cefdf0156c7d01b3379800,kaczmarj_neurodocker
353,24c5eda815368ee0fe142a8808fc31816a0ea5e7,kaczmarj_neurodocker
354,24d84b149b02e349de49398438299f9a2a712dec,kaczmarj_neurodocker
355,24f10b42b920d3a0fac98e191d8ee1be667140a3,kaczmarj_neurodocker
356,24fe4ebe10d3436bfbd087d1f0ef292d327d20d4,kaczmarj_neurodocker
357,258f4f1ad7aaec703cbfd42a15186477ba54e2ae,kaczmarj_neurodocker
358,2595d0c8b330bbedd63db7c561f8b8949132b8c2,kaczmarj_neurodocker
359,25c719a9e4807cee119c65d9ea5db3ef5ba24cf3,kaczmarj_neurodocker
360,25d507c3b51c10b365c3c62357e194adcebfb463,kaczmarj_neurodocker
361,25d783df5a002b611a233b4bfffa13147c8ea16f,kaczmarj_neurodocker
362,25dc6ba1e79915b4dad91a5964105b668289ed24,kaczmarj_neurodocker
363,260a7b28b2037c289a5599eb17a247f44c3f7859,kaczmarj_neurodocker
364,260a9c26e4bb7e20172f1101d5dc0c62c0696352,kaczmarj_neurodocker
365,261b817daf6b423aa660a9333ae0acb00b0060bb,kaczmarj_neurodocker
366,26251841ea865d6922e7f211b7fc13a08661676e,kaczmarj_neurodocker
367,262caebe9069e3b4a91f2247d54af88506544491,kaczmarj_neurodocker
368,264321b7f9d00b23431dde649a3c49af1f4afefc,kaczmarj_neurodocker
369,264baaa1379d975077ce6b8c9fc4519090039c36,kaczmarj_neurodocker
370,2678c5a34948baa5eb6e606006c1f63c0c20e204,kaczmarj_neurodocker
371,268c90938538b36f75a1007d3f89c218b10e63e0,kaczmarj_neurodocker
372,26a5c1d5d144499e0e75ff27febbee18e16907ad,kaczmarj_neurodocker
373,26df6ab458c237b50208ef00e4bc21ff9b8cfd69,kaczmarj_neurodocker
374,26e4981ff1a163582d56ad71a62f83abd8c1874c,kaczmarj_neurodocker
375,27272db644ac25432cad7a0d35c5f03d8e756088,kaczmarj_neurodocker
376,272dc2468daa3e4660fe4ba9fa9a331ca724f3a0,kaczmarj_neurodocker
377,273a5a533ac4ebe1f9f849c10cf137bc115bd087,kaczmarj_neurodocker
378,275302ba6ad42def5e26162382e5b2a6c78536fe,kaczmarj_neurodocker
379,275cf1e9c6e2e86eb75d8258e7effb745eaf3f10,kaczmarj_neurodocker
380,27a4763ea31410e51c3d015fac3c1e3d91e189be,kaczmarj_neurodocker
381,27ca57396b034044549ac369e1de1c98b32e8fec,kaczmarj_neurodocker
382,27d9686e368429241d7d825cadb0474953d7e263,kaczmarj_neurodocker
383,27dad16a497ed52345be1274fe71e0d042b4cfa8,kaczmarj_neurodocker
384,283e483bc16cc1d9eb89f6726fe6287ce619cbf2,kaczmarj_neurodocker
385,28426d5abedf0dd705eb5b107b48700c76b8a8c2,kaczmarj_neurodocker
386,2845eb273c7800c651a90156a45a2e63c4201e28,kaczmarj_neurodocker
387,284b5b553359a34f94cb92a0599aaff3ba782150,kaczmarj_neurodocker
388,287053adcb434fcd30da74d4ef3bff466bc22bf4,kaczmarj_neurodocker
389,2889561a168b603f7f7b72d2190eae6167af8df4,kaczmarj_neurodocker
390,28e0bae22ac11d9892bb145c758fa006cf7455e3,kaczmarj_neurodocker
391,28e289900f4e2495405e5c935e68a4dc18470f29,kaczmarj_neurodocker
392,2900180048a28629c37c3f7d98eebb95276995a0,kaczmarj_neurodocker
393,290b2d21a44949a11b5eee2d16c1ff1fe6527997,kaczmarj_neurodocker
394,2920e8c59f53fc178d74efe5d852ac285d432200,kaczmarj_neurodocker
395,292659784e3e46c23fc116e04c34e8c902129f82,kaczmarj_neurodocker
396,29387fcbb0f758579c2a079496072219a2744906,kaczmarj_neurodocker
397,293edd19a5ade6d52e0c6702d528b084769a30d8,kaczmarj_neurodocker
398,294f31e980a86c69c7734eeda0b3a55b4024f0dc,kaczmarj_neurodocker
399,2992e02b75b7ddd4025169b1a7f2c6fa19ca606b,kaczmarj_neurodocker
400,29ecd7ad4740ee3db6d78b3e3071e776562674ee,kaczmarj_neurodocker
401,29fee49b15f474e8d0bbdcc28d62f3c6d12ef7f0,kaczmarj_neurodocker
402,2a07db94fddb81390df350f29b4f0ef5b12ba832,kaczmarj_neurodocker
403,2a2126b121f4a23a9585a0d4ee6e1ca13dab9e34,kaczmarj_neurodocker
404,2a3ec2772d6b6395bcd46aa5324cc84dfb092035,kaczmarj_neurodocker
405,2a69e7e3b74fe7e8325bf65999bc443456f584e9,kaczmarj_neurodocker
406,2a7f30b540525092f936e4a0cea73263a5222166,kaczmarj_neurodocker
407,2a9f285a7d11f39d2eaff319c01728341066049d,kaczmarj_neurodocker
408,2aa9aea5fc6cb48a9a52b963767b04364cc3bd88,kaczmarj_neurodocker
409,2abebd4433fd8bc10d326a05bbb43187ae20ca03,kaczmarj_neurodocker
410,2b3a4c257614a35fdea43c9422e2cb28806d6a1c,kaczmarj_neurodocker
411,2b6a2ee97455a96f2d9a4cd31bf40b2637ca643f,kaczmarj_neurodocker
412,2b6f2fd0dd65a674a0d6e0f398037c732569f66c,kaczmarj_neurodocker
413,2b7126f0a90de139a556995e97cbcac57dd7092f,kaczmarj_neurodocker
414,2b83d018daf4d58f44f7d44550e0724e7ee43cf3,kaczmarj_neurodocker
415,2b8776facd056b9e98f33638ad47bdd421ccf6c6,kaczmarj_neurodocker
416,2b8a718feeac6607e5f8b2fcd80742f44219c59e,kaczmarj_neurodocker
417,2bac9388a6214ba1d8d526fcf091f9733159b853,kaczmarj_neurodocker
418,2bc36ec747e62bcb0a5661980bd5999aca4579f6,kaczmarj_neurodocker
419,2bc4f28e4abf179c946eddd9ab65455868086ad7,kaczmarj_neurodocker
420,2bd7ce82cf0616d8e0239c424c1e426640579c98,kaczmarj_neurodocker
421,2bea18318aea281f586c8d3ef492db023d60d5b5,kaczmarj_neurodocker
422,2bf06abef26016d5d6976b797a0f98731634457d,kaczmarj_neurodocker
423,2c0440a2789293123a45edc46ecfbbd41c2aa115,kaczmarj_neurodocker
424,2c1975e4cce16740f23d80942dd0426f2e46720f,kaczmarj_neurodocker
425,2c3fbd1d1cd0b11ec5652a6ec187c8d91cf642fa,kaczmarj_neurodocker
426,2c5276d3247883cd788125db8474d64439e3d372,kaczmarj_neurodocker
427,2c691665b1f8c706cc82a0c4f6cb4726d2e6b422,kaczmarj_neurodocker
428,2c6c810e32900fcdf315eac9f7ca96539638725c,kaczmarj_neurodocker
429,2c9f419282231b7616765ed31e5096ecdb244314,kaczmarj_neurodocker
430,2cb383c27b3fc5e3bb8abbd33aa4ab1ea951c466,kaczmarj_neurodocker
431,2cd8d056ad044987464f637742b6419f25fcb701,kaczmarj_neurodocker
432,2d143d600bf22a895fa6c0da3c211de8cc8c96d0,kaczmarj_neurodocker
433,2d5f7031ad7238f32ee9b1480ef4450033bb85b1,kaczmarj_neurodocker
434,2d7949e69b995ebfde9e60beecd183b4e46d956a,kaczmarj_neurodocker
435,2d8137d14a5abb883b9f0cc5dc9b490ef8882f05,kaczmarj_neurodocker
436,2d890f3907b0653f995e0af03ca8ee6cf4c4f75e,kaczmarj_neurodocker
437,2dad8b56acb35b8aed39e628b446943f024b5d77,kaczmarj_neurodocker
438,2dc1f11cc8d6131e89fccbebc11f086d02f1782f,kaczmarj_neurodocker
439,2de5f4a7afd7b3322cc260fa3d470aeb68ec47b9,kaczmarj_neurodocker
440,2de83ba92beddbde631977e1244d7d06573e9e70,kaczmarj_neurodocker
441,2dea5ead413d95fd1771d64aa541167041424db9,kaczmarj_neurodocker
442,2decc644ffe36a306f1f5454c7a3768ab0ff9c7e,kaczmarj_neurodocker
443,2e284734df23c01945db6b1a1bc65fd6e07e1a7b,kaczmarj_neurodocker
444,2e4296d82ebb80bed016ff76e5130d12acd9a0b1,kaczmarj_neurodocker
445,2e51027dc534cb805c3bb4ee59a3041c8dff6ca7,kaczmarj_neurodocker
446,2e5bc9882da466f5a025b76241c1a1a5f6ccf0da,kaczmarj_neurodocker
447,2e61a7bda9b27484192e7d738d5918544747f129,kaczmarj_neurodocker
448,2e68ded4bf904ffec13621f95e5e798fd99270aa,kaczmarj_neurodocker
449,2e7143a7b4553fdf65e7613968d12a5a6924bfc0,kaczmarj_neurodocker
450,2e714c10f18a8af34d0d22de413e308e931b5379,kaczmarj_neurodocker
451,2e779be7b1616fd349954aa6aebd04d65a5b486b,kaczmarj_neurodocker
452,2ef1864fca32c0a1b04be44fa6fb519fb3bd375d,kaczmarj_neurodocker
453,2f039df6548b2c25a8ad596d0bb5686b8172051f,kaczmarj_neurodocker
454,2f3d552ce95109f3bcd7e98a454ed8531745b700,kaczmarj_neurodocker
455,2f4fd47ca353de72e41b9b854716091aaac874aa,kaczmarj_neurodocker
456,2f7f23a6951dc71a409f91aec917016f6cbe32ad,kaczmarj_neurodocker
457,2fb9000acd1f46c513c0e2a5e5b37c1ab2cc1c90,kaczmarj_neurodocker
458,2fe986f7f076e63392e4c7237277c90958b58a4f,kaczmarj_neurodocker
459,300796f9c8c7a11ee94e405173f5478634575e41,kaczmarj_neurodocker
460,300dd28997dc056d40e1932db9828aeaef654642,kaczmarj_neurodocker
461,304d24eabdfaeafd530030783de17c0e02d9d8fd,kaczmarj_neurodocker
462,305d6596b90bf42e7499cc36c1950cd6bef39e33,kaczmarj_neurodocker
463,306c2c1abb386e4f5973ce55059ef198da85b9be,kaczmarj_neurodocker
464,30940135e86d9bb3f918267aca7dca0f0ec5f40a,kaczmarj_neurodocker
465,309c76836154194bde46ff455ec2621180fbe3ec,kaczmarj_neurodocker
466,30ab193cfdcc3bda4fd19fafd830a03f72209436,kaczmarj_neurodocker
467,30cb8d3353632df42f13b5934f8a655097f2da4a,kaczmarj_neurodocker
468,30df09c218bd0257b1dd2c1ddb901d846109342d,kaczmarj_neurodocker
469,30eab4f5a70b928d290864da7b6eca24f8cd73b6,kaczmarj_neurodocker
470,30fbe2a4d20fb7b06e6950def35064fd4d67b065,kaczmarj_neurodocker
471,3109776d42a01553b3605a903866d9ed42ae296f,kaczmarj_neurodocker
472,311b5a6d3adb9275f275b731d7913f9ed03acaf0,kaczmarj_neurodocker
473,313a9c11238967e454e46e4c3fe58f5b4af2677f,kaczmarj_neurodocker
474,314ab1b48f58d5b8ab741174762c3b78a8f57461,kaczmarj_neurodocker
475,3153008ee0224a19e6195704018319f95db2133c,kaczmarj_neurodocker
476,3153bbcad867eddb3d1aef6f3386f075316c9473,kaczmarj_neurodocker
477,31649232d18f91987f5f3889a55b0e96f3c7544c,kaczmarj_neurodocker
478,3190c7c11bed3d41897899415804332ebfd8db48,kaczmarj_neurodocker
479,31921b159ee258d30c179e146038417bffe172b4,kaczmarj_neurodocker
480,319d14b2178a18741fd0ea3cee02c1d92d197f22,kaczmarj_neurodocker
481,31aa323c56cd7026765057140382a5df2ddb48fc,kaczmarj_neurodocker
482,31b31b587d29295f1c6ac94ac2c048e7965e82d5,kaczmarj_neurodocker
483,31b3e206eb4104e1b5fdc6b8103ea447871e67a1,kaczmarj_neurodocker
484,31c1ad503d0e6c32ae3e4fa993c277cc3c922fdd,kaczmarj_neurodocker
485,31f567b1f030f94e00d163058304647b9a8bf2bf,kaczmarj_neurodocker
486,32473e0132cb4dafbcb19f3c31705c117eb7e18b,kaczmarj_neurodocker
487,327dc034fba3c9afb9b9c4bfd2a1a0234da76a07,kaczmarj_neurodocker
488,32898e3cdd858422454faa97b50dfb4c0563836f,kaczmarj_neurodocker
489,328a3ee46268fd7571558e2313b7e8f316e20059,kaczmarj_neurodocker
490,3298e93d9c42be3dcb3af99cf547a120cc10ccb7,kaczmarj_neurodocker
491,32a0243e7729901010033b34c03757c7a1a1baee,kaczmarj_neurodocker
492,32cd2106639c9af3858afafb9aba540bafcc33ca,kaczmarj_neurodocker
493,3301e48c3d95496964621bed91ad5c60e9d4fc95,kaczmarj_neurodocker
494,332f07e2599b6a70ce7774f015ff83b3e675fde0,kaczmarj_neurodocker
495,3353f94c1564d296522d0d3046e881f25d6e055d,kaczmarj_neurodocker
496,33541a6e960f83446645d1f273d776915aab28bc,kaczmarj_neurodocker
497,3376e0439db2ea085ba57adadb16fefe5c11e34c,kaczmarj_neurodocker
498,33793f33302c8d3ff858943b9e08efaecd05d0f6,kaczmarj_neurodocker
499,33938785e9fe2b57fc542a282a5ce2eccf1418aa,kaczmarj_neurodocker
500,33ae5d6abed0af9a876d6f32aa4a99e9d788f3b5,kaczmarj_neurodocker
501,33b5bb0588761d2a4e5a69073848e38549fab247,kaczmarj_neurodocker
502,33d23fa3fc1bd0071186f4a5130b448888adb5b2,kaczmarj_neurodocker
503,33f536479709310615f0e4be53ef75c5177bb257,kaczmarj_neurodocker
504,341c73cccf7549a2b750be43b67146cea4d1558c,kaczmarj_neurodocker
505,3428ab9c8a7fd0c46fbf7a8dcd575e3b0c75b9d6,kaczmarj_neurodocker
506,342abc88e7c00c33d73bc7ed44da555843846e33,kaczmarj_neurodocker
507,345fffa327ad9c53a33e7c29a942e4f43f628d61,kaczmarj_neurodocker
508,3461ef1c8068de11459990de6dffee0655fcac89,kaczmarj_neurodocker
509,34813b80ef8c96572f797583186c1d1cf8228c19,kaczmarj_neurodocker
510,348a2d701cb695ac851789bc236b9a9a75e7a30e,kaczmarj_neurodocker
511,34aa8c80f0b9c78423d6678b25cbd820005c5b71,kaczmarj_neurodocker
512,34c4700d9200c95005d5c8eda39a93105efdb200,kaczmarj_neurodocker
513,34fbcf1c285decba0063552b7f3c5f533432b0cf,kaczmarj_neurodocker
514,34fc7eb54dd31a04c5b82adbeeb420888c719b1c,kaczmarj_neurodocker
515,3523b49bd5f2033825bd4d4fc1fd9f56d55ee900,kaczmarj_neurodocker
516,357461f59bead954da0b8c4a244bb170dd57f772,kaczmarj_neurodocker
517,35823991e51abd215e3be83c2428869c54bbbe90,kaczmarj_neurodocker
518,358f9d84fc1a39c7bee1997113e24e1cc4f09ce7,kaczmarj_neurodocker
519,35c26c50f9a3206a80faeb1551d79aa9bec7d619,kaczmarj_neurodocker
520,35de1808772a42f4d5c8751b6dbba8ff279a2572,kaczmarj_neurodocker
521,35faf588b4dec6ad77ac0485a0a453e5413399e2,kaczmarj_neurodocker
522,3613ed25123ac22899aecbf3c469629dffef39b6,kaczmarj_neurodocker
523,361b651500a677d2688610250a848f5ec8d4f54e,kaczmarj_neurodocker
524,362bcc2ce1328bcc2cd7848c5fdf5ba4ba0be58c,kaczmarj_neurodocker
525,3647cafac956bf18723fc2f52b2dc8717cd1892a,kaczmarj_neurodocker
526,367b89b684ca4d75993f73a9a23d5bf53028f9fe,kaczmarj_neurodocker
527,368b2f7e95161b24c55e835caf45005cce0345bb,kaczmarj_neurodocker
528,36c30e6cc841de115b0eb9b1e46e1b3b648de038,kaczmarj_neurodocker
529,36ce230659d67f02a3c8f23879fb07642c684b37,kaczmarj_neurodocker
530,36e9ce35b92b3ef6e95b603976d9774522cff3f9,kaczmarj_neurodocker
531,37277f52cd474a7dc855e9c81fde62111eef3f3a,kaczmarj_neurodocker
532,3731b0e60c43f0b96aff4139d34769ad50e0e1b1,kaczmarj_neurodocker
533,3748e8ddf4c997b968a0d0ff4d54c686dd3250f5,kaczmarj_neurodocker
534,376e3d4b4e03a3794bcda822ab5e0862468ca861,kaczmarj_neurodocker
535,377d71273a8a017e895e16a6ee8602fb02173a44,kaczmarj_neurodocker
536,37914e0045881a5b95236b925498a56c6846d73a,kaczmarj_neurodocker
537,37b5fae3b114f35ab9045ef45533ccc87ed38a56,kaczmarj_neurodocker
538,37b62b5ae34f88b4da21fc62f44131b1f5c02ebb,kaczmarj_neurodocker
539,37cb4c8a65a8060852d25d9cdd7e898f9aa938f8,kaczmarj_neurodocker
540,37d1b03bed90cde459ddef874e0b504e811080c6,kaczmarj_neurodocker
541,37d23e16f091f462f83708959cfff73d8811eb47,kaczmarj_neurodocker
542,37df7ca1c023a435e1a1a4db587fb288b17b43d7,kaczmarj_neurodocker
543,37e4acba13314c6e78f9974535d51083b21ece63,kaczmarj_neurodocker
544,381e4f88deac0182a023ad362d750328b991cdc5,kaczmarj_neurodocker
545,382bd4c3f2b440d3657c6462f968c509b1e80312,kaczmarj_neurodocker
546,382f6b482f7559755aac7c020b16bed153645ba1,kaczmarj_neurodocker
547,38413a74fe7c60712d83a6c52b40ffe57fc13332,kaczmarj_neurodocker
548,3846515fa9078669bcff212855a110ae5cb9b1b2,kaczmarj_neurodocker
549,38496b482178a8bcfe98e216a6e79aaab2f8c29d,kaczmarj_neurodocker
550,384fef915d435ed6463764d5c45e9747d3c90844,kaczmarj_neurodocker
551,38633f1ade8902005f528faf4c43442da044874c,kaczmarj_neurodocker
552,3882e17e287f72475fe9336771c723f1036f55f6,kaczmarj_neurodocker
553,3887f4a9e05c41be001b2760f692f0be26de12b1,kaczmarj_neurodocker
554,3892641a5488735e23594be899bc8f7e8562c1f0,kaczmarj_neurodocker
555,3899d05196b8404084f3ebd73376385fda704115,kaczmarj_neurodocker
556,38b076e1b578e3ee9165d9c4a1cf575b19347fe4,kaczmarj_neurodocker
557,38f05d2d75a93aff0789bbff0786cf0156302fa0,kaczmarj_neurodocker
558,38fdf90fac510bbcc6c9a4a007bcd059ab7ad040,kaczmarj_neurodocker
559,3921532e6f1f29f1e88ca2c6b6caf08c037c0b96,kaczmarj_neurodocker
560,3922ff74e1eac1d9f3430a4fd00f785ba1fad3b4,kaczmarj_neurodocker
561,393181c87318fc8160da168c3d3f5f08dcd36e88,kaczmarj_neurodocker
562,396248ca76dbf1076f194b4503b8bfef60322583,kaczmarj_neurodocker
563,3996082bae572bc437d2ce8a8b42a8219b7d2447,kaczmarj_neurodocker
564,39b79fc25bb5f5cb624daa6a3fa8febb79de13dd,kaczmarj_neurodocker
565,39dedbe9044d113e5c5c9c37cb2f190ac07ff02f,kaczmarj_neurodocker
566,39ef56f85d605ec029a273e3a5228bfbffeb3d82,kaczmarj_neurodocker
567,3a1d539d5741eaf1f12ea5501e24aa04ac904468,kaczmarj_neurodocker
568,3a572c1740c3a8107926d56b0bd26526c11113e1,kaczmarj_neurodocker
569,3a6d92e7a861174171d3c3e0bbf1ea5a0bae192c,kaczmarj_neurodocker
570,3a75c2a9c58be5640a66f1135e2e651bff8fb01c,kaczmarj_neurodocker
571,3a7e624bfb851f533c1c9d5d227301b2651f9df5,kaczmarj_neurodocker
572,3a83afa23ba09e1aa4334b4a704f87a789777e7a,kaczmarj_neurodocker
573,3ab199ad3d2e78e9d7ae7e30790b9f72c8b1b8c2,kaczmarj_neurodocker
574,3ac2a1652f9b9ac88247cab093e3bbd0e91a2a60,kaczmarj_neurodocker
575,3aed5fe95e6cdf013ab8fe2105cdb1b042a47bd0,kaczmarj_neurodocker
576,3af81d11a54dbe0936cc7a7b68ffc31844d484cd,kaczmarj_neurodocker
577,3b0105881ba7e3bb148a1bf57a1d7a1e1e2b2db5,kaczmarj_neurodocker
578,3b03838b9da009b9eb8c4651b38a8db232c47388,kaczmarj_neurodocker
579,3b21848f9f25dc7947f870346beb464966f77768,kaczmarj_neurodocker
580,3b24a998191b877f9d5140b569c2ded641a3eccf,kaczmarj_neurodocker
581,3b446e16d3ef9135b30bdf035c77465db5daf03e,kaczmarj_neurodocker
582,3b4dd3899c7cd1eca189caf7bca9fe684d6bf6dd,kaczmarj_neurodocker
583,3b5020a71f38d9c66960c892c0576123d50b1d19,kaczmarj_neurodocker
584,3b7732e8b9d3648235013f9b0534013051e0911a,kaczmarj_neurodocker
585,3b7f0ebdd9db1d5a6165c699afadf25901b00f0f,kaczmarj_neurodocker
586,3b86ea94aed2a299377ceef32e236e1a6b5f4dc8,kaczmarj_neurodocker
587,3ba7b1ba45fa9d85ed05176f3b13b0dce0c17166,kaczmarj_neurodocker
588,3bddeeb7e7676282ca079a63d9906390dbb7ad7f,kaczmarj_neurodocker
589,3bf6ff2dff2cd58df55c3013100d2d9d0e24524f,kaczmarj_neurodocker
590,3c2a17118eecce0b30c77519b737bec22be10a92,kaczmarj_neurodocker
591,3c392635d61eae50263f972b4be4f639dee046e2,kaczmarj_neurodocker
592,3c5e8570a82e987acf84c71c0110134db513cdcb,kaczmarj_neurodocker
593,3c608b3f98a2dd6ce3c9656a0229e366376ff29e,kaczmarj_neurodocker
594,3c7996a87a4a54481df96d92887a19f20a2bcce3,kaczmarj_neurodocker
595,3ca9bae24bd934a565f9418032719e478e3b2e31,kaczmarj_neurodocker
596,3caa4d00150385306ec07bfc80b0d1b7e6bfa558,kaczmarj_neurodocker
597,3cdcc8e1a46a7cfb7dacbc0b3c15dbb204413358,kaczmarj_neurodocker
598,3cde794659e9c571fd46754c561248796689c84c,kaczmarj_neurodocker
599,3d017ad66539fd3da16d616dcbc2c53ebd208304,kaczmarj_neurodocker
600,3d85f0b1f924bf9f88dcc78fae5020a8dbb416de,kaczmarj_neurodocker
601,3d9ab9a25444f4242c8e127749660cbcf418d8c5,kaczmarj_neurodocker
602,3da4e04b9d3659c0b0381db127fa2dcc86bfd056,kaczmarj_neurodocker
603,3dbcdaf3984d9d174bc9438575dd6c249d5fa281,kaczmarj_neurodocker
604,3dd3edb172a0c5dcfc67a0bfada260be6d238caf,kaczmarj_neurodocker
605,3dd5ed401ab99349db16d609769a11f7c44ad029,kaczmarj_neurodocker
606,3ddc5f805ef7fab47250de472cb0fd64b6fce8eb,kaczmarj_neurodocker
607,3de294f3492f7a3f796c162113c8b4298347e900,kaczmarj_neurodocker
608,3e122e02a0abd264a7b3401c50aa0fead651c149,kaczmarj_neurodocker
609,3e3b50881e008d3222d64e3acccd9d136cb1f93d,kaczmarj_neurodocker
610,3e572acdc16c2aae9301ffae04c791864cd7970f,kaczmarj_neurodocker
611,3e63ebf5a95aeb61b5d19233528962a7b8bcc201,kaczmarj_neurodocker
612,3ec810403db79b77403fcb655b6a45c7ac92542f,kaczmarj_neurodocker
613,3ee6970eaf9ad92b501cc27df6202aae77b79238,kaczmarj_neurodocker
614,3f07525af75dcb44be4c7350af16893fb7a45796,kaczmarj_neurodocker
615,3f332e020732d86a637e97a25ef283236b8784da,kaczmarj_neurodocker
616,3f586d0c0fd22c6a43b09541549d077a32779719,kaczmarj_neurodocker
617,3f73844edf01d1089bedb7d2e4876a04313b33fa,kaczmarj_neurodocker
618,3f83e1b26868c2c0ad7ff9119ee4333669a34463,kaczmarj_neurodocker
619,3fc0a4aaf3b870ce470dfa1524587dacde49d506,kaczmarj_neurodocker
620,3fc9d15e2a29b39663b0d28d5aa47087d695768e,kaczmarj_neurodocker
621,40303e939b48920493231865faeed99b1b0c606b,kaczmarj_neurodocker
622,4034dd6cc7c0b45487f253e890a0a897f9d8592e,kaczmarj_neurodocker
623,40381dce35c2667d07f6a5411601ec9af5f4ad68,kaczmarj_neurodocker
624,407364c485babac05cd7864086bebebdb4f9cb34,kaczmarj_neurodocker
625,40789b3d00f2e1ac5f6d9ac7de771f41008d465b,kaczmarj_neurodocker
626,408ec41cd41568aae2619eebcd39d562b45f198c,kaczmarj_neurodocker
627,40a5117a619333357ced91d0b0921862fa4728bf,kaczmarj_neurodocker
628,40ed2c80c74965f24545d647ab58ddf5933dde6f,kaczmarj_neurodocker
629,40efaff5cf1ff9e8204b8ecd4d46134885d4d35e,kaczmarj_neurodocker
630,40fad5ef7dafd64da8f48e661e7aadd436efa837,kaczmarj_neurodocker
631,410a1f232b4589f9ee87335bafe365b08414607d,kaczmarj_neurodocker
632,4110d7d5d8f1cecdb8c06b3aea6aee8f26f039f0,kaczmarj_neurodocker
633,41208e5a0357f2130294117885a428bc1d58078c,kaczmarj_neurodocker
634,412f4819319d6e1693cb43f31f88267cc63af28b,kaczmarj_neurodocker
635,4132721176d00123599dd39846dbf9e30fca4d7b,kaczmarj_neurodocker
636,4142c09c6161a9c84e2fb58df6798d3adfc01d2c,kaczmarj_neurodocker
637,41860c908365cec011d6032680e195ae32688ed4,kaczmarj_neurodocker
638,41ff20ad11e7e64fe0206e10cbae72cadc635e6f,kaczmarj_neurodocker
639,420ccfcfde4ffaa4c5be6c41faf273107ef047bb,kaczmarj_neurodocker
640,42158ca74939022c73bfd500ea1ab8d43f811077,kaczmarj_neurodocker
641,424b352e459d8025711e2175c3637872dd9f4c8e,kaczmarj_neurodocker
642,426707b4e75530a106e9a5d66391f4be67a1e7c2,kaczmarj_neurodocker
643,4285f144240112f62cc670b934365d463d80c2fc,kaczmarj_neurodocker
644,42a99cb5bf78e0358b737b9cc5619c30fdff3030,kaczmarj_neurodocker
645,42c1af64722db2fe1b19b2cc65eb29692b6be8f4,kaczmarj_neurodocker
646,42da1760e26c9611eed82ae88f14643955132b10,kaczmarj_neurodocker
647,42dfe403e4986350612eaec28b13b8d1cb4d4f62,kaczmarj_neurodocker
648,42e02d200b7312f8473185e46e932f12976dacd0,kaczmarj_neurodocker
649,42f1c86a68009ce60f3bf1e439040aa6eff13bf0,kaczmarj_neurodocker
650,432ba709f8cbc11e91ee26fbfe21d9de9d21ee8d,kaczmarj_neurodocker
651,4350044db8f2495ddf3028e97914e1d01e2957ff,kaczmarj_neurodocker
652,435da04afa63fd0c63f4cc5267f0bc70856f15c9,kaczmarj_neurodocker
653,43be39cc3691c82e88ce1b5e578df54279423be8,kaczmarj_neurodocker
654,43c416a25bfa80bc24f1fcd223673871bcdb64cd,kaczmarj_neurodocker
655,43c5b455183426346a58397cd39eae8d3a19ecd6,kaczmarj_neurodocker
656,43cb3b2cde2a0743c6267a3495932e8cbfdf627c,kaczmarj_neurodocker
657,43d71fcf1d130ff8e5efab01b0c2356b7a5c24b5,kaczmarj_neurodocker
658,43dfeb5fe4b89676c14fbe1845ef9611a0dae3a6,kaczmarj_neurodocker
659,43f081a4077c113889e9ab68ab38a6c1a1f5fba0,kaczmarj_neurodocker
660,43f1cb8c7c6fe80c7430444f9abf4fc7d6b037ae,kaczmarj_neurodocker
661,440b5280351b98496402f32f39cfbe6174bb7bfe,kaczmarj_neurodocker
662,440e5ff28b45fa2981226235384a3200e71bc8bc,kaczmarj_neurodocker
663,441a718b41689c8985ae8e3763c9231e1eaefaa0,kaczmarj_neurodocker
664,443a24526a8d2cbdbd78cb3ad059e9123489604b,kaczmarj_neurodocker
665,447271c04031b75b2c867e1253e8ffb6e44f9573,kaczmarj_neurodocker
666,44791ef85802003df8c6607b66fce5c387bb7bd0,kaczmarj_neurodocker
667,4492453a583e8d56c6c7664c77bfdca287872129,kaczmarj_neurodocker
668,44a99a76a769d64b98c7191a71ebd036eda5bea2,kaczmarj_neurodocker
669,44cf669d8ae94e414a4a0d3d756003d14d51a3d0,kaczmarj_neurodocker
670,44cf944bd96eb2f9fe2bfd00abd9c131cebe5503,kaczmarj_neurodocker
671,44dc3d278d83c6f1d4e1d50901316088b91eea6b,kaczmarj_neurodocker
672,44f7d498f2efe85211f33ab5fd389cd22eee2b54,kaczmarj_neurodocker
673,44fe895c109aeb9cf62720c2aaa7bb9fe1e7ce64,kaczmarj_neurodocker
674,4553a7bfd23456bfc9a6c64979f19cf9faa9395d,kaczmarj_neurodocker
675,455e3e0d667018994b6d9ee73df0e6f727f897ee,kaczmarj_neurodocker
676,456c479a69fd1a1e49866ff7a230cad690479818,kaczmarj_neurodocker
677,45866eabfcaf31e018536186d0de25bd2ce12003,kaczmarj_neurodocker
678,45d25617310eed6236df9fe1e0fb0ce5567068ad,kaczmarj_neurodocker
679,45de1b9bde284525a509066623cdd57f41f9fcfd,kaczmarj_neurodocker
680,45e320dc7ed24fe359f79329dfa55bc90767bef0,kaczmarj_neurodocker
681,45e89bd9e9bf13a686008761ba22e87541ac7ec3,kaczmarj_neurodocker
682,45edd37dca775934dd4526cb40bc17ff196e440e,kaczmarj_neurodocker
683,460e467086412cff7c2d9cf97d6a971a2ab87f71,kaczmarj_neurodocker
684,462f13dd7fa6f6190d2433781d651b2e1e1af61f,kaczmarj_neurodocker
685,464140aa806334d7e8ebe2683a7aad32e671f177,kaczmarj_neurodocker
686,4699b6ce93bcd0e5bd3e729e37b38c1e2fa46c86,kaczmarj_neurodocker
687,46a4b47917e538ca7fd6d949c91404e1e381649e,kaczmarj_neurodocker
688,46c1f7069b029157bf15b28778fd937053595790,kaczmarj_neurodocker
689,46dc60559b73886df671b2faeab08ce4518fcfca,kaczmarj_neurodocker
690,46e532c130b254414b3c70e00d0caf378538ed6b,kaczmarj_neurodocker
691,46e59d13e814b2feeb16f95d26af3ec2a283c382,kaczmarj_neurodocker
692,471900a01cb7c1f268d1050b0a115e93ab376c57,kaczmarj_neurodocker
693,471911f01dcf9d80af77eda5e4af686d493fd05d,kaczmarj_neurodocker
694,4731be93f6c97df13f284fe13f1b8febacb32dd0,kaczmarj_neurodocker
695,4773088d9f69e072ee050ab895ce3288a1cc1e78,kaczmarj_neurodocker
696,47b1ea30c165f86103b356b73e173f8383715155,kaczmarj_neurodocker
697,47eeae181f20aa86e06659849affd1b8afd3ae08,kaczmarj_neurodocker
698,47f87305dfec75ffc1188a15f9a173062ab13707,kaczmarj_neurodocker
699,483ead1e9cf5e2004128b92bf9b3f86e5c9d5453,kaczmarj_neurodocker
700,48458c66fd3ae05e20361723885adb961327bd6e,kaczmarj_neurodocker
701,48666ac35d52748ca4546beaa8514b4233334d18,kaczmarj_neurodocker
702,487b2613c96c68ec6a5651cd7557d2227e5b129d,kaczmarj_neurodocker
703,488ab2caca1f3f39b1b1baccf8c2e1e7c6e2771a,kaczmarj_neurodocker
704,48b205131dbe9a4549bebbf67311958a60203e3d,kaczmarj_neurodocker
705,48cb57f45b1f6c46d79d0d0c34b9abf79bdb8058,kaczmarj_neurodocker
706,48da58690c07a894185d1bcb97addcd83e7f723c,kaczmarj_neurodocker
707,48e0be56589958a4e2971f6ea8c4b0cab0cb3840,kaczmarj_neurodocker
708,490b98d4ea8b6b12660cc179220555e6de04993b,kaczmarj_neurodocker
709,493888fecc8c0a007fb208df8bb2a29b2ba409aa,kaczmarj_neurodocker
710,494e23d105bb979b3277f57c8dda8117594e5a14,kaczmarj_neurodocker
711,494e32ddbdb78389a4f9e13f9358087473174e3e,kaczmarj_neurodocker
712,4987b1c707ef1311609f5d3c4a0dcd74c4a35762,kaczmarj_neurodocker
713,49981bb7160cd5d05b631fb4a9a16d87014f064e,kaczmarj_neurodocker
714,49aaee90e3aff1eb628912ca130f51e364be646c,kaczmarj_neurodocker
715,4a718d5ade34ab00a0399c965ec52a50269c3427,kaczmarj_neurodocker
716,4a98539085e7f03b67d2abdf9006b0813aca01f4,kaczmarj_neurodocker
717,4aa546b3c85bb2c9008e3ef5200d9ccf0007047c,kaczmarj_neurodocker
718,4ac6598898c90d0cf747f07edcfd17cf743305d0,kaczmarj_neurodocker
719,4ad49b66d07c61d265b09b8dea2ea985ce8c855e,kaczmarj_neurodocker
720,4b0f32d2915b8b0308e3e391d534e05eb29b8d09,kaczmarj_neurodocker
721,4b11e002c69bd05349f032e3b7fb7187fd48fa45,kaczmarj_neurodocker
722,4b29703d60efad324d5025560e549e21dd66b5f9,kaczmarj_neurodocker
723,4b46ab569ae983bf3ca7a057ad4246981c779fb3,kaczmarj_neurodocker
724,4b57ea8baf366bcf666d3368d35d638afd5775e1,kaczmarj_neurodocker
725,4b5ea3f8016c8bd2b6c0218ac51b8ea6d36f8358,kaczmarj_neurodocker
726,4b9bd649676c1d5eef90de864cd340369330e857,kaczmarj_neurodocker
727,4ba220c3c688eeee2b11a85d71f1c2d9e1f6ffe6,kaczmarj_neurodocker
728,4be41a781405f179167fcdbb331efcc51c0754bc,kaczmarj_neurodocker
729,4bf8ee0c92450953ff90547cb51c671ee221d40a,kaczmarj_neurodocker
730,4c7a39b6e2a2e3db8fb2f184948c8fb6e98ef710,kaczmarj_neurodocker
731,4c8c17768f1c3097ece85aa6ac05c2ffcca7b43e,kaczmarj_neurodocker
732,4c8c67df8e4f0f40479eb7792b34d1de9f01ac3a,kaczmarj_neurodocker
733,4ca325ee24d4677134e408f9e583d1412a38f6bb,kaczmarj_neurodocker
734,4ca615379fcc28ecb41f2de62f1db18df91a4227,kaczmarj_neurodocker
735,4ca682e90a64f8cc6087294b0cb5ba0a5492e7f7,kaczmarj_neurodocker
736,4cbcb541d8ceedf4feab2ff7d3145966456c7995,kaczmarj_neurodocker
737,4d291a1befd261603eeac2645d8f23e0a068aaeb,kaczmarj_neurodocker
738,4d35a73d7254eed1c30869207a6b7b2345671260,kaczmarj_neurodocker
739,4d41b49c54277f55ec39a5d57d13a7b929382326,kaczmarj_neurodocker
740,4d44e510cf9de4ff58b99e93620da2291c8ec0ea,kaczmarj_neurodocker
741,4db913119fcd1743a7efc856a788ef17a8835fa6,kaczmarj_neurodocker
742,4dcb9f840fa5a2dd1080c44a47bc023322ef71a0,kaczmarj_neurodocker
743,4ddec3d51eebf3f315d127661c0542f72dfe592f,kaczmarj_neurodocker
744,4ddfad3558f9a947d6ca1e766d7a05b47de50f8d,kaczmarj_neurodocker
745,4dfcf56bac9ffef5d2d469512bc5d051cbf23da1,kaczmarj_neurodocker
746,4e14f9d4f6a0a1bcd6c4f8418d47e5b0058a8b17,kaczmarj_neurodocker
747,4e2a2be373b1b832de7aadbe8bf9565d7b6c6da8,kaczmarj_neurodocker
748,4e312683d1c1fa796c6056308e85fc096b9a5979,kaczmarj_neurodocker
749,4e5ad1fddf473b944f615a33a51a942c0c9b87f8,kaczmarj_neurodocker
750,4e7ec4cb97acb9b270e8d09187d29e4c2cf8211f,kaczmarj_neurodocker
751,4e902ec35643bfb0b5f9b9207c27dda455fe6aa8,kaczmarj_neurodocker
752,4e9903b8b9b69c859bd149a4c53208aed5b6ee5b,kaczmarj_neurodocker
753,4eacd92b5a9d96a144ed329fc6a253c6a1209d12,kaczmarj_neurodocker
754,4eb0b1b7fd2c6cb88caf0116fd35095b514e04fc,kaczmarj_neurodocker
755,4ed791ae622604beb8d9f5e3ad59f05f31309b9f,kaczmarj_neurodocker
756,4edbc50f96fab20e8cd1c91ceca28f7fd5af5ba7,kaczmarj_neurodocker
757,4ee68c2f020fdaadb82e75a37f09037eead7f83f,kaczmarj_neurodocker
758,4f0b450e3ff66f264e44e9d2572782453615df5a,kaczmarj_neurodocker
759,4f1ac3412a49c115bb8faa59432d80aa33bfbbbe,kaczmarj_neurodocker
760,4f1cd1493005dc07b19d7b78de62191d5ced24cc,kaczmarj_neurodocker
761,4f1fe0aa5f10ba69ae8b59c077f82347ca33d7f3,kaczmarj_neurodocker
762,4f44fb0cb231c1ec87342d3fd0ec2427cec37eca,kaczmarj_neurodocker
763,4f492e93a4b3d96f9f7a2e7eab5294257cd3a88d,kaczmarj_neurodocker
764,4f55a6e2c180d3e64e90f109f781c587f6be51b9,kaczmarj_neurodocker
765,4f6525e09b206ee55d3860372b487275cc4a87c2,kaczmarj_neurodocker
766,4f8a661307179b0d7021dcae969aa35147766b15,kaczmarj_neurodocker
767,4f9db9145398bcbb4f12f7742ff0f5d2b612fbbb,kaczmarj_neurodocker
768,4fdfd15e08da2ad1cc5f80a781f6812d52049a26,kaczmarj_neurodocker
769,50152fd226848e1b489239dc58373e473293f27e,kaczmarj_neurodocker
770,504005c48524c89ca46b7d19ffcf489cc5c5b4df,kaczmarj_neurodocker
771,504fbbc9112969595f4531dfc8ec8a5ff44da759,kaczmarj_neurodocker
772,507d7a70ea436a732485a28357e78297f78313a5,kaczmarj_neurodocker
773,509b2f07f1abc2d2d879b12341dd2c6ace6862b2,kaczmarj_neurodocker
774,509debe95d1d1432d301ac6025dd0b3ba38d45f0,kaczmarj_neurodocker
775,50b22f8c73ef864dd2dffd8876f7add2cbb15330,kaczmarj_neurodocker
776,50c473fc12d6d928f48350de8e1b78ac51d81d11,kaczmarj_neurodocker
777,510a9e7c924e94dded2d034eff3b79a77b0088c5,kaczmarj_neurodocker
778,512feb5cfe7a1feb868ce4015e28316397a20bc9,kaczmarj_neurodocker
779,51368ad4624e6a7da640d311ca38e67a6b51f2dd,kaczmarj_neurodocker
780,518ba2c727da5bcd3771660b679a6e6c3b2f62e4,kaczmarj_neurodocker
781,51a3e2652eca71d31c6d075e4fe66dceb0186448,kaczmarj_neurodocker
782,51b14744c201472d3917216dbc28da6f1ee67177,kaczmarj_neurodocker
783,51b5db4b4907f1708f4a6103652d70d076fd0a18,kaczmarj_neurodocker
784,51cd821e9b95aa726452fe02509b5ba915af8003,kaczmarj_neurodocker
785,51cfb0597e8f92c9dd342866f628d3214b168dbf,kaczmarj_neurodocker
786,51e086969d15b53bceb44e645b78813a8e1ca059,kaczmarj_neurodocker
787,51ed3e098c2e7ee4b3f1b495319cf1af44b306b3,kaczmarj_neurodocker
788,51f016c95ab52eaad53bdab6d93769ec1368c4b0,kaczmarj_neurodocker
789,52078da29699ccec5c5e1c2ba5a72f7e78d5415d,kaczmarj_neurodocker
790,522a8fdd8e19570afc3939a8d72edd784859975c,kaczmarj_neurodocker
791,5236bfda69e1b51af49b3f55fb133d4566ed010f,kaczmarj_neurodocker
792,52516ea1d1fe1b8ee2001af4f86f2da892b1c2c0,kaczmarj_neurodocker
793,5253802809a025add2da13f9c96f0164ef67e9fb,kaczmarj_neurodocker
794,525444c92475f564d829cfe709a151338ec799e4,kaczmarj_neurodocker
795,5254a9dcc19140c73bedd64bc659b1293471be61,kaczmarj_neurodocker
796,5286e68019fb50acb0652683acb3f932b92245e6,kaczmarj_neurodocker
797,52980afefcf7ac37b92dcac57415458d10140a6c,kaczmarj_neurodocker
798,52a57cb1bf1e247c2ff370c01a625b6524f2390f,kaczmarj_neurodocker
799,52b04fadd3104f5d604996edce3d6ac2b2815cdd,kaczmarj_neurodocker
800,52b0538a3ac36d117c17722fa606827ef0c75add,kaczmarj_neurodocker
801,52c4dc89ddf9909a2017707e3fdce16817abbd39,kaczmarj_neurodocker
802,52c90949d3662a6b14029c1e1ba9cba38fa072c6,kaczmarj_neurodocker
803,52c9cb35ed85372cc2f6950f41f54f9cc0a9c626,kaczmarj_neurodocker
804,52f19cdfbf37a5c99d6bca6b2bcc0a25f22eed5e,kaczmarj_neurodocker
805,530a553cea13dc2a5f987d96c9411bfe893996f4,kaczmarj_neurodocker
806,5326b34e428b84d2672ee3672e0b0f961562af0b,kaczmarj_neurodocker
807,5335547a70ac0c60f417904badaba35ba195b877,kaczmarj_neurodocker
808,534bf02947012c5d4c3903d5f0d25d8af6ba8b86,kaczmarj_neurodocker
809,5355e77fbb441cad6040f0197d4c9a03a5a7b9e9,kaczmarj_neurodocker
810,536379247b23ac16b3a9e738579397f9fc166fbf,kaczmarj_neurodocker
811,536e3c8293236be2e2d97cd54f3c4b52d917b407,kaczmarj_neurodocker
812,53b8ffbd99f2d5104a646ec087dd4e034ff1837a,kaczmarj_neurodocker
813,53e62aa2f96663fb889ae7de2e9dae7c4777410d,kaczmarj_neurodocker
814,53ed80927e7aea39d9942b745054cdfebf4bb5cf,kaczmarj_neurodocker
815,540baf6ef9940f206a19acfa08000a10498786ef,kaczmarj_neurodocker
816,5420c0404455b006e28153405fa0ec1b2c067316,kaczmarj_neurodocker
817,547f4e0eab34efd9862ca5d348a22dbbdceba0cd,kaczmarj_neurodocker
818,5490d1724ea2a345d003332ea0f3eb08a128dfcf,kaczmarj_neurodocker
819,5499a80b7bacd767c43c620391c2664fe0b890c5,kaczmarj_neurodocker
820,549eceb4a20960a23a951d9632c43dd9a5a67cff,kaczmarj_neurodocker
821,54a24fd8719c98d3f8c959c9629e088bdbebfe0b,kaczmarj_neurodocker
822,54bacd07dd8005fa6e877f462b6b8d68320387d7,kaczmarj_neurodocker
823,54c4e19b3354ad93c7f0d94e57f956a7821da1bb,kaczmarj_neurodocker
824,54c98f66becdd52c9ca7da44c0f59deb8155b7aa,kaczmarj_neurodocker
825,54dda2c05d3e4084b084c84d98d75252d108ac3e,kaczmarj_neurodocker
826,54eed75292c7c8e33770b88983f56ea25d6c499d,kaczmarj_neurodocker
827,54f00ed4900929751fb495bd76c53af6191325a2,kaczmarj_neurodocker
828,54f9fcf96a46db65a3d19ca60460f0221e883b72,kaczmarj_neurodocker
829,55052237e799d3ba2ecf47a313a7c40fe70e55fb,kaczmarj_neurodocker
830,5505b5247f0aa0a7846e015c812332038d2e9ab3,kaczmarj_neurodocker
831,553782abfe630dbbc83517a9bf6e69dae9456287,kaczmarj_neurodocker
832,5593601473663dc53e18f20f061193ec48ef9290,kaczmarj_neurodocker
833,55c1105989d661b7851171174a16bd5b33b879e2,kaczmarj_neurodocker
834,55cfa6e8a35e0fed3dd33b1733a8f7940f9c56fb,kaczmarj_neurodocker
835,560402a0bcb6767d088ffb55f8a37379bdbffe67,kaczmarj_neurodocker
836,560b3e0a72a5d25f8f864d78880daea258f340e6,kaczmarj_neurodocker
837,561833b5885ea5c1d2cc97f49d52f978b8205ac1,kaczmarj_neurodocker
838,562443b29c701081207488ca9c1d3536f87e29b4,kaczmarj_neurodocker
839,562db6b49db7d2f20d963c0a55b0551c39b8fe50,kaczmarj_neurodocker
840,5683f906886722d8fc92aeed8e175b453f9f2cc7,kaczmarj_neurodocker
841,5689479a3ef68e0210c3c3181d64d3bec7b53015,kaczmarj_neurodocker
842,56adcb8331510a2400c86da116e327b318ea0b84,kaczmarj_neurodocker
843,56d0d16ee57aa067a5909ffce3a64fb7cbd289e9,kaczmarj_neurodocker
844,56d5e721c7ffd124d156a02c16e9d494cf8ed7f8,kaczmarj_neurodocker
845,57020a8966081e9298882b00dcdf8907b1e129e0,kaczmarj_neurodocker
846,57203022b2b75bc8c7af26970b6ae46aad573b1a,kaczmarj_neurodocker
847,572e602a557e86d91e9c092658ac7c7a2979f021,kaczmarj_neurodocker
848,575e28405b638dea3dffbd56a9b56d238c463cbb,kaczmarj_neurodocker
849,575f0449c3b5b0062d97b2037a0939fbab3b16d0,kaczmarj_neurodocker
850,577bc665682eb2f7fa5b2b012c924a4d344086a9,kaczmarj_neurodocker
851,5785d34260920b1397fa03b5480c543d4b2216fc,kaczmarj_neurodocker
852,57a23f0b653a435ff4c403ba6b7fcd652a4e8989,kaczmarj_neurodocker
853,57bfc55310b207abae506907614c0d991094b12e,kaczmarj_neurodocker
854,57e9e8071bd40caf537c6ddc4aea1fb6894f4b67,kaczmarj_neurodocker
855,57f70cfd22a3a6e88aafc6a333a0a83d216be34c,kaczmarj_neurodocker
856,58064ead4f356b9909ad2ad6439c9ab043d596f8,kaczmarj_neurodocker
857,582d1df0cfab7ae6b85009fe27f388e3bb8e763a,kaczmarj_neurodocker
858,584705544e9ee0a0d8944c819c1f4a402e57db9c,kaczmarj_neurodocker
859,58557b2ea8f59f4f399f89dfb0dd6a30a06f4811,kaczmarj_neurodocker
860,585b0d4698428b300ae0a3ed52db740eeb24dc6a,kaczmarj_neurodocker
861,58813cd440c50efe2ddca95af9b9b30e8c8ef5be,kaczmarj_neurodocker
862,588e7cd658c40b49cca981a5229b2a0bc3cba979,kaczmarj_neurodocker
863,589023ca4d6a7559f077314b409a5e2a644b4c6c,kaczmarj_neurodocker
864,58c54062313765ecee2d2db81771ae938577ec7e,kaczmarj_neurodocker
865,58c95820bf08f80902c880e9bf7b867c2fe6960c,kaczmarj_neurodocker
866,58ca162532c1b5c4daac07f2a2192b244056d508,kaczmarj_neurodocker
867,58dcb5930fd6a603352cf3998580c7472142cd2d,kaczmarj_neurodocker
868,58e999a213e6e5c9cd13d5851cbdd41e4c12ecc0,kaczmarj_neurodocker
869,590d3f24a9c55f5f781af5dd90d089fb5574bf59,kaczmarj_neurodocker
870,5a009569ea6b6249dd622b779aaaf980f8285c94,kaczmarj_neurodocker
871,5a37b511939b29e9a7d8e5288dd5d290cb294bb7,kaczmarj_neurodocker
872,5a3f2e5f82ab3d9b724a26bdd1cc7ab33d1998d7,kaczmarj_neurodocker
873,5a4a5222805c5c3ae7a1ff0fd90da220eb6c4deb,kaczmarj_neurodocker
874,5a4a5c632b0d6f78c3dd883b2b3fad6571c1f42b,kaczmarj_neurodocker
875,5a56c91b0a59db8bf72514f9fcb1e27c42b72209,kaczmarj_neurodocker
876,5a5df91b7841825ec2ba1ab7b90edb7a40e1d97b,kaczmarj_neurodocker
877,5a734a988b48f72cf3d8ca85ca4688caf15ecb36,kaczmarj_neurodocker
878,5a843ea2542a25aaaefb1f0e07b545877e3b55fd,kaczmarj_neurodocker
879,5a9844dbd67d6553563ffc9f261feb3ab52e5058,kaczmarj_neurodocker
880,5abb3ca5e4093573e5302781e909c8f1d961c152,kaczmarj_neurodocker
881,5ada3f8006932cd91689fa1ae7707fe7d42d18f3,kaczmarj_neurodocker
882,5ae1a8328b9bbe35d28e5a57720a776ca2ce8ca1,kaczmarj_neurodocker
883,5ae1f8a64b88ed49af77d5496d5d4dc50a5e325f,kaczmarj_neurodocker
884,5aec7e2b0aa29c8d62c552f2779529090962ed63,kaczmarj_neurodocker
885,5af86da5576cf4e0d78eee83c84a21e183a3d021,kaczmarj_neurodocker
886,5b2a5e8ed6125c75daf106f95406089e44e76511,kaczmarj_neurodocker
887,5b2e6dd17dd2714b591d7894f9d4d76e0fb4160d,kaczmarj_neurodocker
888,5b4a90b7a744f9e06f48bae224af967447cf62c3,kaczmarj_neurodocker
889,5b8f54f7f6a410237efb5dea3423fe4459a9da79,kaczmarj_neurodocker
890,5b9103a3fbb9100e0433fb9515db6b0ffd02fef2,kaczmarj_neurodocker
891,5bc7dc74a9609094b783d858c93e0743be7edec7,kaczmarj_neurodocker
892,5c173ed5e630ec62aed30630e9fd3800753de1a4,kaczmarj_neurodocker
893,5c268fad8886ca351351f144c871b9e16050da83,kaczmarj_neurodocker
894,5c70b05252a6ff31d5107b496e2cc446e1f4f1b6,kaczmarj_neurodocker
895,5c8a22a7f621733987c1aed3fa0db298eb63aa11,kaczmarj_neurodocker
896,5c9caf7c39de5355e6ab0f11eea8fafddcd8a507,kaczmarj_neurodocker
897,5caa937adb39bf1052cfc273d9943e8b3dcc09c2,kaczmarj_neurodocker
898,5cd244939348b6d5d653cff3796d929929ff487c,kaczmarj_neurodocker
899,5ceb78c1e73d0a5e02354d05c41fe96a9759abe9,kaczmarj_neurodocker
900,5cf603a2deea28353f5b1f7d6ced8d42a10c050a,kaczmarj_neurodocker
901,5d394a51549c875d78dd3040e9d4ff86571b3535,kaczmarj_neurodocker
902,5d6523cc1dc3d8b33225a7d5c9ae4b595eaa3cb4,kaczmarj_neurodocker
903,5d67ed9f6d9609f3ca88690eeb96e469499b81b5,kaczmarj_neurodocker
904,5d6cfd37e977bbe1c824522558d55887608a639c,kaczmarj_neurodocker
905,5da735956b07cce2ea4c3dbfee83e3be541b5896,kaczmarj_neurodocker
906,5da89b87bb8100e04afedb2b4cef0fd0db578fe5,kaczmarj_neurodocker
907,5db56c88fe11e05ad58eccdaec6fcab794e883c0,kaczmarj_neurodocker
908,5dbe50e28312d86bcccdbcdb4807db8b96e5a8b6,kaczmarj_neurodocker
909,5dc4146b5dcc2eb14ec1801336f578d757f9f37a,kaczmarj_neurodocker
910,5e0a707b1e4ae9542182bda567609a390b10584e,kaczmarj_neurodocker
911,5e0c5304a17f1214d012fe1f36f61126e93c3381,kaczmarj_neurodocker
912,5e164c73f4751f3ec17ea7e2fc9d08ab8cab2558,kaczmarj_neurodocker
913,5e1e7e591af498929ceb407152d3612fd19c8dc8,kaczmarj_neurodocker
914,5e2a1602ef1229fb850cb34fa33c0e84a667a330,kaczmarj_neurodocker
915,5e944cc158806956d6605836d15b2bad1dbad0d7,kaczmarj_neurodocker
916,5ec4c2684adc674deda20893360fec6ea8085a63,kaczmarj_neurodocker
917,5ed138e13c135fd89db95661c1a9dc27368d98ae,kaczmarj_neurodocker
918,5edebee781d703d8040776f9bc56bd59c3ee98df,kaczmarj_neurodocker
919,5f58ec581866137be53631407191e3fd4304bec4,kaczmarj_neurodocker
920,5f72cc71ebc84b98ba6a7671f346b10235de2a64,kaczmarj_neurodocker
921,5fbcb960733a12966855a0ab2c71844c0de561e7,kaczmarj_neurodocker
922,5fc280a4a912b4f3848f0c2f34e29c222d4a4cc4,kaczmarj_neurodocker
923,5fc58dbb3dbb379eee332e0a96704a1ddecb71c2,kaczmarj_neurodocker
924,5fd6303d871d23d73f1ae7a168b877ef8601c675,kaczmarj_neurodocker
925,5fdb92adfdf579c1c3277f9c44562954d59bb739,kaczmarj_neurodocker
926,5fe8fe2a2d3ff442c881ae8a155fcfc701bccf1c,kaczmarj_neurodocker
927,600bbe87fb24f31c50e60954ba22a071b2453073,kaczmarj_neurodocker
928,602bd7baee95420af64c51546bd7294680669a02,kaczmarj_neurodocker
929,608facb35a8ce83745fd10e4e927c541204e4ea5,kaczmarj_neurodocker
930,60ca05912207d06f12b0cd052a2e9e27a4e75c5e,kaczmarj_neurodocker
931,60e411585c5b28460903a07ba23faac6a0f35063,kaczmarj_neurodocker
932,60ee89a11949c7656d0e5bf000fd62b4fab2a374,kaczmarj_neurodocker
933,6112fd41b872e29e6b2c8e9100c8136ad092a540,kaczmarj_neurodocker
934,611e2600afd7987ffc025f80ec2b1bf8151d24fb,kaczmarj_neurodocker
935,6135a6eee2048abb9db21c6b85cd3a5bfb6fa14f,kaczmarj_neurodocker
936,613ccc205f7c2c1ae2797b209bbdea1745fa8fd5,kaczmarj_neurodocker
937,6143e87c3edbd8d8892edafadc179de877666cb2,kaczmarj_neurodocker
938,61737105343cfe4d411f19c67df953a9b08f6587,kaczmarj_neurodocker
939,619aca88109e9afea7db9d533eb6709ef8ddc78c,kaczmarj_neurodocker
940,61d332ab30419da6adac3f6ec0bb6bfd4e14c4c2,kaczmarj_neurodocker
941,61dc2aa341f9ead46b4563c5a81e7545f157c0a0,kaczmarj_neurodocker
942,61dd20ef3722bbcd1d771808513855d82328f5bf,kaczmarj_neurodocker
943,61e8402114dcd0f1f546c1715366251992c20f07,kaczmarj_neurodocker
944,622cf652b325889eb59bf14df714ab1c1ecdd948,kaczmarj_neurodocker
945,625bb70680637714cb45b08c295c9f9d2c3a5e22,kaczmarj_neurodocker
946,625e5c7c75414b70907c421bf418f8e894d6980b,kaczmarj_neurodocker
947,626b52b90d8e206ecd900b189ef69954a486e6cb,kaczmarj_neurodocker
948,6276c911886b1e11329612569f402f7849d61fd0,kaczmarj_neurodocker
949,62852566f54acf6e84f1a7191c66a75fef1a798a,kaczmarj_neurodocker
950,62ad2af47282b1beda5fe16b89853fdc76f7d8b5,kaczmarj_neurodocker
951,62da9d4218d8994853896fbffe48fcf1b3320eed,kaczmarj_neurodocker
952,62e4458388f77dafed0423387db0f17110aa95cf,kaczmarj_neurodocker
953,632b11e3d2c287e87fee21dc61913e66aa57648f,kaczmarj_neurodocker
954,63cad784c6295f4650127ecd8e3747b24f0637fc,kaczmarj_neurodocker
955,63d1bb892a9f78e4387c15abe3b2786523f44e18,kaczmarj_neurodocker
956,63fb4f0c8bb8386eacb80734b011ce7f064b7857,kaczmarj_neurodocker
957,64252f9e8be591f9a49061d6056888d376d24bb7,kaczmarj_neurodocker
958,64255b2ad96a1df4e152f6e70d29400e625c17a5,kaczmarj_neurodocker
959,643e51c9e78d848609340c3f8106551c07e153c1,kaczmarj_neurodocker
960,646a01372049098e1aed73f5bdc10b2e28160a4f,kaczmarj_neurodocker
961,6497afdefe2002f9d3a5890ef30261e479da6d35,kaczmarj_neurodocker
962,64f1350db0fe316a85b08cea53c5bc63ab1e19e9,kaczmarj_neurodocker
963,65067b63335c782265fec32d46253c7eae2e80ba,kaczmarj_neurodocker
964,650932471db245f958f16274e0a1bf0af5888eca,kaczmarj_neurodocker
965,651487fff54b56e5e14a012c6819ece6e4578dac,kaczmarj_neurodocker
966,65148f2481d0f32bc6a71a199f279c974780482c,kaczmarj_neurodocker
967,651634e58d7f47438884a110a44ce93da3b97d34,kaczmarj_neurodocker
968,65491e151682e17e40c0f13126f6e658c688a262,kaczmarj_neurodocker
969,65575f5e44f2c5ef96a5da51d0df54b1af80bb79,kaczmarj_neurodocker
970,6568c08429300f7758652fa48c1bede2df527434,kaczmarj_neurodocker
971,658b94cf346506d0692b36855d2f2632f92a9d15,kaczmarj_neurodocker
972,659b5b65f6ed2482f849790dba005bf9a0adf780,kaczmarj_neurodocker
973,659c8e09cfe0a03de1e95a5c2753e938b5c22a5a,kaczmarj_neurodocker
974,65b19727fa557fa6cee35bf5325abd5920f404db,kaczmarj_neurodocker
975,65cedc24bcb5b73952c587456ab173ee2a1b5f61,kaczmarj_neurodocker
976,65f59fbb3d89b112e6fd6662ef71cb2236cf6531,kaczmarj_neurodocker
977,663549010e3c64d21e795062305a94634ae0b87b,kaczmarj_neurodocker
978,664965c511d0fd65aab7c8c438bc052517acad17,kaczmarj_neurodocker
979,666c88c6c52f87b754bfb768d2763089fd382beb,kaczmarj_neurodocker
980,6670e4578831e266e24cca7bba80f9431b5d0bcd,kaczmarj_neurodocker
981,6674a8939d00b7fa1f322b36bb4ff5d59b567fde,kaczmarj_neurodocker
982,669fbaf87d443057aa1714710aacfea8eebf307a,kaczmarj_neurodocker
983,66abf8fc6424dbe1b8b373c3de4ae055db6dfc13,kaczmarj_neurodocker
984,66d64b85a6375f6aaaa157c8d67597c2055da64a,kaczmarj_neurodocker
985,66d7d1f01cf481722c6d6397f44139847d92cf4d,kaczmarj_neurodocker
986,66df6b1f54ffcd51a380d78f3d6fdf4587acfae3,kaczmarj_neurodocker
987,66f781b8e76280d38d61c794d4fa5de7aff07421,kaczmarj_neurodocker
988,66fb9a249af8f03d69b0531a55ee738e5437df18,kaczmarj_neurodocker
989,671080328e287ddafe46723920ef1b150d0d11f0,kaczmarj_neurodocker
990,6750da5e779346acc921764ebe5521677c397d29,kaczmarj_neurodocker
991,67602fdb87ca640cd4f3520e520aeb51e026d6de,kaczmarj_neurodocker
992,6766c22021f1ba436f02dd79390ffb2f9fbbea0c,kaczmarj_neurodocker
993,67810f993360c05002644159aee04a047ea73655,kaczmarj_neurodocker
994,679869361fb2385f6eb8039de9a0a077061913ff,kaczmarj_neurodocker
995,6799289393e6a2bb269a5b083d7ba5208788ab35,kaczmarj_neurodocker
996,67b638f5abd441b0fd2c6e594cd98105f8646567,kaczmarj_neurodocker
997,67c675c8ab22974ee6ca6df04e98586dffd37203,kaczmarj_neurodocker
998,67e643ce4c1468a716cfac6efc8b0ffab0862047,kaczmarj_neurodocker
999,67f3b2eec33e261508e6e76db4c7d68a37744996,kaczmarj_neurodocker
1000,680b50b9a41eccf65a7ff031d807d627d5f96a07,kaczmarj_neurodocker
1001,6811d60a034204b2f4a31ccc1c1d0b8dad9e505a,kaczmarj_neurodocker
1002,682c2e4eb4ebc5b074d120753699c2658ad5ced5,kaczmarj_neurodocker
1003,6866a5091d37eeb99620b3fc9f9f92f9af1ecf9f,kaczmarj_neurodocker
1004,68870527c3294421473f0f6d7c0cb0eba399db75,kaczmarj_neurodocker
1005,68950b6c6d122fcab7409169ccfbc43418a26bfc,kaczmarj_neurodocker
1006,68996c066f4ceafdac6612ca62863c8e7bb5be1a,kaczmarj_neurodocker
1007,68b44030d29903fce37f8e0c75f0f468a0b0fefa,kaczmarj_neurodocker
1008,68d67a2195d5cc80f6745d80d1a1cb9146d79305,kaczmarj_neurodocker
1009,68dc87a3340d365d5a56e5e978fc5c03e4a729cf,kaczmarj_neurodocker
1010,68f76a1c2132bbe1dfe55bc366cf95fb1372d982,kaczmarj_neurodocker
1011,69285f6228172c89033ca1611ea29193aea3b5b6,kaczmarj_neurodocker
1012,697f728f797158123d778beeb623535b18f4717e,kaczmarj_neurodocker
1013,69983b0b18c59d6aeba4c839b227d85c4adcc646,kaczmarj_neurodocker
1014,699d3d90e122957c1017307ea0ea5e14cd3f360b,kaczmarj_neurodocker
1015,69ba92e6b23535cd02a3190dc8d14a00f134eacf,kaczmarj_neurodocker
1016,69e2e2ee31397541dfdf0ebda03b5dba697c7f55,kaczmarj_neurodocker
1017,69e4a7b1d870a1272d06bf81d74099c9a4a65398,kaczmarj_neurodocker
1018,69fa8a032fabc908db4db30ab6fd790481470268,kaczmarj_neurodocker
1019,6a09990cc44ede4c86207e2bb5b33c6dd64fc2f4,kaczmarj_neurodocker
1020,6a36db75c56563b007caf29d8c5e30d2c483d0c7,kaczmarj_neurodocker
1021,6a44ce1e61e49cc2be7331ee1d120e0a65cabb4f,kaczmarj_neurodocker
1022,6a8b3dd9f6a92490c54781be756a2d3cb3b8d3bf,kaczmarj_neurodocker
1023,6ad61ade3bca1d2e0e8bb45160cd31f70cc0ca3b,kaczmarj_neurodocker
1024,6adc00b56b3bfa1ca526a7b54ca36e8b81abe41d,kaczmarj_neurodocker
1025,6aea4ee42ff93b90167642dab28313c9f3b135ec,kaczmarj_neurodocker
1026,6aefaf6ec5f1d62285731ed82887555a285a5024,kaczmarj_neurodocker
1027,6b019fa1e655a1eb73d9f901c7aca3acf8b5a370,kaczmarj_neurodocker
1028,6b0ad7dbe6cf148d48aca54c08b4a95dc3097588,kaczmarj_neurodocker
1029,6b11b924e6a5e0a509b9d477b3c9fe44629dcf2f,kaczmarj_neurodocker
1030,6b242b8d2c610d0e10b3d925a7b6565acc0af4a5,kaczmarj_neurodocker
1031,6b403e23578c052b67b11e5930dd009659f8faaf,kaczmarj_neurodocker
1032,6b759a7e944347a4d4a3a33dc40ee1abbd9dce8e,kaczmarj_neurodocker
1033,6b7a683e1b8344fa6bfd81799ccafe303f834ae5,kaczmarj_neurodocker
1034,6b8e26dd953e035870cf2522572aa1e00626b2ed,kaczmarj_neurodocker
1035,6bbc5fecbbd6a9be62844bcc9a71a59d1d94bcfa,kaczmarj_neurodocker
1036,6bc860a646d06776e1852066da4c0678f4234634,kaczmarj_neurodocker
1037,6bca6f5c5e80351927969465007e2e3a9d54890a,kaczmarj_neurodocker
1038,6bdd58534dffc8dbbbb790a6b7fde0efe37d57f8,kaczmarj_neurodocker
1039,6be21d9fff7163fd5adc5911b8bc8ef9cd7f92aa,kaczmarj_neurodocker
1040,6bf4bff2c55c43da310db42cd09285f93a17a477,kaczmarj_neurodocker
1041,6c241bb73441fc43f113be9a9024bb5876e054fe,kaczmarj_neurodocker
1042,6c2ad80d7185845aa29f63c617ea965c5deae231,kaczmarj_neurodocker
1043,6c2bf048325fea9be1ef7285c8faa8895b53e594,kaczmarj_neurodocker
1044,6c6d06a3188d69fe3300ee93068d60b73a568175,kaczmarj_neurodocker
1045,6c81e5011a74939756fd06e58bb81ab844fa2b81,kaczmarj_neurodocker
1046,6ca9d95912bb3fac93b6a1b1137a863b305e93eb,kaczmarj_neurodocker
1047,6cc9cbeb915ae3b51c65c390709c5e5c4c9cd8f7,kaczmarj_neurodocker
1048,6cce3082b183d5258e40e5cc8639fae9f62be621,kaczmarj_neurodocker
1049,6ce20800ec8bd27e72ee10fd4ee98a4eee5b40b5,kaczmarj_neurodocker
1050,6d02d9ee593fc2f37f872e8b30e129ffee7b8f95,kaczmarj_neurodocker
1051,6d0f28403aac146c67d1f6b14ef3363974636f8e,kaczmarj_neurodocker
1052,6d31d2d4001445bdd1ebf9f08dca41b956101730,kaczmarj_neurodocker
1053,6d44872e4d733e56137964443a88d47da22f0a58,kaczmarj_neurodocker
1054,6d48d4ea4d65f4f4f66dff1bf952c7d3c65c8df4,kaczmarj_neurodocker
1055,6d5ee5b60a8d5cb6eff4e8fdde23bc0f33b0d54a,kaczmarj_neurodocker
1056,6d606d6cad6f049d6378d10056ce8f8c47eb5ae0,kaczmarj_neurodocker
1057,6d672ba170c50ba629b18d073321e878b562f68d,kaczmarj_neurodocker
1058,6d76eb58d239f35e31d84ec094e50d67d8d157fc,kaczmarj_neurodocker
1059,6d946f456be13d1ab24a04cf0c7a5ccc77a59052,kaczmarj_neurodocker
1060,6db92c74c8412ceb5b070cb725d849816f99c599,kaczmarj_neurodocker
1061,6ddfb941d0537538c36095e7d23e99b2e10de864,kaczmarj_neurodocker
1062,6de86199b4ed51411ecb9dd125b581cbb0fb13e1,kaczmarj_neurodocker
1063,6e20f8efd3002f296922dda797c6836b42a3a22f,kaczmarj_neurodocker
1064,6e250243fe00dc6e9057c2d8449bdddb5d8f8e42,kaczmarj_neurodocker
1065,6e2e458562122d090353dd107b9edcc74c3a3241,kaczmarj_neurodocker
1066,6e305611b0aa2fe578f0eedf5735153f1877dbfc,kaczmarj_neurodocker
1067,6e55e43005b1e227102f3d52b99da1f880f8e68c,kaczmarj_neurodocker
1068,6e5ca7e29f11aff317de9242ae5e6a3bfd04b3d6,kaczmarj_neurodocker
1069,6e61543c4ff688b0a926224570cf305caaa5b245,kaczmarj_neurodocker
1070,6e64b802a1c854e2198a1a9c19fed720e1c95c07,kaczmarj_neurodocker
1071,6e652516a34642ec21d3596f98c22739f64eb711,kaczmarj_neurodocker
1072,6eabfe592c6e6c13b0553dbafad310a3081ef0af,kaczmarj_neurodocker
1073,6ebacda004d3fd4d88078a4b4514c224106095c4,kaczmarj_neurodocker
1074,6ebca585f56f2b5ad3d38645f69b788924820ea1,kaczmarj_neurodocker
1075,6edbdedce63dc5c83ca5cf90d9f0ae22015f6ecf,kaczmarj_neurodocker
1076,6ee5c54af713a5c4ff1de70b8a1a6a4698b4974e,kaczmarj_neurodocker
1077,6ee813e0e46a16c503b4fd0c654879a29d92e370,kaczmarj_neurodocker
1078,6f06168ddb14fd693eca8676cd8d94be2f2536aa,kaczmarj_neurodocker
1079,6f1aa33dde236a2f77edbd4ab0dbf3227a6ee463,kaczmarj_neurodocker
1080,6f388f4eff222923dd79ffa3364e83ae9f4fb92b,kaczmarj_neurodocker
1081,6f459600832c300b1eec367d07686ed61670f1a8,kaczmarj_neurodocker
1082,6f72a95c0d405cbbed366b9bc9a70037d0383a22,kaczmarj_neurodocker
1083,6f823922657883302e3223299bbccffa24775148,kaczmarj_neurodocker
1084,6feceeff1aafc5e5a98f383b3072b3d087321a50,kaczmarj_neurodocker
1085,7007b5ca6c7b280db0754e9e424b4dbf1ab10450,kaczmarj_neurodocker
1086,702fe0f42a5035bf39f89b939152ba42169b9f99,kaczmarj_neurodocker
1087,706832af2f8e32a3ae9cfb6ca29f5e97f01d21fa,kaczmarj_neurodocker
1088,706af0b2a4b6b40ddcdc531ab7b1d436c5449940,kaczmarj_neurodocker
1089,70748f5009dc9fcf74de6a7f2606e45620ace16e,kaczmarj_neurodocker
1090,707852d01fcf37fcf2dcc20044dbc89951c7a6db,kaczmarj_neurodocker
1091,7085be2165175a344f690e6c4b4e39412b02ebe8,kaczmarj_neurodocker
1092,7094a82feac4141c95ee10278ee292a6051e8782,kaczmarj_neurodocker
1093,709da4a4879132439b185d361202cd78b8ce1e68,kaczmarj_neurodocker
1094,70b1d5cb12a86b08a91a8a46afd6b9a75b4c07ad,kaczmarj_neurodocker
1095,70c2ab82f3998c3fd8a805228c84d9b7674faca9,kaczmarj_neurodocker
1096,70cefd80e1290dec7b840b64aa83e4ce941bb636,kaczmarj_neurodocker
1097,70e4d3e4040217a4678eab82be955d9df84b8c17,kaczmarj_neurodocker
1098,70f3ef540cf5feceafab6c92939e57867fd08f4e,kaczmarj_neurodocker
1099,71142891740f9718f89bb27f82ce445fdce4cd4e,kaczmarj_neurodocker
1100,7144d85bfa7ee8d06ed7a9deb23159598f71826f,kaczmarj_neurodocker
1101,714c5de00a7a98fce9ae7114610fa87b8609cb8d,kaczmarj_neurodocker
1102,7164734123d9a4442bd5855c2da3a1832e11da1c,kaczmarj_neurodocker
1103,716ffeb3122bd01bf2d0aad5b133ab2155fe1c3f,kaczmarj_neurodocker
1104,719215abc109dcbc659e57aa67630bea3516c0ee,kaczmarj_neurodocker
1105,719763b65d60cd2118a215f1581c79d783017531,kaczmarj_neurodocker
1106,71af26528d2d64217a2f26d2f400b9dc74da87cd,kaczmarj_neurodocker
1107,71e5fc8676698970e09070667dd6c8cb384dfe4f,kaczmarj_neurodocker
1108,71f893773f706ae01b30c7a5d7e69af9e3b59684,kaczmarj_neurodocker
1109,720a60e6ff9ff323107ab10a83e73ef4f64f3074,kaczmarj_neurodocker
1110,722e555991c61635f6ae26b6c20c130dffcea760,kaczmarj_neurodocker
1111,725a2b8a8f623f7f5617eae39c7fd3cd69298988,kaczmarj_neurodocker
1112,726dc14d117affd61f0e8880487d97f78661b574,kaczmarj_neurodocker
1113,7288dc3bad6fafea2a76a7957ecf61f9d89f4de7,kaczmarj_neurodocker
1114,729ab1833f90d40eb748e29831b9ca71d7c097d4,kaczmarj_neurodocker
1115,72a9c8c4d3bbc064c30ac596d43aec2c84155420,kaczmarj_neurodocker
1116,72bfa93e91d9546b21ee32c7dd93f972c66be3d0,kaczmarj_neurodocker
1117,72c8a2413c43ced14317568e4830c20fddf23d2f,kaczmarj_neurodocker
1118,72f36d8bae0e28600e5620591f13e52246df7f5b,kaczmarj_neurodocker
1119,730aff39d16b7ab7fde19fd3429b0e301edc468c,kaczmarj_neurodocker
1120,730bc7d958ed7ca98082336bc102cd9121a9199e,kaczmarj_neurodocker
1121,732bfe2a9a95bde889bfa86f45eb770b1a1c2a08,kaczmarj_neurodocker
1122,732dd7b39855b0d934dc328a03f92a5c183bee0d,kaczmarj_neurodocker
1123,737528e84f6699893dfd8800b07a3de1acb332ba,kaczmarj_neurodocker
1124,73c81918f1180dd792d1c0fd046758640d84f957,kaczmarj_neurodocker
1125,73d41817b34b9e04a380c6647d2d230e5f80728b,kaczmarj_neurodocker
1126,743aeefa61bfc339d7eb2634d6362034b6d8519f,kaczmarj_neurodocker
1127,7441d77cfb5617b2e08824e4d8f9b44783074a52,kaczmarj_neurodocker
1128,744f61a631c3929d9c1fae7c2b8c863ccd44593b,kaczmarj_neurodocker
1129,7456b48abd6dc68e4dace0c0852def728b155001,kaczmarj_neurodocker
1130,745d51d640b11eadcd5007ccfc2b8fc6dd5e2880,kaczmarj_neurodocker
1131,746c3aad2bdcd8e0ead619f12bd5a08e4a72b6bb,kaczmarj_neurodocker
1132,74a5adc74ec5df02ef3ca8cf1452a6894a39212c,kaczmarj_neurodocker
1133,74cb187d308a7c51834ea052ca69c1dd0ed9716d,kaczmarj_neurodocker
1134,74dc960338e3713d08ca70c4144caa319ae9f283,kaczmarj_neurodocker
1135,74fde1308eb967a6ebf2037801b511a5406c8391,kaczmarj_neurodocker
1136,75116d47a96e1fbcfc13f9f12e1bdd8fea5b4d5a,kaczmarj_neurodocker
1137,752dcd6d1335840ba8f1d5ce3d11b684195c051f,kaczmarj_neurodocker
1138,7533fbd9ccc7f6ad6f3dc1c1368b3cf03aedae22,kaczmarj_neurodocker
1139,7562801ee91f01dd97ef933249651bf3d6cdd705,kaczmarj_neurodocker
1140,756718eeff87d9a4bfeb4b437029cc3e85b518e4,kaczmarj_neurodocker
1141,7579a74f2841a41f4d38f16e8e13a1287eeab5ee,kaczmarj_neurodocker
1142,758951bde08016f94ec3027cab32f9b25ce2bdaf,kaczmarj_neurodocker
1143,7589b521044834b5cdac89ac42ebd5207b112e19,kaczmarj_neurodocker
1144,75f3ba0c9c7eb519fd4019caddb26e773ce39829,kaczmarj_neurodocker
1145,76104ab2d86250d72091d004c913885848378504,kaczmarj_neurodocker
1146,76276e2ac34ea5fe8575cd718532351885c2470d,kaczmarj_neurodocker
1147,7663dc21c15476297fce108b9b77de3a95301205,kaczmarj_neurodocker
1148,768f319f2875c611f9fc5bafc8522a99b5521ac9,kaczmarj_neurodocker
1149,76905de35ff43c1327f1a3813d39097041d12873,kaczmarj_neurodocker
1150,7695234a08198a79e4f1d1701f3c73a3ad458d5a,kaczmarj_neurodocker
1151,7695af489722fc4e0b25da0f5f8793a07ac387b6,kaczmarj_neurodocker
1152,76a3b20540f491542fbc6e40acff645d92de81d4,kaczmarj_neurodocker
1153,76a7b54d6d0c18b5fdcd434d735d98245057d49d,kaczmarj_neurodocker
1154,76cdcedb68201042a5697dc81fff0c651f1c2097,kaczmarj_neurodocker
1155,76fd87ba5c1c7f6fe701a96131807c98e46c3b26,kaczmarj_neurodocker
1156,7705a0715ec474719d91f4a200e3c9cccef5fe43,kaczmarj_neurodocker
1157,772b19ca9cdeca2bf0c0270963c549c974778113,kaczmarj_neurodocker
1158,773b14c7c0bb4869903bf19541c27a5887ed0e4a,kaczmarj_neurodocker
1159,776f277136d090d9819bcdc49abfefc53ef21693,kaczmarj_neurodocker
1160,7788dc2e1b8aaf946dc3bbbf83d7bb5cb9ecdf77,kaczmarj_neurodocker
1161,77ad9738118d913075f5763522f355cf04353b3e,kaczmarj_neurodocker
1162,77bacb160e46b501aced300e1b4fff5fbe56f953,kaczmarj_neurodocker
1163,77cb740e0b524f8cdb8597907472aab13cec9866,kaczmarj_neurodocker
1164,7853b5729ff8c0c7cfe9726b0b10e0a18e042e17,kaczmarj_neurodocker
1165,78570bf3894806bf85ab81730a619d2e6461cdd1,kaczmarj_neurodocker
1166,785c1af0ce0e5220df4bd0535280d425e6412e19,kaczmarj_neurodocker
1167,78882da349925c2005649a1aa7fb9e60ab8ea6b0,kaczmarj_neurodocker
1168,78ed3ce7e797e72363bd0973fb9091884f1ce0e9,kaczmarj_neurodocker
1169,78faf881af02d95e5c728e1df02dcc23e689312f,kaczmarj_neurodocker
1170,791a2a78856ac4d227db532ae65efdd1f1430e44,kaczmarj_neurodocker
1171,791b33494089b2ff803a9bf0f118ae522284c904,kaczmarj_neurodocker
1172,791f42b8ff17275c74e7f62b152dad1335e84b12,kaczmarj_neurodocker
1173,7937efda48f651c08d542fbaa512492fb463ad9e,kaczmarj_neurodocker
1174,7951dcf8a1e1b3e7b3ba88a4b9369a0329a3b28a,kaczmarj_neurodocker
1175,797dcb990b9cb850ebccfd58ee9e49c4dcfe9a06,kaczmarj_neurodocker
1176,7999d6662c940226391dd10ae5cca6a1ebd5884f,kaczmarj_neurodocker
1177,79a73076b714137c7658ca1b83c19e1cec78ae9a,kaczmarj_neurodocker
1178,79aee7bfb3b725aa74b5e6bf55fbf3c89faab067,kaczmarj_neurodocker
1179,79b02f6c4b1410257b89c189f3116d78325b7d86,kaczmarj_neurodocker
1180,79dbb2b79e5a851ebcc9626bf66ad41f654b3e06,kaczmarj_neurodocker
1181,7a0da7769fe7bcb35737341aac992b63370d4b1b,kaczmarj_neurodocker
1182,7a0faad4477acdbaa7261464aa808264db066ef7,kaczmarj_neurodocker
1183,7a24ded7e2e32e5c057de4151e0fff8a151caebd,kaczmarj_neurodocker
1184,7a352ee042f0cd27a959598bb605f4c42afe453a,kaczmarj_neurodocker
1185,7a3da48e68458048f72f2a592fcd2d5336a3b903,kaczmarj_neurodocker
1186,7a59f53f3713eb437102277d0bf6604cae26c0ab,kaczmarj_neurodocker
1187,7a6e4a04ad40ca22e95635375e379688bb78288d,kaczmarj_neurodocker
1188,7a7aaea119286d6708f6c104fc2bd580d82e7487,kaczmarj_neurodocker
1189,7a8ae7c5cd18a5a646897bc85126c1bb36e8f408,kaczmarj_neurodocker
1190,7ad66a61eb3526e97e2d7ddb89977358e92230ed,kaczmarj_neurodocker
1191,7ae8b290aa7c25f91f222b848e30f1e1a4e46d11,kaczmarj_neurodocker
1192,7af89819ae2da2cee2a46ebc6f0ea57146a34913,kaczmarj_neurodocker
1193,7b12e0b898caa80d302dd2507a4a5ab8c3d65f3d,kaczmarj_neurodocker
1194,7b2501c0219bb1e94625eddb521d27be7f26e4f7,kaczmarj_neurodocker
1195,7b2dbe8602232e34f85c2ce4b918595749974ea7,kaczmarj_neurodocker
1196,7b65324fc43ddc24f7902388b6d2bdb7993907a9,kaczmarj_neurodocker
1197,7b668b60c747554c8d2beaa91c8dc34f341ec4b6,kaczmarj_neurodocker
1198,7b740f6e9c48b19879d98e39146c3023b1e0b897,kaczmarj_neurodocker
1199,7b77de90ad2fd3d49ecd29b54df77bcfa89d3475,kaczmarj_neurodocker
1200,7b8609d98c0450373eb9897e151bff76cb140340,kaczmarj_neurodocker
1201,7bba3386c1d97bdef51a279ccccab428db1d8a30,kaczmarj_neurodocker
1202,7bbf39703712d52ef0ada43f6ff557a532c9faa4,kaczmarj_neurodocker
1203,7bcc7c9868de8e45451085ed326576f5852ed603,kaczmarj_neurodocker
1204,7be8eb72d06aeaabd21f96917c84020b18e6ff83,kaczmarj_neurodocker
1205,7c029d8330da3705360e0c9126fe210e214e3b9e,kaczmarj_neurodocker
1206,7c0d7711ee6c8c6c3b962a01b33dc2d9de66c7b4,kaczmarj_neurodocker
1207,7c1e9c290a1084e8b2c0a37999b027460bbaf0bb,kaczmarj_neurodocker
1208,7c44e01859855405d0a039c53d9f4380ccfa48ff,kaczmarj_neurodocker
1209,7c4de178781e42986c5009ca5bfc0c8616d72545,kaczmarj_neurodocker
1210,7c5a0aabee0594333f218896b910981fdf80ab0a,kaczmarj_neurodocker
1211,7c66062d8fc04b53ace5a5817515e96981f72153,kaczmarj_neurodocker
1212,7c81b808c6b9f7a8e99c931d0fa24b9598a0cba7,kaczmarj_neurodocker
1213,7cad8d6caae37ca163501fcea023b458a147f6d7,kaczmarj_neurodocker
1214,7cc19ea32d215c4cf30098103344fff0e78e4652,kaczmarj_neurodocker
1215,7cfbbf666c33f24ce80959328fb67684556210c9,kaczmarj_neurodocker
1216,7d065f000305751a07fa5a1d2b2d973b5d4c34a2,kaczmarj_neurodocker
1217,7d115e9671a0a7c51f05d3818220a9860b80a6ec,kaczmarj_neurodocker
1218,7d27e13997d870c67c9a9c464a27f992d402dcf2,kaczmarj_neurodocker
1219,7d2bd63daf3f2243c7b39b3189d6f3a4b5f51099,kaczmarj_neurodocker
1220,7d2fe1b663ad9ca6939997c4c557c6783f5872e4,kaczmarj_neurodocker
1221,7d330e581168ca6222e784fa567539bd8853512d,kaczmarj_neurodocker
1222,7d454d4f79099209b3d5be03c532540f6a7b1a4d,kaczmarj_neurodocker
1223,7d644a7cc099a561bc90db8e59dfb29267c4d580,kaczmarj_neurodocker
1224,7d69416080c4e25a2afaa0707067cb99478c04ea,kaczmarj_neurodocker
1225,7d929988e0e91be07b1d7b62f577ffc93fffc18f,kaczmarj_neurodocker
1226,7d966842b64f5078a5141d2d72c401dda016a99a,kaczmarj_neurodocker
1227,7da21cbe40c3f91ca2ea185863f698f48faa5023,kaczmarj_neurodocker
1228,7dacba08422a7fde4acd30885d235df93faef067,kaczmarj_neurodocker
1229,7db82c8aa0f676c950066b241188d30a9468db3a,kaczmarj_neurodocker
1230,7dbeaa1bf709bcf6f089d17b6296756ad4443725,kaczmarj_neurodocker
1231,7de469bc60793c070e15f838d61cdc150168af04,kaczmarj_neurodocker
1232,7e02b787ca5aec5fe29ed9d57f2a8273db77f9e5,kaczmarj_neurodocker
1233,7e0885a4e22569375ae3d528418dc05b7a6bf6f0,kaczmarj_neurodocker
1234,7e13108803b6051b1ea384497b6b9e9173379dff,kaczmarj_neurodocker
1235,7e17516fc1bab4bf4c10768eea355a06b1b0c3ba,kaczmarj_neurodocker
1236,7e1d9543c95a247b6c419bea4b874065ca2e89e3,kaczmarj_neurodocker
1237,7e2af3ef50a13d6767b1937fc16b6010ccfb0713,kaczmarj_neurodocker
1238,7e2fc9ed01c09d565d7cf1e16c8c9c43333c6396,kaczmarj_neurodocker
1239,7e4a536c7111d678756e68d09568cfa5bac56b03,kaczmarj_neurodocker
1240,7e5934276d96954b0917388664650eb682e7818f,kaczmarj_neurodocker
1241,7e956b618c55ec0fd9473e09fbf252ff6b0638d6,kaczmarj_neurodocker
1242,7eabc6d59a624a3a4bba2f22da21d23b877f521e,kaczmarj_neurodocker
1243,7eebf50abdde53f40e98d7a36c64725f85c12182,kaczmarj_neurodocker
1244,7efd347cd17405a163ba4af8be36e58c0a62bbe8,kaczmarj_neurodocker
1245,7f0a1ebf11b8c4a2e45ba06e1d1bc55bd2ebbf02,kaczmarj_neurodocker
1246,7f0a2268a1108a339408c5f1a687e16e1f54261a,kaczmarj_neurodocker
1247,7f17fa1f212622fc6d7cf8d756086aac4c07f433,kaczmarj_neurodocker
1248,7f3586769604461891f2c70aa711421b0ebae3cc,kaczmarj_neurodocker
1249,7f48b3e5d3d21a83e2bc0eee978fcbfbb474af6e,kaczmarj_neurodocker
1250,7f72cf7031bb9484d691f7e6323cdcf1b0d3e086,kaczmarj_neurodocker
1251,7f80554f35b146a23a29ca647d6501b7cab1d3a1,kaczmarj_neurodocker
1252,7fdb17ee936e98c9ec419dcdaff0ed7df9f2b350,kaczmarj_neurodocker
1253,7fdea91d95868d4033328e1c0a3b2e4d799bf23b,kaczmarj_neurodocker
1254,7ff821dbc863d5cb6265bfb08c50dad907364f2e,kaczmarj_neurodocker
1255,7ff8b49ec24333b7f7586524550dea6a2167925f,kaczmarj_neurodocker
1256,8044d6ece510e38db39fcf8425c3d3cf3902f2f7,kaczmarj_neurodocker
1257,80499fe82019e768ab5fa2a944a2a106abbbb527,kaczmarj_neurodocker
1258,80773ab21612abb6ddf942f99be6797805c1e700,kaczmarj_neurodocker
1259,808911f05cb3bd5accb0e030838cfeca7e0db63e,kaczmarj_neurodocker
1260,80ba27213ed8454a48652b69ac6a12c416b9495f,kaczmarj_neurodocker
1261,80e7cf42bffb92dcd27d8749d6b1ae440619dacd,kaczmarj_neurodocker
1262,8116bbce9514d39241c43021755a2319972b75e5,kaczmarj_neurodocker
1263,814a3ee7ea99cccb1d51df39fa169de938f71eaf,kaczmarj_neurodocker
1264,814c506def038effa12d28c01b06a2399866b8e4,kaczmarj_neurodocker
1265,8153f9fec1b16db959a3ae4b996a373e8c7aaf88,kaczmarj_neurodocker
1266,816dbec04236fb8b1095e68df6fd938206cd955e,kaczmarj_neurodocker
1267,818214793f832aee7eaa74314a49f8711606657b,kaczmarj_neurodocker
1268,819e1b0b3eb01f1caeefc2acb43a6289ad1267d8,kaczmarj_neurodocker
1269,81b93de9c6dd227c9197ace8b59a76f6b4172e2c,kaczmarj_neurodocker
1270,82537ea3c82d2608a217b4cec6f1db634502e433,kaczmarj_neurodocker
1271,827ff7949c2ed152b356c1f3c782280f025930e8,kaczmarj_neurodocker
1272,828197793645d4f2af9127a53d2c1b0b384604a4,kaczmarj_neurodocker
1273,8298729e61c55865a6d7184e42dd9dc5a28664ca,kaczmarj_neurodocker
1274,82a3166bd7c772a107c9312f1432ed38327f88d9,kaczmarj_neurodocker
1275,82b42c7b286274fbeee64d6043abb24f34fe6cec,kaczmarj_neurodocker
1276,82dd4d30dfdd41c3a6aef6824c475b4efc478f3a,kaczmarj_neurodocker
1277,82e8fac37f6dfbd5d96bb044bb2a7ea0b46af150,kaczmarj_neurodocker
1278,82f2d8ace68334b607bbd812894cbe2254ceb0e5,kaczmarj_neurodocker
1279,82f950998578075d11becd1b9f581d7b2ad8eda9,kaczmarj_neurodocker
1280,8314276044fddf18aacb6eb51b62f08dbe58bb39,kaczmarj_neurodocker
1281,83153f7bb87aadb9927e66bb9f3234dee46d28b1,kaczmarj_neurodocker
1282,8320e87809cf1d13f40214041815d6c69c51643f,kaczmarj_neurodocker
1283,83a0bd7c88168c166e1d16d88fad4144c130e044,kaczmarj_neurodocker
1284,83a31505d438f9714308f8d6b4a242c9e97c1d8f,kaczmarj_neurodocker
1285,83dbc15c9b11bf0a165a5670a96b703e4cc3bbef,kaczmarj_neurodocker
1286,83e8362a820372a0ad74b5f2960926bd60ae100e,kaczmarj_neurodocker
1287,83fdfa78c96ddb8af7d13c3fa381db3d5ef6b154,kaczmarj_neurodocker
1288,84188a85b4d57e3acabb6b4dc910a4a06b910613,kaczmarj_neurodocker
1289,84480d48b94eceefbce73beecbb2a783103a0eb8,kaczmarj_neurodocker
1290,8456373b09c41b714d1b46d29a0fa07aa8822660,kaczmarj_neurodocker
1291,84636a3b2c162f46763e4e3948d66ab8b58fc405,kaczmarj_neurodocker
1292,846bc64188b75cebe726a7eeeb99a9f00e21eae3,kaczmarj_neurodocker
1293,8488cf8496bdfbb7ec5aadc3ca4fe53c4fe952e8,kaczmarj_neurodocker
1294,84a3bbbcc0081304c633976102a6ef2bcab48955,kaczmarj_neurodocker
1295,84dceb88a1b7961485484a1bf8ca792b2fc0ec71,kaczmarj_neurodocker
1296,84ee86d3c364b0c2485c9aeef4fe88c89c6592b5,kaczmarj_neurodocker
1297,84efdfd4a508c08dbabde939be17b2c97d3cca22,kaczmarj_neurodocker
1298,85099713c9ae7c21944dca64766c90287559adc0,kaczmarj_neurodocker
1299,8549755ae0edf42a407e3b3fb414373ce78ea81f,kaczmarj_neurodocker
1300,855345aafa31d2f1749bfba0bd9ad47f92513d1a,kaczmarj_neurodocker
1301,8571e0b749c03b5bcdd5211bd3979483c04303f4,kaczmarj_neurodocker
1302,857948b8fe1bc9160e18eac2e4a2818d0acfcb68,kaczmarj_neurodocker
1303,858754f1ae5a623eba6cb98f663fdf7773b02c3e,kaczmarj_neurodocker
1304,859251a87014d206db9abbd34d9b9afa0a2fc6cd,kaczmarj_neurodocker
1305,859d32e29b4ab6f6fb46f89518c0b7447f9c2d45,kaczmarj_neurodocker
1306,85b47ef6bba6fd6109e88b8c90cc7897126cea15,kaczmarj_neurodocker
1307,85cf1b78f8a646250b1c5a8a1435a81fb653f995,kaczmarj_neurodocker
1308,85dea9c416fa3821d08414f9b65f0b2e48e0505e,kaczmarj_neurodocker
1309,86076903d8ad2780a34ea4700a5855376affb743,kaczmarj_neurodocker
1310,861fe1af0121e96db92620b464c6cdbd6512adf5,kaczmarj_neurodocker
1311,86527905664940e2eee94938053129eec8c20558,kaczmarj_neurodocker
1312,865fe2245b9ac17d6ea0a80dde4bf60e63c5401f,kaczmarj_neurodocker
1313,86659fba4288304193c2e2cffa6925197bedc309,kaczmarj_neurodocker
1314,868e5e163b57029bdc4b3ff0de3572482f25b450,kaczmarj_neurodocker
1315,86e7b9e1d9a620f029ab370ff7a50fd1039f7b13,kaczmarj_neurodocker
1316,86fd5d224c38adc14b6ec906c7f913f1d05efdb6,kaczmarj_neurodocker
1317,8716561eb0ff5045dc60e40132099707c15963b1,kaczmarj_neurodocker
1318,875f25d8527d2d6617c2d216f506360eb20b281e,kaczmarj_neurodocker
1319,8762650ec4e48f19544cd1ca1bf6fd8eba226e51,kaczmarj_neurodocker
1320,8791645d474fcb3237701dcc4957d01a28799d0e,kaczmarj_neurodocker
1321,879aa1819092b88291d73d62d89ea7bdaeabee31,kaczmarj_neurodocker
1322,880ffbe39b6e298335b9ba2c61d9ffd35266b096,kaczmarj_neurodocker
1323,88180cfbb53808316ebb989c56b8f653b6f801b3,kaczmarj_neurodocker
1324,8832c31554136cda7aa2aaf28808810cd7bac7d7,kaczmarj_neurodocker
1325,884654f24e3ee003817c3d37d92681f4af27baa2,kaczmarj_neurodocker
1326,8869e26d60aa1ddccc03b46a6be22a55e1333c25,kaczmarj_neurodocker
1327,887ed071c5e0733c2faebb89c99bfed4de94da19,kaczmarj_neurodocker
1328,88978f4e6be5a9d51e84dd5b44eda94c328ecbf1,kaczmarj_neurodocker
1329,88b0dda32327d1e7a4e84c9baa3016252d361db6,kaczmarj_neurodocker
1330,88cb925a8a02d5341d67f4d08dd23e37b81a1403,kaczmarj_neurodocker
1331,88d63fbd0625e7e10e0a8565e4e5b3d13e2c85d2,kaczmarj_neurodocker
1332,88f7190bb0c41161d25f15bcce66a0ce62e5ef51,kaczmarj_neurodocker
1333,890a2105fe5c53eaf69d330f9c61dae27df11ea1,kaczmarj_neurodocker
1334,893a5fdafad37c830f12c5f43a556c0e28b79708,kaczmarj_neurodocker
1335,89418cc186e6f50bd9c7c16d55c56c22d32159b3,kaczmarj_neurodocker
1336,8956d117711a614d37420e6d670d1eb8cd7db365,kaczmarj_neurodocker
1337,89b19df7f54b5e6d5a3bd62fe966bb7700199f4f,kaczmarj_neurodocker
1338,89d8374ce2dab685ebea1648691e0811daa9a8d0,kaczmarj_neurodocker
1339,89db2ca673ccc66f1f72d276c3eacda0585784c4,kaczmarj_neurodocker
1340,89eef531c944a4ee0c938dd6f5b87ab4299b42b4,kaczmarj_neurodocker
1341,8a0755d6d018f2368f8b1d993a90829c7ada190b,kaczmarj_neurodocker
1342,8a2e2184a398261049cbf5b0df18fbc26bc8a926,kaczmarj_neurodocker
1343,8a3e643eb76d07e3adbf44c66048141219f16a45,kaczmarj_neurodocker
1344,8a452bb77c6a2c07118e52dcdf81bda58ba916b5,kaczmarj_neurodocker
1345,8aadb24867233998789654b480d3de9c938afe69,kaczmarj_neurodocker
1346,8ae5a12aeff11bf42c0cbc0f1138bd954e9da7a0,kaczmarj_neurodocker
1347,8b03a90f892e56334faf072d69e4c16b1eba9beb,kaczmarj_neurodocker
1348,8b07e2328e5985c2904f061688dae95dd3281fe4,kaczmarj_neurodocker
1349,8b196477db960c7587544fd8daddc7783a584622,kaczmarj_neurodocker
1350,8b5df1dea048ab0f05cf3571775a65a0c8237618,kaczmarj_neurodocker
1351,8b76a0fbb29ed71bf414f75cdc1332919bd7f444,kaczmarj_neurodocker
1352,8b8da735441fbd0beca6bf61687d95c0dac95421,kaczmarj_neurodocker
1353,8b9d605c32b96ef95ffd1a9a6b9de7d5b6f658bf,kaczmarj_neurodocker
1354,8bc2487dfc0e77ea0d26e138389fc76579d7c4dd,kaczmarj_neurodocker
1355,8bc54d2cce89a9228dcb3ebb86cbe44c90a19dbd,kaczmarj_neurodocker
1356,8bc683d2543d488528d457eee5013c6fca5a0550,kaczmarj_neurodocker
1357,8c107faeebbe15fbf98ded330fe6e4dda5cde2c3,kaczmarj_neurodocker
1358,8c1f16dfb1eeaf960b50ba2390d78f2dfc9a71d0,kaczmarj_neurodocker
1359,8c60e283fe43d802a49838caabfb37bdc1974f39,kaczmarj_neurodocker
1360,8c6e94caef3b708c2289db1646ddd203fcaceade,kaczmarj_neurodocker
1361,8c6f556ada983d1d4e541ef41260ad13ab3ca231,kaczmarj_neurodocker
1362,8c74e092b33e53859d78fb83b7efd7fd0267e0d2,kaczmarj_neurodocker
1363,8c9613f814a1cbdfa8c3f8ed36e2fb67dfb40c42,kaczmarj_neurodocker
1364,8caba9260875ad9834282c9f058d96d1ee4a1174,kaczmarj_neurodocker
1365,8ce769ff2a984af92748633332da382e028bdf77,kaczmarj_neurodocker
1366,8ce8d8639e151e3ad93c6b2934f52b5b2bc4daab,kaczmarj_neurodocker
1367,8d02eb4e7766709b1c32276f9bdb679830974c89,kaczmarj_neurodocker
1368,8d2d36573933dc86d18483a31a53b2768848d722,kaczmarj_neurodocker
1369,8d30fa381313472b5cfedd54924a71adc0eedcf3,kaczmarj_neurodocker
1370,8d57e5bc3606f6fe1bf059d0c1111516149bce80,kaczmarj_neurodocker
1371,8d6abc0f199c1c9034356723fd0c20c19436d49f,kaczmarj_neurodocker
1372,8d79c01b8230002bee3843bbaf902d53e9edf1c2,kaczmarj_neurodocker
1373,8db4bb3527e02846f76584d8cb36d217450dcad1,kaczmarj_neurodocker
1374,8dba82e7536ba3aba5d43980f890c236e68a61c2,kaczmarj_neurodocker
1375,8dd62202104544277976d95106d898451be36e0e,kaczmarj_neurodocker
1376,8de0bbeb795b03fc7772ade2d6d0b1cdf89e7a09,kaczmarj_neurodocker
1377,8e1b9dc438a5af3644a723d3680a0ddba02effdf,kaczmarj_neurodocker
1378,8e23dfb61a5e90edc195e6bc9e31d17f751bc082,kaczmarj_neurodocker
1379,8e664c282e7383e1c7ed6675f10430642a8162ed,kaczmarj_neurodocker
1380,8e71e55735b9b6dbb5b98f1ec5cfec06af56adc6,kaczmarj_neurodocker
1381,8ee1bf7ae8a8cf40b84c29d37f668ce050c19bb0,kaczmarj_neurodocker
1382,8ee4f3a14ed199ce37d30a4086cc58b9cf96cd62,kaczmarj_neurodocker
1383,8f150764c83d87e4596ac5f95951cbe51658d445,kaczmarj_neurodocker
1384,8f446344420970846aa44576ac5ba01239261115,kaczmarj_neurodocker
1385,8f481b467ed17fdf5edfceecb8042b5c11b0e1d7,kaczmarj_neurodocker
1386,8f4d71c8b51bb4d96e3960d0c35f30792d1b34b1,kaczmarj_neurodocker
1387,8f5660aec9efe0fe6cebe6d2e5d06642a35721f0,kaczmarj_neurodocker
1388,8f7eb85e435252c9c5b24ab599c7eaf84a9f3121,kaczmarj_neurodocker
1389,8f8161f79a23e37be0bb95fde08f449c1b9d3a42,kaczmarj_neurodocker
1390,8f88da1fa48a0507f88d00386bee0e6b32f4d7c8,kaczmarj_neurodocker
1391,8f8a16369f8985396799225a6324a8d5bfb412c1,kaczmarj_neurodocker
1392,8f94055b8e7cb3f9d70507ebb9560b5821d8fd9c,kaczmarj_neurodocker
1393,8f98da2af8b72d926486e77003ef66ac7518aafd,kaczmarj_neurodocker
1394,8fc2add8ab4d9fcf3084f2f1b55231266e63277d,kaczmarj_neurodocker
1395,8fdea4cfb1b13cf92e6fc2602bbdd2a03ebd16e0,kaczmarj_neurodocker
1396,8fdecaaff725d661092513cff91c953adaf63222,kaczmarj_neurodocker
1397,8fdf2dd45530086a963efba109f4cf5c73ce350f,kaczmarj_neurodocker
1398,900edee7183bf8916c2bc0c4a181ee1ca2296a48,kaczmarj_neurodocker
1399,901ca43e5d2bc14c90df35440d611ccf160f5512,kaczmarj_neurodocker
1400,901fdd3920cecd279b6b1fd906e27040f86914d6,kaczmarj_neurodocker
1401,905bfee47499caeb3f51fa2349d99f6d7eb0229a,kaczmarj_neurodocker
1402,9090da3b5f39ca34e881f5548298272fe1f5198a,kaczmarj_neurodocker
1403,909b0948c69e5216fd5e391c5af0e78e604afc04,kaczmarj_neurodocker
1404,90a6e08206ea2fc78ca103d53c383b5a99d7cdc0,kaczmarj_neurodocker
1405,90d31a4e8f6d3514f3d7cdbba75161370c341bf8,kaczmarj_neurodocker
1406,90e23dc923f16629ab14b4efae8407d183d0ef7e,kaczmarj_neurodocker
1407,90eb89c849bbd0fdd4a36dffe3c5309844d8dc56,kaczmarj_neurodocker
1408,90ffc0615165d02d5e4b48f65c639d651b6a0c4a,kaczmarj_neurodocker
1409,913333e2c1fb90c4a6d287b2f7196128ca83284e,kaczmarj_neurodocker
1410,913b321643325b8be6158cf87e24498d92ed9feb,kaczmarj_neurodocker
1411,91410a0f1d6f0b5731691dbd152dd00bbc3aaa8f,kaczmarj_neurodocker
1412,916162989b797aca47d46b418b1ffe7e03236351,kaczmarj_neurodocker
1413,916456822cec70a180c49d4e79f2c1b9e90893c8,kaczmarj_neurodocker
1414,91673abca5ea22810a29262157037dc676d11d22,kaczmarj_neurodocker
1415,916b0a12504dbdfb20bd3ab4c365d03f83105637,kaczmarj_neurodocker
1416,916d836135d217fe6115ae4d4cb2275d2bd949e4,kaczmarj_neurodocker
1417,917a1342109080e6ede1c2cf1492b993b97b5912,kaczmarj_neurodocker
1418,91a50a2b35f9ce994e03d5aef1ec2320e8ea08bf,kaczmarj_neurodocker
1419,91d1059ec2756a73ea5d7ef3017a8ee6e0bc2035,kaczmarj_neurodocker
1420,91df3067dddb7d488ff9d0e92ce0679345a1cb6b,kaczmarj_neurodocker
1421,91e3247ffb0d176f77c3ac3b3837acf8f252fd06,kaczmarj_neurodocker
1422,9219b75f417935602809d4a4519ef06fbc25e23d,kaczmarj_neurodocker
1423,921eae4ab211ca1534bbdc6b5e1ddd1a134cbb9e,kaczmarj_neurodocker
1424,9227b17ea5e979fa90888811059ceeefad36f315,kaczmarj_neurodocker
1425,923195f878d100ec207bc39d3517b45deaa4a5b9,kaczmarj_neurodocker
1426,9242fa0a2e4b1e565a2ff31b1405611a3a13e411,kaczmarj_neurodocker
1427,92611f9ec476f6174e05aadeb57448f7b8070ea7,kaczmarj_neurodocker
1428,927109fb28e44b805b59150a8fe414a69ab0de4c,kaczmarj_neurodocker
1429,9274e1828fd16f3a547dd5c210731a44f629d814,kaczmarj_neurodocker
1430,927b960fb8e2f0ae445ec4ad5c68f05f0672de0b,kaczmarj_neurodocker
1431,92848df9fbedeb13c640caee6067aa32dc5983b6,kaczmarj_neurodocker
1432,930590a2f052679830f474926156dec272736e2d,kaczmarj_neurodocker
1433,930c64c4013665570607b85cf841f8be3f181f05,kaczmarj_neurodocker
1434,932914b44b538129133f2a14fee1fd9db8f5c6b2,kaczmarj_neurodocker
1435,932be130cadcfcc499d1646d8c237ed3618ad1e6,kaczmarj_neurodocker
1436,9330a4a3c16fc87919d3dffaa3aa0b928d3cd016,kaczmarj_neurodocker
1437,934566de0f689741c36511934e548f9bd0ee06c3,kaczmarj_neurodocker
1438,936ef9052316f529224ca75446e103bd1247247b,kaczmarj_neurodocker
1439,93bb15a05c43506410dd13a83cd767c51da9e410,kaczmarj_neurodocker
1440,93dbdcd2ca14f77a482f005525531c0c0e9497ff,kaczmarj_neurodocker
1441,93ed206129f2942d3b472b2653f0a7974667fd23,kaczmarj_neurodocker
1442,93f689e4a017a99ba2eaf8c68c417e8c66b4e824,kaczmarj_neurodocker
1443,940eb7a9f71aa8f2f51d9a301bde6ee82ca4301c,kaczmarj_neurodocker
1444,9411c1ae086bb4e7d30af9be24d5dc770857b5e2,kaczmarj_neurodocker
1445,941f29cdba498939156e807f86cc4f27d03a8e8c,kaczmarj_neurodocker
1446,942c7295eeda126b41004c6375b8c866783d2fec,kaczmarj_neurodocker
1447,943679f508962dbf57ed5b1e5cd755123d50dbc8,kaczmarj_neurodocker
1448,945557e597f638eef73e2390f10fb43249f1733f,kaczmarj_neurodocker
1449,9464f07d5035ff8b1384b244996bce926c4a0945,kaczmarj_neurodocker
1450,94acc9c1a62333b020703fd6489be3a667cfa269,kaczmarj_neurodocker
1451,94c4b6a4723135603297c997344a749797b5d513,kaczmarj_neurodocker
1452,94c8f4b0e9739bde364c2c220a43270dbdf8ac70,kaczmarj_neurodocker
1453,94db0e0eaaf0ade7b554b811d82ddf69b52f986e,kaczmarj_neurodocker
1454,94e704f617057b007429b59d2b4f0366979c1755,kaczmarj_neurodocker
1455,94eb6ed5c2974b140fef350f6252c74e452d198d,kaczmarj_neurodocker
1456,94f6ddded7dcdd683d0175447de0c4c690f27304,kaczmarj_neurodocker
1457,94fd7ce8452535ba3b76cceb1ff977842bca0d8d,kaczmarj_neurodocker
1458,95055e07e4ff64a454382ee03aa32b5a559e0548,kaczmarj_neurodocker
1459,95150b4f26297b424de7bcf010217fb3658b40fd,kaczmarj_neurodocker
1460,95312db2e5e7ac45f20a0a84f107af05f151bbf7,kaczmarj_neurodocker
1461,953c7280d6945d9f777e5b97dbd72f5ffc6a8459,kaczmarj_neurodocker
1462,955b927dd2086441a31c6fc74d2a190e2cee0cd4,kaczmarj_neurodocker
1463,956afe3a3a02a4cc40f105498a51757ce1e8677d,kaczmarj_neurodocker
1464,956b756e5106e320a5b1fcaa32d88a46d0cbe86f,kaczmarj_neurodocker
1465,956e48a77a1bd3e0545cbef0ab23c5961662016c,kaczmarj_neurodocker
1466,9576d22a1bcc0daae78a2fffad38e95b6f4bf1d4,kaczmarj_neurodocker
1467,958a1fca548059256058e0ace1beaae4cf5bdeae,kaczmarj_neurodocker
1468,958e2af1df482f37e36926de088b1919a8bdc377,kaczmarj_neurodocker
1469,95a01ad2c2191452788cc7e4a6730249ca0ad556,kaczmarj_neurodocker
1470,95b83529b4bbdcf2b11121442f4cc45de8416f97,kaczmarj_neurodocker
1471,95c4a3168ecfda54ed3eaae7976842d678d40555,kaczmarj_neurodocker
1472,95f8f912bbd2178b66873c1913ea9e37e383148e,kaczmarj_neurodocker
1473,96098337a34353717b888b519f668110c532c724,kaczmarj_neurodocker
1474,961c7a53cfadf989e4c51523d78ff80ae3cb7ed5,kaczmarj_neurodocker
1475,963e6fcab9acf81c456d20d216eb249851a850a5,kaczmarj_neurodocker
1476,9647c1cfd3b9008d986f68f6eddb095e3291a555,kaczmarj_neurodocker
1477,964e37d1ec2e342fee09c2f0ab320de621326d54,kaczmarj_neurodocker
1478,96530a1a08d6b647593f5ff422af64939bbf968f,kaczmarj_neurodocker
1479,965d0f09bfc075597599d64b8111c3a6bc00a7f2,kaczmarj_neurodocker
1480,968fdd4f59e1f65d3ecbb917c61b2a8df9758a6a,kaczmarj_neurodocker
1481,96aa41596efbcbfe9fa57fd301dde49b61f4a2da,kaczmarj_neurodocker
1482,96bdcab2f4d91da07629ae655ad963a14af4afa9,kaczmarj_neurodocker
1483,96d5b46e087323e278377c3d0f011175dfa3523d,kaczmarj_neurodocker
1484,96e0bb5961d438c30e36129021829c99eb1f3fcd,kaczmarj_neurodocker
1485,970d5e9022171d664f8b74310aebfaeea14ee005,kaczmarj_neurodocker
1486,974146fff3dd2f39d78108098a3ad5d549ebf987,kaczmarj_neurodocker
1487,974e8c962c1dcc79b1d01ae3c2cebbb19c10b722,kaczmarj_neurodocker
1488,9765a373cd7a8c5388340bdcfb802342ba9aa8c5,kaczmarj_neurodocker
1489,97787263082b005933611020c12c5a2c9c04cb4d,kaczmarj_neurodocker
1490,9792c6aea8ed75dad2e593b9e4f6b8bd082cfd0e,kaczmarj_neurodocker
1491,97a4f00bed1fae82e81b05db9d3387e0f5d8d040,kaczmarj_neurodocker
1492,97a7bd6f58e0cb0b9aab73368dabfec525735ec0,kaczmarj_neurodocker
1493,97b7a3c46a0fc7a9651d51c730b55d5a81275bbb,kaczmarj_neurodocker
1494,97d64b840e6dd53e5ae5ca21f8678e92a8aed032,kaczmarj_neurodocker
1495,97da0ae3f3f864d5032323274136763e6a415a0c,kaczmarj_neurodocker
1496,980aed32e48c609769614e629982a7b34689f2dc,kaczmarj_neurodocker
1497,9830a06b498f2d33f4be283990339ccdbf6b3c8d,kaczmarj_neurodocker
1498,9863175ced68c7bf9d2a487aa514c1110dd06244,kaczmarj_neurodocker
1499,98cc4958b601791e19c23b8cbd63540abe33de14,kaczmarj_neurodocker
1500,991327f59e5dcc50b9748496b80aa0e83524e858,kaczmarj_neurodocker
1501,99393785a44dbfe61df0b75a43095f9fa6afca4a,kaczmarj_neurodocker
1502,993cca260cee66e9eb5095fd6b9b4ae54a220431,kaczmarj_neurodocker
1503,995be5800451b8ecc0c8495f24297bd736b6c507,kaczmarj_neurodocker
1504,997931ee3507a037081b8dc050987f74be1ea1ef,kaczmarj_neurodocker
1505,9991487b530a25d74d39d46e5b3fb21fe48af94f,kaczmarj_neurodocker
1506,999865c33186d2e971cca62280b273247e0d760a,kaczmarj_neurodocker
1507,99c33f0fcac84d34d5f95179ec0ba93fa880a483,kaczmarj_neurodocker
1508,99f5879ac9e77de13a2180e140da7a48043abcbd,kaczmarj_neurodocker
1509,9a151df155a8c7bd56587249544582aa6621489e,kaczmarj_neurodocker
1510,9a48f2dce157d7fceb9bfde205947d5c26a15076,kaczmarj_neurodocker
1511,9a4952d98d05954884506106c61fb549ae1f30c3,kaczmarj_neurodocker
1512,9a5b3fd7375e5a84f705e87013d0f5fd5b749b1d,kaczmarj_neurodocker
1513,9a991f7b37cbe172ce335c323358e954097fabf0,kaczmarj_neurodocker
1514,9af7135860f173534b6da946d7283631325c257d,kaczmarj_neurodocker
1515,9afd0de1540f319b010efa62ebbadd70be302c34,kaczmarj_neurodocker
1516,9b0d75fb69f06f2582e42d314e4c95eaf88c1e29,kaczmarj_neurodocker
1517,9b2ffbe49e17dca6de1a4531283fec8a85c4417b,kaczmarj_neurodocker
1518,9b39d67f204a502133797035adffe072c2127163,kaczmarj_neurodocker
1519,9b434dbb9081c906401fd34ffc97b43086eb28f8,kaczmarj_neurodocker
1520,9baeb376285687415a01ebda5342869fa344edd9,kaczmarj_neurodocker
1521,9bc2034f1908530de0c02554255a2cc0c851c526,kaczmarj_neurodocker
1522,9bccfbe7ee256239cdf761b67611cfd33b462251,kaczmarj_neurodocker
1523,9bce493b307cb805e4c8a2578e4e78cb07c5c345,kaczmarj_neurodocker
1524,9bf645044340860679e306f114fb318e5f335015,kaczmarj_neurodocker
1525,9c0336a9cbcebe6e0b26ce8c4077e3947c7a8498,kaczmarj_neurodocker
1526,9c19d663bd511270ccaa3bb24c4ef953326faaa9,kaczmarj_neurodocker
1527,9c5378d91044c995ce4e3051ee7f37ca6dc56cff,kaczmarj_neurodocker
1528,9c62f272700f9171ac6b9b5f9e86f11f0db13640,kaczmarj_neurodocker
1529,9c8fa88aed3263ca9a5666f7456a0e805b3f4017,kaczmarj_neurodocker
1530,9c9bc0c1c73b02bf47bcc486e4352e9ab6854899,kaczmarj_neurodocker
1531,9ccd2e38f9e0b5242002ab5d52882c579d0f9896,kaczmarj_neurodocker
1532,9d5b36a105d077d87a6c808a2c24e42edb1dcc68,kaczmarj_neurodocker
1533,9d73557ca808b50ae845bbc8de19fecd73fdc2bd,kaczmarj_neurodocker
1534,9d9ae9199cec69f35c28d23e6e8180f2bde09d06,kaczmarj_neurodocker
1535,9da3823845e2c4588c0b44dc682fec87a2f1c37c,kaczmarj_neurodocker
1536,9db55f2f7786de0a68a9f3c4b93c6e9a3a69ad1c,kaczmarj_neurodocker
1537,9dc4fa3e5646819e37f0d8198e1ff1c991fc48bb,kaczmarj_neurodocker
1538,9ddd244fb9c1a96d7d939c41a90880ed5c9b4171,kaczmarj_neurodocker
1539,9e169c901592a525257a60d8e780f21a2cd66fdb,kaczmarj_neurodocker
1540,9e1cb88f13878a86768120f16bec68ba1202d4b8,kaczmarj_neurodocker
1541,9e235e0c55e797d8a1585fbe911a6e9de6766668,kaczmarj_neurodocker
1542,9e267258d0f3e9f51d013fd6ae5ef1916d0a9643,kaczmarj_neurodocker
1543,9e4eb506770d78b8653f6a1fde040573df3e9b52,kaczmarj_neurodocker
1544,9e6bdd5b86a3b0adea60eeef54a2baa3ec04a479,kaczmarj_neurodocker
1545,9ea4d50b602eee5f0b596cca13086132a16763d7,kaczmarj_neurodocker
1546,9ea5b32f6f77eabda07c3ff864a422c452a6110b,kaczmarj_neurodocker
1547,9f01ec87396b9dde62bbf2702a2dc3cc6f6cc50d,kaczmarj_neurodocker
1548,9f0853e550203e1a8e51db2f8a8c2d79667d5dc5,kaczmarj_neurodocker
1549,9fa198c9738522eef8432937dae678020693c462,kaczmarj_neurodocker
1550,9fac9c2811394cf9d92c6926e16ed829d13af5f7,kaczmarj_neurodocker
1551,9fdc1c7cf4732d5be14fbcfab01f38f0d487102c,kaczmarj_neurodocker
1552,9febd676449e56feb0f9b5252431fab8f25e6bf2,kaczmarj_neurodocker
1553,a02eb2375d14fb8e5d3c2465bdb84d2cf8a35b88,kaczmarj_neurodocker
1554,a059ec3313e69f3e099cee1e467b1155c199a346,kaczmarj_neurodocker
1555,a05eef7a767411853b32ea86c27d09bcdc4628b3,kaczmarj_neurodocker
1556,a078e25b2702b6a6838e1760094ee8482548c793,kaczmarj_neurodocker
1557,a0cb5c82905f6021ef888f35c60f711113218ff5,kaczmarj_neurodocker
1558,a0da149ee77073d43eb4eceada5ed581a24797a1,kaczmarj_neurodocker
1559,a0dae2e3c713ccd68d5f86ffa85d4df7928b3cba,kaczmarj_neurodocker
1560,a0f9133bc1bfabb15bc5fe6103c5c3975b9c9693,kaczmarj_neurodocker
1561,a159e6c76bc220b31626262147c94addfe5ec79f,kaczmarj_neurodocker
1562,a15e02351e9995f50afea008fa22b4d10ef0e30d,kaczmarj_neurodocker
1563,a1655531dad6a0bb6c28141d8a6f67c2eca0a444,kaczmarj_neurodocker
1564,a1719727d53aa4f23eeb4f89dde72001acb37bbf,kaczmarj_neurodocker
1565,a19c0ab4318224a6446b6bf2972e24e9016c7b89,kaczmarj_neurodocker
1566,a1af89747af1308a964bc353b3d87384e9284d31,kaczmarj_neurodocker
1567,a1cc2e55e433ff7c4cd966b64032d86d26f76f29,kaczmarj_neurodocker
1568,a203b237750967c613731f044011d196c2401726,kaczmarj_neurodocker
1569,a217c254a6a783c1233494778091fe72713e1451,kaczmarj_neurodocker
1570,a24c771ffc625604679c9dff651f10c6720ad435,kaczmarj_neurodocker
1571,a27d375a59a7dc086284240e926d126a93a3c35e,kaczmarj_neurodocker
1572,a28041cf659f8c79adca3601fabd3d7040377c6c,kaczmarj_neurodocker
1573,a2831dac4723b8160407d789f0a37b3fcd39d0d6,kaczmarj_neurodocker
1574,a290c991b59c70833192e71105e216b4b18d6aa5,kaczmarj_neurodocker
1575,a2964f8a22a5e9aae81d2a151615fcbc3947dbbf,kaczmarj_neurodocker
1576,a2a57d702c56c9ad851ff7a7b2cf5c816d7f3f90,kaczmarj_neurodocker
1577,a2dcc93e4939dabdc241964d2d66b42bca1e3f27,kaczmarj_neurodocker
1578,a2f23e18dee59c3937bae0dc598347efbdb93286,kaczmarj_neurodocker
1579,a2f94d0ee0fa2078742e683e251f3e834e147590,kaczmarj_neurodocker
1580,a2fb4ba5522ddc1f27c9c15b35fed4f550a8d23b,kaczmarj_neurodocker
1581,a31adc248ab6a5e0c2f7d4e87b4901eac7ce2109,kaczmarj_neurodocker
1582,a33ebde7384d45aeaf7e07bd9e6ff0fc51af0dd4,kaczmarj_neurodocker
1583,a343cf489faf786dbb3e11873ff020614ea44211,kaczmarj_neurodocker
1584,a352ac292ab37c3e6faa1fba3627f00602888b28,kaczmarj_neurodocker
1585,a3571654f719f446e5069f04e630b4a731d6a8c9,kaczmarj_neurodocker
1586,a36d2954f6be1e7db84e3a14f62ff53e797ef20f,kaczmarj_neurodocker
1587,a3a1fba49729bd6b2bd1584b8c96e1c7b38ae311,kaczmarj_neurodocker
1588,a3a6125e00f460215a42b959d265e2aa8d35f29d,kaczmarj_neurodocker
1589,a3c41a2bf17359aef9477b038167abc5a17e605e,kaczmarj_neurodocker
1590,a3c865c8c2cf634742dcc807970220beae5e323e,kaczmarj_neurodocker
1591,a3cb0a38fe1e1e2b99a89c7c495be98c8de1d274,kaczmarj_neurodocker
1592,a3cecdf7a18e1125dc57d24adeac41a6b3a4553b,kaczmarj_neurodocker
1593,a3eda8a989aa5b90d8d6c4a3b82c12b5cf98af10,kaczmarj_neurodocker
1594,a3f202dd35627580dfd62fd170e424492a1ad82a,kaczmarj_neurodocker
1595,a3f92b9e22ab9e6654d3829ee7015f3074ce0063,kaczmarj_neurodocker
1596,a3f93bd77f47b04508888bbe39d3fb01aee2cab3,kaczmarj_neurodocker
1597,a401fce352b9779fda4fb5b64ca76537ab67bb15,kaczmarj_neurodocker
1598,a40e152829ffd2b5fcec29d774ad33a9a14e3b35,kaczmarj_neurodocker
1599,a41efbd8fb9ad56f5bd41e071092d0720ff13138,kaczmarj_neurodocker
1600,a42f9297d5088a67e651d67bf941fc2a18ca101c,kaczmarj_neurodocker
1601,a44107eca6262cda6521205742bfec4ff7eb0443,kaczmarj_neurodocker
1602,a46b695959a14499d541e68acb84f33e2f638aeb,kaczmarj_neurodocker
1603,a4940e311a260ccc863091812d4a3e89912ff632,kaczmarj_neurodocker
1604,a4ae2377c5e42274602f33804c5e98e84b09ad0e,kaczmarj_neurodocker
1605,a4c1663ad660b630fcbf6e123332ecae05385766,kaczmarj_neurodocker
1606,a4c802cf25b5931c0471fd8cd77e8cd4695fe778,kaczmarj_neurodocker
1607,a4dea0d9e29b99947785994efaed8b5300ae7165,kaczmarj_neurodocker
1608,a5278f4565834ab5f1336f9b66f89d33d4ebe1f4,kaczmarj_neurodocker
1609,a539f26359c1aa9f641aa5f3d903ab35a9522ae0,kaczmarj_neurodocker
1610,a559c9b4e26e6e284a88305ecffddef644a939cc,kaczmarj_neurodocker
1611,a5625b44a0ccafacfc88c4926f23f714741cfb89,kaczmarj_neurodocker
1612,a59ec7b59f57225c0c6af82048ca304b24a81c1b,kaczmarj_neurodocker
1613,a5ce4d2ba51161ff42e1149d8eecf93593562f2b,kaczmarj_neurodocker
1614,a5cf33dc7d721a34286c2833538cf6f1b532aca9,kaczmarj_neurodocker
1615,a5df85fd1d8966c1fdef2960fac6f06a1f1bcf7c,kaczmarj_neurodocker
1616,a61a9dee709451301f0a9391db49d682d9280193,kaczmarj_neurodocker
1617,a62a3036d9613a2247b4f30351fc35578085f536,kaczmarj_neurodocker
1618,a64f5cd31e1a7f4009b22e9f4aa6127fdf48fe5c,kaczmarj_neurodocker
1619,a6596a40e35c6e3bf61a3055d8686212cb5540f5,kaczmarj_neurodocker
1620,a6631ba13fef7afbd8cffca488fa24be899f50e4,kaczmarj_neurodocker
1621,a66cd90291d5ea9a3f988a17a1adb4fa6a754bcf,kaczmarj_neurodocker
1622,a6b517df5d30182dacbc209ae95545cbce5973f0,kaczmarj_neurodocker
1623,a6c8b5210aecb6494dcddca9eb941c6f40b2fd89,kaczmarj_neurodocker
1624,a6d919336f1dd9610c48affe503004612dfeece9,kaczmarj_neurodocker
1625,a6f75d625c0741199e98e406b412c2601626d0ec,kaczmarj_neurodocker
1626,a717c5d31cff7b3badb87bd11a24651feb5b9d7d,kaczmarj_neurodocker
1627,a74ac5fda865ef98296a50cc263ddc664d8700b2,kaczmarj_neurodocker
1628,a755ae40d9cfc6490b3c082dbbb1cc316ce9af25,kaczmarj_neurodocker
1629,a77bcc19d59b4b5cbf862e873d2dd11a0c83a507,kaczmarj_neurodocker
1630,a78974b7d182d2caee1d82d0994737c87a39c564,kaczmarj_neurodocker
1631,a78d3d883bcf8df046c53774cd975e7a5a2d299d,kaczmarj_neurodocker
1632,a79cd1922162bb4d9a0aae20f6abc247b14ceb69,kaczmarj_neurodocker
1633,a7a57a10999ce65913ea29167e55a1c4b0e3db89,kaczmarj_neurodocker
1634,a7c5506365fe89196dce04bb7f437b12df137cd0,kaczmarj_neurodocker
1635,a80dfa48d224697a1bafd62edd6ebedb20d8d249,kaczmarj_neurodocker
1636,a812291f800c2689c68208fc6052fd2cb942d0cd,kaczmarj_neurodocker
1637,a8197d282cfd22aae8698801165164c929f4c1e2,kaczmarj_neurodocker
1638,a81dc7115960b1f6fb1ab5bb4d9e7d4fa34a28a5,kaczmarj_neurodocker
1639,a8385e8013d7405c423f4067792b45bc5e6cc2ee,kaczmarj_neurodocker
1640,a87693e5676e7c4d272bc4eb8285f9232860d0ff,kaczmarj_neurodocker
1641,a87802bd46865b1afa37c94cb3c1c3a98d29772e,kaczmarj_neurodocker
1642,a87db83f7d9046ac4343e1415a91417183d7b6c9,kaczmarj_neurodocker
1643,a88b62d8094461165a210a4f882e032cbab9a201,kaczmarj_neurodocker
1644,a89bf0e956d783dc5a61740d90061f30802d0d26,kaczmarj_neurodocker
1645,a8a255658df1263d9fcfe742de3cd0f5fb5df6a9,kaczmarj_neurodocker
1646,a8afd953a78e75d5f4e3cf263a8617a4cf3fc586,kaczmarj_neurodocker
1647,a8bb71edcd483d79c583ebf66178e901f353f3bc,kaczmarj_neurodocker
1648,a8c0cedaf29e9928cc88a919a076ae76f3f65972,kaczmarj_neurodocker
1649,a8ff072a4314a0907264261396fdfba885aecd84,kaczmarj_neurodocker
1650,a9070394548d15dfa5f13b10145676d9973eac5c,kaczmarj_neurodocker
1651,a9071f9bfb9ada2538816ea8c52492b644f75b8f,kaczmarj_neurodocker
1652,a91a1b430ec9a66b0a2d049458f0cb4e048a6fc7,kaczmarj_neurodocker
1653,a9384a4e74d524de3a379fa6a3e4ddb4719d21b6,kaczmarj_neurodocker
1654,a9631e27b621d9071499c712468ee814b5aa468e,kaczmarj_neurodocker
1655,a9a1f7083a59bd461516938fbeac2afab5d1e47d,kaczmarj_neurodocker
1656,a9a9d3052eb09477dc270ff0065709d199ce8b7e,kaczmarj_neurodocker
1657,a9cdd4efcead49f6adddbb7dc2e545ffdbfa0101,kaczmarj_neurodocker
1658,a9e711cfaf3d65ec3e5f92f5fbdd58d26491bc79,kaczmarj_neurodocker
1659,a9e781dc64c95346f2d2a0d6fb33649d56f22fa4,kaczmarj_neurodocker
1660,a9fe2ceec78639734c197e193b1d1382b888aec4,kaczmarj_neurodocker
1661,aa0b159744ee50cac82eca709a98d1b05f45cb54,kaczmarj_neurodocker
1662,aa13bd05156965c891c2b2f66b18d3214adb840d,kaczmarj_neurodocker
1663,aa29f954b36faedacbb8a7bedfb8d549ab16828e,kaczmarj_neurodocker
1664,aa43dbb03456653bd6665c4995508eb0d45cbb6b,kaczmarj_neurodocker
1665,aa67e8dd9c1f3e31d17fee7ff28a0b47b32bd216,kaczmarj_neurodocker
1666,aa681bc7a25d573570668d6e6103684369cddc56,kaczmarj_neurodocker
1667,aa8d14d38e6a715cc992e2a8bf9c02870cfafc8d,kaczmarj_neurodocker
1668,aa9886e82417539b907987a37f5a4cbc94f5ec00,kaczmarj_neurodocker
1669,aa9fd93899d6403a2494d7462e277c48c0db78f7,kaczmarj_neurodocker
1670,aaa7671c86792d32bfe5277736a637bbd3034b21,kaczmarj_neurodocker
1671,aac54db917ef864d3e5e4654cf83e0dc1a05a8c3,kaczmarj_neurodocker
1672,ab02a3c02f50835ab2572e64a937c322baabe457,kaczmarj_neurodocker
1673,ab03622777e425eff830fd76abe927f632b9e54e,kaczmarj_neurodocker
1674,ab03eaaae438a92da12aa79fbda8fa001b3c8459,kaczmarj_neurodocker
1675,ab05e350f3a3bfbade17e81007c9541156559da0,kaczmarj_neurodocker
1676,ab2fa37a8a0e5c276a8e955e3d141ff880cf2f03,kaczmarj_neurodocker
1677,ab3a0f46acd2acfc719860d92becb457a6997109,kaczmarj_neurodocker
1678,ab5384c31e7553e7033c19b4ff9e637bbb0fa915,kaczmarj_neurodocker
1679,ab54270cd811196b4485048a44089dad75a7170a,kaczmarj_neurodocker
1680,ab9539c93ff51054b10b5d3e55fe20b8cebeb0af,kaczmarj_neurodocker
1681,aba2709311e8780dbd062952ca752a99e0a3376d,kaczmarj_neurodocker
1682,abada1cb2c7db5224b6cfa7dc8fda5d8d6812f18,kaczmarj_neurodocker
1683,abf3084026fd55b7b962ff4b9f1b765cb7fbe731,kaczmarj_neurodocker
1684,ac1069fe0cae25f3686f923e0bf7ce38fc7ca599,kaczmarj_neurodocker
1685,ac47ec9f31cd8f79459279add4b3cbca2207b751,kaczmarj_neurodocker
1686,ac676be909b9e68aa1b2fafa89216d3e2f7f93fe,kaczmarj_neurodocker
1687,ac7ee3795cb19aa5d31c5bda56f100a27533e756,kaczmarj_neurodocker
1688,ace05aba33ea2b29444ef41064a3f0a2c88572b8,kaczmarj_neurodocker
1689,acf2876e3565a670e5cc73b1f9b4fa9943c0c0c7,kaczmarj_neurodocker
1690,acfdc6d53bde358fec39a170eb2440d5ddbaa768,kaczmarj_neurodocker
1691,ad0e36924de0a2c337888c6279a6154d73b909bb,kaczmarj_neurodocker
1692,ad2ded391ae74633dfbdc0a3998e3a3496aadb57,kaczmarj_neurodocker
1693,ad2f3a62afa9a8852bbf0ff3f1df1aadb3b74c8d,kaczmarj_neurodocker
1694,ad31d2483430af96040bd7189236e3df3bd0cbad,kaczmarj_neurodocker
1695,ad62560e8a1685700ee4a71c8586877008d6ad95,kaczmarj_neurodocker
1696,ad91e73c50000ebe0c82edd8c930a9886fb40f98,kaczmarj_neurodocker
1697,adefe914325a5be28f424a7b166e940ab8a7b98c,kaczmarj_neurodocker
1698,adf3efd25720d506b447d1bc69709c5bba6633b5,kaczmarj_neurodocker
1699,adfe6b6e51866f6ad9e0a343fa119ad52490297d,kaczmarj_neurodocker
1700,ae17cf8b02dc04a3d56385c6dbe24c449d009e73,kaczmarj_neurodocker
1701,ae1fa454d92cdbd4cdae00984648375864edbcbf,kaczmarj_neurodocker
1702,ae9d4d549450a9ccdfb110eb6461a3aeae82943d,kaczmarj_neurodocker
1703,aeac0d0577daa980d41051d56938d75401e195a8,kaczmarj_neurodocker
1704,aeb62d56da38124c8f3132d771c037c94b044673,kaczmarj_neurodocker
1705,aed3526e21a457afefc100430eb3a0a780703812,kaczmarj_neurodocker
1706,aee0597f7ca60b2cea9fc6b57839a3fa2cc9fbb0,kaczmarj_neurodocker
1707,aee6519d314a47e713b39a6664a0559a9cd88413,kaczmarj_neurodocker
1708,af04fed7f852cb64798a64a50daf6703ed01e086,kaczmarj_neurodocker
1709,af29f0d42d26b59a546d94951bee616263e09c40,kaczmarj_neurodocker
1710,af3e9818f5f5d4ab35061749f565fdf7166f7769,kaczmarj_neurodocker
1711,afa88c9e8205136750a57aabeedd15a57cf96c32,kaczmarj_neurodocker
1712,afaaf1891f4d017bb890e927ee4d626c3574e41c,kaczmarj_neurodocker
1713,aff5c43cbca2ab241b3602986ca16b10694d5ebe,kaczmarj_neurodocker
1714,affe6ca680be047ac557c28af1a5fefbeb9f693d,kaczmarj_neurodocker
1715,affe7f9f8e3fda58def0579fe7a520dca762d994,kaczmarj_neurodocker
1716,b00bb4526981d5d9c73ed16d25b2ad560cfcc8ba,kaczmarj_neurodocker
1717,b0147a0cb433d602b7a4080839c6ee229557adcb,kaczmarj_neurodocker
1718,b01a0f65d0b3cae2f1f0d3f73621ccfa9c39be55,kaczmarj_neurodocker
1719,b08920ef76170b0f6b12d91cbe53167560f5fce8,kaczmarj_neurodocker
1720,b08babf3244a52b4dfda27c927f188e5a4ccf429,kaczmarj_neurodocker
1721,b0a3ea4a23be7c981df08b7ec65f8de16176b695,kaczmarj_neurodocker
1722,b0a988f0382716120dbab8f3a567592009d21568,kaczmarj_neurodocker
1723,b0aa1759c454c1c3d9605cd72ff081166ccdb748,kaczmarj_neurodocker
1724,b0bdcf1c5decbed82221dc91ae16089f9ac47f1c,kaczmarj_neurodocker
1725,b0d598ea622fe0c368ad1ee1d8a54c31d6357a38,kaczmarj_neurodocker
1726,b0eb89f57ad424656c2f1b376388f740647737a3,kaczmarj_neurodocker
1727,b0ee069be332d2adc34add55f4c97e86107e92aa,kaczmarj_neurodocker
1728,b11e64f387ab0141f777515143c8adbe9cc09f0d,kaczmarj_neurodocker
1729,b11e7fdd69a18e89efd9a858158c08d061e2bedc,kaczmarj_neurodocker
1730,b13d43e9537779978ba7b0cc4ba2d123e06b613d,kaczmarj_neurodocker
1731,b14618a43a0ce35d8df047a67cbe4899cce39de5,kaczmarj_neurodocker
1732,b1559c09dec29cb26e7ceae0f8706046116501de,kaczmarj_neurodocker
1733,b1779f0666cfb88469aa97500138489c2b1ef7de,kaczmarj_neurodocker
1734,b183e0c3be8ab074f7329ba92389be2caa52be6b,kaczmarj_neurodocker
1735,b184d1605e75727c2ac52c0928fc9bfd43bef2f3,kaczmarj_neurodocker
1736,b1dd52b7d1be426bde3531510187bb73539562a7,kaczmarj_neurodocker
1737,b1f4357f9f05759fb3e4a753d2110b595b5923e6,kaczmarj_neurodocker
1738,b20b2ed035e87ae8495d8765c4961ce86dd58e4c,kaczmarj_neurodocker
1739,b20dce223ea6146643798d0bd542b638c0b40122,kaczmarj_neurodocker
1740,b212296bcfc2bd5d03c09946759f96ebae097b95,kaczmarj_neurodocker
1741,b21787e9dcd94f4348684e2b23dad8e1b3a80865,kaczmarj_neurodocker
1742,b24fa93dc330f8cee51d8b44738860aee9652c4a,kaczmarj_neurodocker
1743,b26115f061bd01a373cada1618316b688717b323,kaczmarj_neurodocker
1744,b281aa9f1b63e086a2993281db3ed0c4e38ff187,kaczmarj_neurodocker
1745,b31cff88165004f359203e35229fdf066a1bd9e4,kaczmarj_neurodocker
1746,b332a4f55f39973fff9458c7ed068bbf1400d25b,kaczmarj_neurodocker
1747,b3419cb7a6369de3655d8822fc8bfbf31eba3349,kaczmarj_neurodocker
1748,b36c01c06f4a2af82b04141083892543c9a1918d,kaczmarj_neurodocker
1749,b39dfd33427753f2845d65ee5f24c3d6a741f1b3,kaczmarj_neurodocker
1750,b3b3dde56b5224ce65e67a767286bb2146ce7553,kaczmarj_neurodocker
1751,b3b43e1416f53aa1f31dc68e7c8163703d503839,kaczmarj_neurodocker
1752,b3dd781c4c06322c93b2b5374973846ba73e9e18,kaczmarj_neurodocker
1753,b3f59dd5138bf823b7babd54a33664fccbc35545,kaczmarj_neurodocker
1754,b40edd3d63b8df7bf68c7bcf623ee1fd63b98440,kaczmarj_neurodocker
1755,b42fb1208db6e45bb4cd53708e4efa7239eb3dd1,kaczmarj_neurodocker
1756,b44405e9aea339283aeb438c26294a10ec2826c6,kaczmarj_neurodocker
1757,b448951260f279e5a93bcce77b6a61719d2469f0,kaczmarj_neurodocker
1758,b464f07ecee2a636fcc1de2cf8036c01a7c8db27,kaczmarj_neurodocker
1759,b470eb6abf9ec4ed23ef76efc74fbe4cf2aabdf6,kaczmarj_neurodocker
1760,b47c7253d5febfe862a0f0046b8e414452d04bd8,kaczmarj_neurodocker
1761,b496ce7d9b6616bb30846b2c6b8b7a6e1fcc853e,kaczmarj_neurodocker
1762,b4c423450ed52f72c2b591666c347bb59e5bdcf6,kaczmarj_neurodocker
1763,b4d6a2e6cc8ca76179716faf90eb486bba9f02de,kaczmarj_neurodocker
1764,b4e5f470e5b883bd4aa8a3f20a0dde197b79b8dc,kaczmarj_neurodocker
1765,b4ec113a5370988e6af0bfa783a1ca91b2588656,kaczmarj_neurodocker
1766,b4edb88b1bd54d8ab33bb2434c379e07f142ed99,kaczmarj_neurodocker
1767,b4fe31da30cdad319c07e6e41acf79c8c4a29044,kaczmarj_neurodocker
1768,b5041d44039df22f807a87c2a2d5fbaa09caa06a,kaczmarj_neurodocker
1769,b50f5e636d598db167e4df373ba270adb022a950,kaczmarj_neurodocker
1770,b548413dfa1f858ef6893d742eb15c2464185dfb,kaczmarj_neurodocker
1771,b572b5b30c8340dd44d74fd7cfe08c0dac74f636,kaczmarj_neurodocker
1772,b575dc6c84ee31784a6f9f21eb37afaba2855cba,kaczmarj_neurodocker
1773,b5885fefc9c12ba79249002e42360db967ea92d6,kaczmarj_neurodocker
1774,b591b8fd7521f7b63523959be8bd5c0d8aaa5556,kaczmarj_neurodocker
1775,b5b3f6ac0185a1d2ef3e6827c092e80c01dd63ae,kaczmarj_neurodocker
1776,b5d63632334387d9175de761870bfe32f524116e,kaczmarj_neurodocker
1777,b5e09b0f5d7034ef1647457abf35badb3065bbc3,kaczmarj_neurodocker
1778,b5e80941f35ac1028abdaaeb3adb34af627e60d7,kaczmarj_neurodocker
1779,b611cae00fb55db553468a91f8e9d047b64f7fd2,kaczmarj_neurodocker
1780,b666af4ddd2f9daf1e8841fe5e61f0ce07a4ec69,kaczmarj_neurodocker
1781,b67ab0e8e0580e8526c4750e0e09e38e477d7e5f,kaczmarj_neurodocker
1782,b67e3bbc3502b4b20817835a9ce3a33dc0a0449f,kaczmarj_neurodocker
1783,b69bf81a5036d1c3b739d755d1f5cc9810525baf,kaczmarj_neurodocker
1784,b69e73cedb98b927c9881f0f12437d6b4e54842f,kaczmarj_neurodocker
1785,b6c05493f87c6c87f3ec1f136c58fae58a139cce,kaczmarj_neurodocker
1786,b6f8ebf84b38124beb2dad0c43f416d52ffd7b79,kaczmarj_neurodocker
1787,b71123279f48661833aa26ce3935ec1612fb4dbc,kaczmarj_neurodocker
1788,b72e53943de2bf80357c8eee2b317df5c5bb0139,kaczmarj_neurodocker
1789,b7686661e4f5b983f4310c1e666ae0b85927356c,kaczmarj_neurodocker
1790,b7772a6a06523ed8d2d9fc18d29b713400f3ad9d,kaczmarj_neurodocker
1791,b7887ee7586a458de936ab26c12b32332a70ece5,kaczmarj_neurodocker
1792,b7901427b967e9670cd7c497d9b39171380829b7,kaczmarj_neurodocker
1793,b7b18d3a55fb6cbc604be200a50a09d07110ed21,kaczmarj_neurodocker
1794,b7b18e2d2d7f80fba13902eca4c31a618739f561,kaczmarj_neurodocker
1795,b7c97c0040b9e4fce1b582b567f04252f13cdd64,kaczmarj_neurodocker
1796,b7ddf6ffe8e2c9bb3d6c738840e7f24340d45570,kaczmarj_neurodocker
1797,b80ac2fd199209ff55862671c85f35cee3803ee3,kaczmarj_neurodocker
1798,b81ab5bcc7372044e809585cdf6d124c8e0869bc,kaczmarj_neurodocker
1799,b82ee4525f24b4c9ea2207a801032b202c2d6523,kaczmarj_neurodocker
1800,b8390ede54976d991b4d9b672fb17dc61a8c4056,kaczmarj_neurodocker
1801,b83a6c0019a143198a3daa4715c1e618d699bf45,kaczmarj_neurodocker
1802,b881469990444e857fc1ac2389bdf0b45de6f40e,kaczmarj_neurodocker
1803,b895b4da129b6a2c544b535056f6d1039375066d,kaczmarj_neurodocker
1804,b89962fe536f8d4671456ccb07889d5337fd05b9,kaczmarj_neurodocker
1805,b8a7f138a0cd5a65c76493020ee38798e29cfba6,kaczmarj_neurodocker
1806,b8b47b0c1e14fe0d820f649036c56f8cf23af1d2,kaczmarj_neurodocker
1807,b8b5579e183c0cee4fa56ba96d03ff44cba4e3f0,kaczmarj_neurodocker
1808,b8bd670c25f1ab99d085b21b56bb211433aedcfe,kaczmarj_neurodocker
1809,b8be6615918b0649bf5c2b480853b2eb9b5919c2,kaczmarj_neurodocker
1810,b8c8f733086aa57e0fdc828d29b34f265aa3e6b3,kaczmarj_neurodocker
1811,b8f2d5abee4b9dd87daed3a0b04c4323bf428011,kaczmarj_neurodocker
1812,b8fd9ef737fcd58a266a1d9da4477abf15f9c42a,kaczmarj_neurodocker
1813,b9289e84bdd6d290d11739b6bb348b0ae54134c7,kaczmarj_neurodocker
1814,b9640732946e227d3c2296223ef9dcd1b0c5931b,kaczmarj_neurodocker
1815,b9816234d117b126dca1c44104866773c71a1a72,kaczmarj_neurodocker
1816,b99feb24c878c69cf9814b2f8900e6242dedf2f5,kaczmarj_neurodocker
1817,b9c97d27866e08bcd602a3bc3adb1eebf619c917,kaczmarj_neurodocker
1818,b9f4896e6c011e39d3a750f6fa124946cec0aff7,kaczmarj_neurodocker
1819,ba0479fc23f7dbeeffcd3b26c19f013f76a417de,kaczmarj_neurodocker
1820,ba2d8823ecb75715a371fa7dd2d683a6fb17c4e2,kaczmarj_neurodocker
1821,ba37814e7c8d40fd9446fd5e4d5fbf5aa8dbd8bd,kaczmarj_neurodocker
1822,ba3eb9971fe2154d3527516968ce0f4d79e8c03a,kaczmarj_neurodocker
1823,ba64412a22bef4ac360ecb78ce0ec046306fc45e,kaczmarj_neurodocker
1824,ba82ff1d0073bd773821d3aa890a27c832e382fe,kaczmarj_neurodocker
1825,ba9e25a169d176c1da0d83c2f2d104657322b5ed,kaczmarj_neurodocker
1826,badd38efadef60e354b0838c6bc23be887c6baa7,kaczmarj_neurodocker
1827,bafd9e781a51c39ea2c9b8b96584b9c600b4f08f,kaczmarj_neurodocker
1828,bb0d6156b31847bebf7b155f472c237028e011ce,kaczmarj_neurodocker
1829,bb245b856fcf89c88f155fbbdf93d64e10f490cd,kaczmarj_neurodocker
1830,bb38005837dd96e411bbb7fea4b27ebeb7f05dd7,kaczmarj_neurodocker
1831,bb454427087257a3a7ea954a1fdc316179705a3e,kaczmarj_neurodocker
1832,bb634e85b69f00d10a6279baf88bba9b547898f6,kaczmarj_neurodocker
1833,bb77e14da82ca0ae00192ce2207b23b9bcddf54e,kaczmarj_neurodocker
1834,bbc3b84c0dda63ec481e42f1068cc966b9574790,kaczmarj_neurodocker
1835,bbdba6ef2756095685ad4b20235566deaf09cdb4,kaczmarj_neurodocker
1836,bbe2d18b59c34b8c439a247ef86b910f6b95e945,kaczmarj_neurodocker
1837,bbfb618ea764b4ec050b92c7afc3792b7fc594ea,kaczmarj_neurodocker
1838,bc03b511d74a28f2fd5d9c475e289c92bfbb45cc,kaczmarj_neurodocker
1839,bc080ebabc57aab59b46dabaf95e19123d3f3da5,kaczmarj_neurodocker
1840,bc27f70b024d933f00be5584c65a4e2c4dda2b40,kaczmarj_neurodocker
1841,bc641b11ad968f7cbfee6fe94fd8921f7f6652dd,kaczmarj_neurodocker
1842,bc75fa3ae8b52890b24407788e8482494bdecade,kaczmarj_neurodocker
1843,bc7ce3ed7add130335ff1c5c1bbc60809217aaad,kaczmarj_neurodocker
1844,bc8a770de27095d2dfab1efa362eec1b695df890,kaczmarj_neurodocker
1845,bc8eb2064760d5fb5c92e3f61f48f4bb8a430589,kaczmarj_neurodocker
1846,bca55f1f4187901ef6bcd974134e5c4a6e43a542,kaczmarj_neurodocker
1847,bcac704d9a675254d93febdbe6203fad058b7dc4,kaczmarj_neurodocker
1848,bcd86fd7bad33ab3b91474a1c6ca8052c769aba3,kaczmarj_neurodocker
1849,bcf2114678aa5868aad929d40e7412523d02b34c,kaczmarj_neurodocker
1850,bcf3823b2389321967ee42eaa827a36f4a3e685f,kaczmarj_neurodocker
1851,bd0160710aaf279fd522dbd05323ffd72dab2342,kaczmarj_neurodocker
1852,bd4ce3a33142530a1c98fc3499ba56d6465151ab,kaczmarj_neurodocker
1853,bd527ffe90151155b0acc135af9b4c32e7f9dac2,kaczmarj_neurodocker
1854,bd63f088018e87ec2d355e4706ddfcc8dcff31d6,kaczmarj_neurodocker
1855,bd6e2730e057e2d363d60cc1fb59c2257ca8fe77,kaczmarj_neurodocker
1856,bd6f91043305517379494ac829119cf9a28b1195,kaczmarj_neurodocker
1857,bd77486f96f5cc9731878812f0a0e2f0cfd5578f,kaczmarj_neurodocker
1858,bd9efcf6e8af4935d9171dc71b9b9970674202b4,kaczmarj_neurodocker
1859,bda259def62b5ce2c7fe65d04f31116dda9fe20f,kaczmarj_neurodocker
1860,bdbbc993ef0db0185b40d3937c8ead51d5cc535a,kaczmarj_neurodocker
1861,bdc3cd42957ae464647101c5b2ef38b30c7c6b45,kaczmarj_neurodocker
1862,bdf24bdc4122ec3cd5d465d75c7dbcf15c5d24f3,kaczmarj_neurodocker
1863,be1272c6d255a49b1e5ac68da597855fa2ad2311,kaczmarj_neurodocker
1864,be137b579e67be01c738236ba944b0d7e69127a6,kaczmarj_neurodocker
1865,be4e4d00cf5347113816c02f4a60ea7c2bf2c33f,kaczmarj_neurodocker
1866,be511c412a5483d46fb954499179c3439632ceef,kaczmarj_neurodocker
1867,be6f0aadb5af09f51be0132469db5b8733dabbf8,kaczmarj_neurodocker
1868,be91ff8c3f46c8bb7133a981de1e26948dc62bcc,kaczmarj_neurodocker
1869,bea3fadd35ba717203d1e1acdf0ba625741eaa1e,kaczmarj_neurodocker
1870,bec275cb1b1097cd74f564338aac9651050d26c1,kaczmarj_neurodocker
1871,becf8b83feddd89baec365c6724fb6c5cc90073d,kaczmarj_neurodocker
1872,bef6333dca5b661ac230d3db863ea8d3ffb1bdce,kaczmarj_neurodocker
1873,bf17d909541bad93ba3ce03f288e3e7813e9fcaf,kaczmarj_neurodocker
1874,bf298d37ff570dd6cd61a1aff05468331f251d4c,kaczmarj_neurodocker
1875,bf4b410254678e9e21d30a4fbb74d883ecdf5086,kaczmarj_neurodocker
1876,bf6466832508d0cb0572dba96e03a6b22c000562,kaczmarj_neurodocker
1877,bf6840e65b8f2d676134b8eb0e0a2c155df549d7,kaczmarj_neurodocker
1878,c013bf7e01d2ff9c47e95f53aabde68a0e5473d0,kaczmarj_neurodocker
1879,c015c5dd6f5194da000c9857d58195951ad91568,kaczmarj_neurodocker
1880,c02eae5cd24d7551cc3dcfb5add3a9235e35b75a,kaczmarj_neurodocker
1881,c040f251c742fcea17f944404bf9ae4e65fe8f54,kaczmarj_neurodocker
1882,c042ac51ff834d4b49b22a18c480c065192e72ef,kaczmarj_neurodocker
1883,c061163cf944c9cd86d0f631e7bb69342cc26905,kaczmarj_neurodocker
1884,c0680bf1fd0f730a65911ff691b6fed907859887,kaczmarj_neurodocker
1885,c06b52392953c018f6ac2a0ddba2cb0854177b2a,kaczmarj_neurodocker
1886,c0971b80c171c80a3dfd8801fc3d0178e36d0dd5,kaczmarj_neurodocker
1887,c0c4bae5f049b5ab4089e3878e2dcb9444686f52,kaczmarj_neurodocker
1888,c13d1843c0090804a5d68a9270c8eca67c79a577,kaczmarj_neurodocker
1889,c167ee6f54dac12c53165210eb0018f2081846c0,kaczmarj_neurodocker
1890,c16fc6be398fae4cf2a017abad3ebb2d895c00b4,kaczmarj_neurodocker
1891,c181b6569c07abc2cf8d2e81fd02bdd9757d2cc3,kaczmarj_neurodocker
1892,c1a31635987f63631dca60940367dfb0df6166d9,kaczmarj_neurodocker
1893,c1a71224af5b2762c6c886062d117042454dfdb7,kaczmarj_neurodocker
1894,c1d2e7b3c9c95210b315ec18dbe9aaa98add6b1d,kaczmarj_neurodocker
1895,c20dde966a612463e836f1ad50e844576fd1e615,kaczmarj_neurodocker
1896,c22cbbde051e526a677d667972ca44c1d93d2f18,kaczmarj_neurodocker
1897,c28391e1faa3aa22400ec44e6c41745ea4780bb3,kaczmarj_neurodocker
1898,c284f624f83343cd6f8ce7d0336c3c7c617ee832,kaczmarj_neurodocker
1899,c287247d96027bb502522ce794554c59ba873714,kaczmarj_neurodocker
1900,c299cf99b1bfe3e466e4feef9540d90bc3f9148d,kaczmarj_neurodocker
1901,c2b1e242c9e9a0fa7d6729fde26b9d22274925f6,kaczmarj_neurodocker
1902,c2db2f7c915ecbbbfdcdbc9b9ed433769e66bae5,kaczmarj_neurodocker
1903,c2f164d9d06559dd03fee53f7657366a3688921a,kaczmarj_neurodocker
1904,c30bd3590886223bd00ebb7124b2a571b2d21654,kaczmarj_neurodocker
1905,c32d8615ae94793d1a60f0b9994156047f7cd067,kaczmarj_neurodocker
1906,c34c79ec7e2ca40a5fe2ccdfc551f5917ed0f83b,kaczmarj_neurodocker
1907,c35aa7f800a06aa5b3fa38e6b511de22a94a611e,kaczmarj_neurodocker
1908,c35b5f6772a21207b3ddb38836b916c0f574ec21,kaczmarj_neurodocker
1909,c3601b9eb441ba74256f75c6163672dd62d2ff28,kaczmarj_neurodocker
1910,c364a1a53d8d643299b86c30d13b7411433a964c,kaczmarj_neurodocker
1911,c38814a64ce8498b3c05731ff303301b3cc1260f,kaczmarj_neurodocker
1912,c3891d888d65640c7264e057e32dc22021676711,kaczmarj_neurodocker
1913,c3b0e7ff7903de6e97a5e5a665178de47a8611b6,kaczmarj_neurodocker
1914,c3e9588f19bfe3b5b92bbdc2a062dc3809c9e5ec,kaczmarj_neurodocker
1915,c3f4c4321d4f895600a3e995d87266e1ec2e1eff,kaczmarj_neurodocker
1916,c433f190d15362aa1c81fc075b1547cdc6f4689d,kaczmarj_neurodocker
1917,c44005e9add2901dd713dc11ff778126beef351d,kaczmarj_neurodocker
1918,c4a8a351bd9c8ce6fe24464268c02a0cd9caee7a,kaczmarj_neurodocker
1919,c4f32035b2d31e310aaec7bc0aa9afebd172d331,kaczmarj_neurodocker
1920,c5475eb8858a56d9f2c97703afb72b549678caa6,kaczmarj_neurodocker
1921,c584c3cb0f5a8d1fae064d909470803d1b3a4f14,kaczmarj_neurodocker
1922,c595af132f1e3e67e0eb03da34dd10a07dd2d4c1,kaczmarj_neurodocker
1923,c59c95d60b9b82773fe22756250ec3a4ff9777ae,kaczmarj_neurodocker
1924,c5a486e1b1f49a1bb4eaa093dd7e7c7e16eb46cb,kaczmarj_neurodocker
1925,c5b16bc4fa34f049567eac8283831634bcc7179f,kaczmarj_neurodocker
1926,c5b2ecd5dab25705faca153feac90a1eadda24a7,kaczmarj_neurodocker
1927,c5b366f2a1774cac1f1d1c076dfd3b4e3c4f47d6,kaczmarj_neurodocker
1928,c5bfdf39db1c81b4bdf4dc375885f20f8c07e0b5,kaczmarj_neurodocker
1929,c5de40b222630535d1a2b9fd90b2512b8e02e31f,kaczmarj_neurodocker
1930,c5e6c1aa12857e56215afa0c01f035527d71087d,kaczmarj_neurodocker
1931,c5edd55999df76d7f1cbcf8c8553817afd32647a,kaczmarj_neurodocker
1932,c5f1c21aab76e0260cfb57739ebeaa81295a49da,kaczmarj_neurodocker
1933,c60c1741536e28e8b05bdd60a0118db850e46f0d,kaczmarj_neurodocker
1934,c620974fa37a9578172f5542eef7a69bc66db40d,kaczmarj_neurodocker
1935,c6394ee0d0f87b2e13891045c6d0bfaa7fa5f112,kaczmarj_neurodocker
1936,c669b482d869841dbfba2b6e20baf214fded879d,kaczmarj_neurodocker
1937,c6f5fd3914554e3ca22cd184da29d7e42933747a,kaczmarj_neurodocker
1938,c713d17ae0bae70aad7d8a03195ba73458b4e0d8,kaczmarj_neurodocker
1939,c71967b4ecf63fbcc8fd383a7ef3679233c2bb81,kaczmarj_neurodocker
1940,c765deec8697195c8e1a7b04ee72cf853941c782,kaczmarj_neurodocker
1941,c7a472dcb26ae84d29bd898350f1f1a51b99c121,kaczmarj_neurodocker
1942,c7ae767791d8fb55f799cfbcda436ef8d2b56edc,kaczmarj_neurodocker
1943,c7d264fd17d1cf67c88146bbedffb6519595afab,kaczmarj_neurodocker
1944,c7f8b8bfb3334005721011b80a304d6a172be000,kaczmarj_neurodocker
1945,c80076eb8157d82d48dbe636f587537002df7983,kaczmarj_neurodocker
1946,c817612020e5e21406a85a0bf507480aa3872323,kaczmarj_neurodocker
1947,c822a2f8a22950178a30170d0b9ad5886b24f4a6,kaczmarj_neurodocker
1948,c8743f63a73cecf22e367bad1a6fef7265c35c3b,kaczmarj_neurodocker
1949,c87551c624e69c21fb6d8a2060bd34fe2133086e,kaczmarj_neurodocker
1950,c8811502161161f1126ba58dc01ccec11d356cd1,kaczmarj_neurodocker
1951,c8a505358b2c2252d89b9dc640dcba96bf7d2023,kaczmarj_neurodocker
1952,c8b87cfae3da62e6ea96ea17c6f732bcd939f1f0,kaczmarj_neurodocker
1953,c8c11e269c4df135b9ebd4d6c5a96686c4c33194,kaczmarj_neurodocker
1954,c8cb92290b179adfa9bcc9561140803925a238e8,kaczmarj_neurodocker
1955,c8ed4df5cc0c3eb37960d9337153dbe9a53bbd06,kaczmarj_neurodocker
1956,c8ee1c21ade1849a25a3d41aea362350784638f2,kaczmarj_neurodocker
1957,c92634f38d0e5489cd9171fafc827a4e18aac0fc,kaczmarj_neurodocker
1958,c93a20e96aec61636f23241f77be154ac83ecba2,kaczmarj_neurodocker
1959,c94a0365076567b00aa2ef8e164e96e8d97f2009,kaczmarj_neurodocker
1960,c96eda2265cb5f86b8654dfab05996f4e9e5c3ba,kaczmarj_neurodocker
1961,c9adfd6e774882799f277a31f1f5af3191de7953,kaczmarj_neurodocker
1962,c9e395685de15c6cc4c13449ded3b334958a7049,kaczmarj_neurodocker
1963,c9ed81608ea6d017dbe23e012d0e137c1ce9ef10,kaczmarj_neurodocker
1964,ca127396fcf8f95f3adb27fee6909a8832809328,kaczmarj_neurodocker
1965,ca1617098d2c9f5176b3f1a763ed369d2b5e92ca,kaczmarj_neurodocker
1966,ca33d36d4a066d76a1f9675eedb8880e2da18a36,kaczmarj_neurodocker
1967,ca428e18c737d1e0630c73cd2e6562f7d680e8e9,kaczmarj_neurodocker
1968,ca592a3415f5461d343ea6c84984cad86645f14b,kaczmarj_neurodocker
1969,ca5da00e678e91e00d9d3cd8e141928725def56c,kaczmarj_neurodocker
1970,ca697adf6a6ee180078dc30ceafb40743b371108,kaczmarj_neurodocker
1971,ca8143387d83e8abd9b3b83bad4c4ee7a269929d,kaczmarj_neurodocker
1972,ca93d703cb6266ca7c13275c3912b8a05e0384f3,kaczmarj_neurodocker
1973,ca9f94602078dc73ae8d38baf960b45db86b7b64,kaczmarj_neurodocker
1974,caf0aa1000295e2036629b6f3e419721041cac9b,kaczmarj_neurodocker
1975,cb0b551466977b1c008536805acf34cb99d6661d,kaczmarj_neurodocker
1976,cb2ca0e01d487f0901853115cfca010b9bfa18a7,kaczmarj_neurodocker
1977,cb65f0e89798f3459d1bfc37cf2498b7abfc218d,kaczmarj_neurodocker
1978,cba18cbf417204343a933adb351d1eb3633fc9e5,kaczmarj_neurodocker
1979,cba934f0aca077d1d82517d77f94895d1abee56c,kaczmarj_neurodocker
1980,cbc18c75ad4945391eb47ec5e56495d39ecfc17e,kaczmarj_neurodocker
1981,cbe454bb4e65a4c503445aab5fc1e045357ca67d,kaczmarj_neurodocker
1982,cc0d86e9a4b9ec02c3f66e69fef0d7a12941b192,kaczmarj_neurodocker
1983,cc122f792ef0d5b40c8c968a43dadac595ff43f8,kaczmarj_neurodocker
1984,cc1c64761a5e0963e8d1802ca20c0756a06fe363,kaczmarj_neurodocker
1985,cc3cecf1d0ac3b031c0825578da70543dced86b2,kaczmarj_neurodocker
1986,cc42f0f4ea2b80ce9f61fd9e311f3e8d43a38f36,kaczmarj_neurodocker
1987,cc6d78600a85ab5e63ed788849b5dbfd4618a49d,kaczmarj_neurodocker
1988,ccc604ae7cd9ad154e010c0fb36243abaa9055bd,kaczmarj_neurodocker
1989,ccc9cd3dd28351bf7766668a1b85a3548a58265d,kaczmarj_neurodocker
1990,ccce330c974aa3dea7528f52d7e6a04481c05121,kaczmarj_neurodocker
1991,cd2ef569082f0026f186b6c116a7ba46f13ab7c2,kaczmarj_neurodocker
1992,cd6e6d5c5e38ad3613e14c979f192f12d6d8e443,kaczmarj_neurodocker
1993,cd88c8d5ad3b4db410c73307e443ddbbf56daafb,kaczmarj_neurodocker
1994,cd8990087544456e9612494ea4255c44af79bcb1,kaczmarj_neurodocker
1995,cda0118d1650066c0cad80eb8ef3263b72060f88,kaczmarj_neurodocker
1996,cdb64201204093fd2cb42f6e4924d2374569ab0f,kaczmarj_neurodocker
1997,cdedb31604d0d2f5179bd8a6bb553efc0cb52ed4,kaczmarj_neurodocker
1998,ce0300cee883b7881a5c90c9af6fc35a1a59385e,kaczmarj_neurodocker
1999,ce1c0cb1b3920a77c4b671b8b32f8a0321b5888c,kaczmarj_neurodocker
2000,ce4b00121667066fdfd883eb5641b55513225acf,kaczmarj_neurodocker
2001,ce7501fed38eaa90cc783c3469cb1feba10083f1,kaczmarj_neurodocker
2002,ce889beafc2088068eb88d6b1d736bb00e90c0a2,kaczmarj_neurodocker
2003,ce8e8cf4b4e708a713beab14b47726dc6aeeae17,kaczmarj_neurodocker
2004,ced50efa3dd488f0a6a0ded09a955009d97f373e,kaczmarj_neurodocker
2005,cef25f2c62a7336e57d14dcb42d23b23d7ac38cf,kaczmarj_neurodocker
2006,cf0a65b38b0edf448360dd5a547f30976db57ccb,kaczmarj_neurodocker
2007,cf2e9edbbdc90df6b4196378e1de0748e3e35c54,kaczmarj_neurodocker
2008,cf5623968535424d0b0066321390fe054c7031d4,kaczmarj_neurodocker
2009,cf76a30fea4e5d492d9f3a181265f0871b78a8f0,kaczmarj_neurodocker
2010,cf7da5fb85837d6a73ee4f6b876f6ef09a58f8dc,kaczmarj_neurodocker
2011,cf7e00a11f9d6fdf9da98489cc46be9eff75300c,kaczmarj_neurodocker
2012,cf7e290414418102527ac0340ba274ab4718799a,kaczmarj_neurodocker
2013,cf7ea2002fae8a1dc039e8a895ffb9b035577af6,kaczmarj_neurodocker
2014,cf941dbbf26c118717cbf19d1c4918ed5e7725e1,kaczmarj_neurodocker
2015,cfb63af1a738451ba11ce73dc689bd4c4b170bde,kaczmarj_neurodocker
2016,cfc006070fc882107b2539e5c55c3ddec55e4b9c,kaczmarj_neurodocker
2017,cfd3c6fb9cfdbe1f1d7fe47408e2c43a99b3eecc,kaczmarj_neurodocker
2018,cfe2024ddd18573b4ef486bc18faa52273574861,kaczmarj_neurodocker
2019,cfe24df2fcde257833f45e3bfecf9411fb4f5c33,kaczmarj_neurodocker
2020,d0005e9d8cfd3eea25b8a6bd422566cca9d9881d,kaczmarj_neurodocker
2021,d002ae25944435d33643c274c2eac46cd1621efb,kaczmarj_neurodocker
2022,d02f8ed7940748348c1076da5163e217f3408d64,kaczmarj_neurodocker
2023,d03967453504cf8eb67418700d3d22c0dd6a61a5,kaczmarj_neurodocker
2024,d03a39c5ba7306ee44c8da262831c2be0642c2dd,kaczmarj_neurodocker
2025,d03fe865ae05fea2f7ce9a8b417717dae7bd640f,kaczmarj_neurodocker
2026,d05a58ef1d2fe16b891b144ae19f62e2035f18e8,kaczmarj_neurodocker
2027,d096fdcd1be94170105b97bf0b150c93177b6ff9,kaczmarj_neurodocker
2028,d09845279555ce5d21010ab6e9c1ea9c0cb27bb0,kaczmarj_neurodocker
2029,d0a213ad0dba5534dd0e09f894b99c9b77eba5d0,kaczmarj_neurodocker
2030,d0ce349952f83a8364fc50f3fda19525155adfb9,kaczmarj_neurodocker
2031,d0dbd04d21a07fed5f6405c2bfe8a6347fbd6944,kaczmarj_neurodocker
2032,d0e87a76460b9306ad8489cae439d7f5cc1e820f,kaczmarj_neurodocker
2033,d0eeffa547e4936e0983b043520be038db781bcb,kaczmarj_neurodocker
2034,d0f8d3e942b5d8a4d6ac14984a87aac575da8969,kaczmarj_neurodocker
2035,d1830a3879b86709b33650ec62c905da818365ba,kaczmarj_neurodocker
2036,d185b4a392aee7b2bfc3a2764dd192340e2d0dbc,kaczmarj_neurodocker
2037,d200a7336013e4e5214342f5d9d59356a6cd6b7e,kaczmarj_neurodocker
2038,d201c3f126a620668710872d1273b2a5f9c151ba,kaczmarj_neurodocker
2039,d2210d941f31b5503e52d1299717d397e084bfc2,kaczmarj_neurodocker
2040,d288258a3b1f264de5e76b4aca96480e9e3e2e35,kaczmarj_neurodocker
2041,d2914207c57c9c0bc9c73f912540963e1ce487c5,kaczmarj_neurodocker
2042,d2e47568c3fc3136daa5661f26c944bcd25bc534,kaczmarj_neurodocker
2043,d33fad094460745d09bc84b4d94f7f9c36963b51,kaczmarj_neurodocker
2044,d3605263d33f8d3cc535f4c4b291178f4c274be9,kaczmarj_neurodocker
2045,d379d71deb06d76edd350fb8197ba7ab599d5f88,kaczmarj_neurodocker
2046,d3854c73adfd51dba0e693f29e127958fe096bcd,kaczmarj_neurodocker
2047,d398012fea60247299f8ea274936ef066b891aba,kaczmarj_neurodocker
2048,d3a13d2cd7e5ce033af2ce7b3d51ead62dd01263,kaczmarj_neurodocker
2049,d3c1f0891ca6c31fe44ec1de340173bb4bb1efe3,kaczmarj_neurodocker
2050,d3cf11bf8b4ab516be0533203adf15e2469380ed,kaczmarj_neurodocker
2051,d3e479d695bff7e076e720d03797040bdbcb67de,kaczmarj_neurodocker
2052,d3e51cd8c755923cd7fbe2a9bdbf99fd623ae5da,kaczmarj_neurodocker
2053,d41280881f8496c0f395619436ffbc623cd64eb3,kaczmarj_neurodocker
2054,d46ad43cb14a7d42f8d4ebdfa28cef6f3fead957,kaczmarj_neurodocker
2055,d480ec64b10382efeebf58c7ea7f42ff9501889e,kaczmarj_neurodocker
2056,d48ed2850316fa25b91967ecdc35cefc48965d8b,kaczmarj_neurodocker
2057,d4950ac47f40729ef741d5d7d984d481948bb709,kaczmarj_neurodocker
2058,d49edb9f875052f2f6dd1fc83dd78668cfca39fa,kaczmarj_neurodocker
2059,d4b5e6a0d570b4cda3540427241866d9acce8c75,kaczmarj_neurodocker
2060,d4ef42fc59aec1d6878eddf01452c6fba411ffe3,kaczmarj_neurodocker
2061,d507c89f07ff1fa46f8ad8269cb7f0b676cf2a47,kaczmarj_neurodocker
2062,d518c5f02bc5aaef76b97cda566fdf5cc3634316,kaczmarj_neurodocker
2063,d51e9086255aaccc7f2adaec351c8fed607e89c9,kaczmarj_neurodocker
2064,d525fa6b6cef653f386304f7a04aec76c32405ac,kaczmarj_neurodocker
2065,d5338697ff87d66a9b88c8b3689fbe0928e30076,kaczmarj_neurodocker
2066,d53bf8a7df6ada7839ebb077880bc765a586c64b,kaczmarj_neurodocker
2067,d5659fcaf7aef21d61736ea9f5a799d2aa9b53f1,kaczmarj_neurodocker
2068,d5a422b0660de7598c63e03cd8ba6c38913af465,kaczmarj_neurodocker
2069,d5b42a488c7870848a467d41f30c2291da7ecce2,kaczmarj_neurodocker
2070,d5b8b851a2b765c1def01f7234ac1e628afcc5df,kaczmarj_neurodocker
2071,d5bef4359cb4a2d37e91915214d9782bb7b3eed2,kaczmarj_neurodocker
2072,d5cda2c7b9b2482f069d369afd41a319dab02264,kaczmarj_neurodocker
2073,d5d275762e38cb0d883c1e7cc5d5a39966c7e34d,kaczmarj_neurodocker
2074,d5fd9f7e9c38a64d3a317c11935fab2e77959398,kaczmarj_neurodocker
2075,d60bef4c1107810e39a9ba312eb2c178f5abdb99,kaczmarj_neurodocker
2076,d6145e19c84c72c3bdc3d9b8ed1455b8081e4040,kaczmarj_neurodocker
2077,d615e20c746218bb41b82f465c7bfbc4a98b506d,kaczmarj_neurodocker
2078,d62b72f23350b9719520ff96ed995a71a897ef9d,kaczmarj_neurodocker
2079,d671f283ecf31aee38cf53c7e68d01373a810151,kaczmarj_neurodocker
2080,d68e53ba4a8ccc34403f73c21b7bb2717d6c9780,kaczmarj_neurodocker
2081,d68f5b34e70d9bca9cfbfce960dec9816c769457,kaczmarj_neurodocker
2082,d693d48b13ea27b6c612926082f78bdb7fee3f46,kaczmarj_neurodocker
2083,d697752434f1756d2671b688381f7cc00713ccfe,kaczmarj_neurodocker
2084,d6a7acbf77f5acd12d6e04704f63692b22c2ec57,kaczmarj_neurodocker
2085,d6acf65470576d7f154eb13baa01e1a2dfc6aa1f,kaczmarj_neurodocker
2086,d6b4a1238c1a6e1fa80958a9fdcc9401d0d2ae10,kaczmarj_neurodocker
2087,d6c16ec622aad05d0fecfca09e3a4dacc5496609,kaczmarj_neurodocker
2088,d6d4d7e4f662ac0dad76af1475b9b69dba2bf1fa,kaczmarj_neurodocker
2089,d6e4ba60c2c684915afd74915101c36bb1cefbfb,kaczmarj_neurodocker
2090,d6efdb6cf6281eb6b8dfac9ba1d1820925f652db,kaczmarj_neurodocker
2091,d7033f0d1d68a629f8419262c7dd8590b0c7d283,kaczmarj_neurodocker
2092,d711302bae76d20c4b562446373e106ceef6dc73,kaczmarj_neurodocker
2093,d715e460f669730f00c2acd821446026959ee6db,kaczmarj_neurodocker
2094,d73acb5e67e1280fd501bc21a3504ea4d124ab27,kaczmarj_neurodocker
2095,d749d5e71176fe862d94b7d3cffc295c71738afc,kaczmarj_neurodocker
2096,d74e4b358f6bf65b8cc48a2a07b88157e8d42258,kaczmarj_neurodocker
2097,d755096e4e445c32a46dc870b287e2c777638b6c,kaczmarj_neurodocker
2098,d7857bb879b45c06e997d338b063a20269b65c71,kaczmarj_neurodocker
2099,d794f132a0f04086769e3e9d5b04bc819e21d081,kaczmarj_neurodocker
2100,d7a0e83319b484ab471919b0c374bfd5e1fa747e,kaczmarj_neurodocker
2101,d7d185e00a79f2149859b2be58f37df4192f4dfc,kaczmarj_neurodocker
2102,d8207e3a34edb980dd3b7834971c065decfb71b7,kaczmarj_neurodocker
2103,d859dabb1a0701d98a186b3335a35654b37ed3ae,kaczmarj_neurodocker
2104,d890e05130ec69628c6bb566ffe4d934c40bdd21,kaczmarj_neurodocker
2105,d8995640fd2b237856910b0d92f64005d55ce5f6,kaczmarj_neurodocker
2106,d8a9d8c5b73e057291df36f7cea657fbac76a324,kaczmarj_neurodocker
2107,d8ada1abe9936d9e494bcfd045db3414abdb4961,kaczmarj_neurodocker
2108,d8afb44a29653db5aa7beff4a7d60f30f153f9e7,kaczmarj_neurodocker
2109,d8e0a54bb660bfd9cafebbb854a9c55de3152172,kaczmarj_neurodocker
2110,d8fb201969ab2dfbbad64aec2c37b787ef1b5d51,kaczmarj_neurodocker
2111,d91924ac2f07831ff1484d9e43c3f16d9ed16c54,kaczmarj_neurodocker
2112,d92ae56946cde04399607ef173d770e3a4008cd5,kaczmarj_neurodocker
2113,d95474ab468af9d485e46281cb01b361d9c30368,kaczmarj_neurodocker
2114,d9726853e375e991a0425bf0ee14017a8c50b971,kaczmarj_neurodocker
2115,d983e722730002889f2e187081ae99d02e530c4e,kaczmarj_neurodocker
2116,d98841c17dbb481e28d648bde1e148ac979a9770,kaczmarj_neurodocker
2117,d9af3b5f2fe034c22361c20b760e840477f229d7,kaczmarj_neurodocker
2118,da1c8dfe7eb1be209be968c12afee27951ca31bf,kaczmarj_neurodocker
2119,da383cb31210f7db79f398d1b877c03a47b9f055,kaczmarj_neurodocker
2120,da4c72ac4106a87d3d1b2e4bf9e0402b47ccec34,kaczmarj_neurodocker
2121,da4f22c119af7e10f8b35b07b7b3ba96f27ebe47,kaczmarj_neurodocker
2122,da5ed37cc07439327b4961421e9b4b4582fcdd00,kaczmarj_neurodocker
2123,da67bf6d4639dcbfdf491069e2e559dcd963ac9f,kaczmarj_neurodocker
2124,da67d08ffe3199b2e71994f2c488a745606f7925,kaczmarj_neurodocker
2125,dad10483049ce930a4e768bf5c32e2c36cba7d3a,kaczmarj_neurodocker
2126,dad9cec6005c283c9676bd6fea9bb3aa6c8c9077,kaczmarj_neurodocker
2127,dae21ddc89a1e2b1b0d0264b1fb37e84259073d9,kaczmarj_neurodocker
2128,db0a0fe8f61901f294634fcf6fc1fbd48302d07d,kaczmarj_neurodocker
2129,db108aa813bac02165d6e145bc8db912cbb6bbcf,kaczmarj_neurodocker
2130,db1ce9b6e91017c3f9c209c0662d910d184eeb05,kaczmarj_neurodocker
2131,db1f1c5ddaad71d18cf8ecf2079b1c7d5beaf3a9,kaczmarj_neurodocker
2132,db2ce8a8650876089f8a65319bff36ca79a47be1,kaczmarj_neurodocker
2133,db65d543dd023fba320437fd1ce5b97989eccaf6,kaczmarj_neurodocker
2134,db6b960ce3d3b4fe75c661091e34ddd79e12c27b,kaczmarj_neurodocker
2135,db9107b4184eb95b0775ed09bf4ae6255e9947e9,kaczmarj_neurodocker
2136,dbb7f18d2cd1089217431fdc2f90cff8f2cbe47d,kaczmarj_neurodocker
2137,dbc842c87db58d9f69abc96a37af853534e3656e,kaczmarj_neurodocker
2138,dbdcaa63e7d42ca31c609716fddecf8c34d1e354,kaczmarj_neurodocker
2139,dbe7de2cb34c554becf5c5c6c560faa300d3ad32,kaczmarj_neurodocker
2140,dbf7fad7501a378788df2d9993dda5c931a51a4e,kaczmarj_neurodocker
2141,dc3112fc415ba3352daf4bf980e731c74ea24d05,kaczmarj_neurodocker
2142,dc4471a09ecab349f4a7336df4f2a223369b5650,kaczmarj_neurodocker
2143,dc5e4b05a9c89d741fb737d345936b261330110a,kaczmarj_neurodocker
2144,dc6b585d7fe15c22a7a42cbb3d06a16d86c5bb51,kaczmarj_neurodocker
2145,dc764c4a60440360032e5010526d1e9c25eb5bb8,kaczmarj_neurodocker
2146,dc7d286cbe8772cc8e09832948718b99b34d69d7,kaczmarj_neurodocker
2147,dc7f6626883d6466c51c54f970c0d2e7596013f9,kaczmarj_neurodocker
2148,dc9751636b55787cb7e529b2f8f3ede352ba8bf5,kaczmarj_neurodocker
2149,dca7a95431baf5f2efe856ee459156ee1dad35e3,kaczmarj_neurodocker
2150,dcba277987390221ad4244a86d0e0fe64a40517d,kaczmarj_neurodocker
2151,dcc04333c8b6265aeee7df2b174b7ba048f9907c,kaczmarj_neurodocker
2152,dd350f8b1a058ba0b941c6cb4e83cc005e0ade24,kaczmarj_neurodocker
2153,dd4ac0c69de08cc4bd6f08bbffc755fdf706f55e,kaczmarj_neurodocker
2154,dd5d96b711f01dcd9de009d199b22136559189a7,kaczmarj_neurodocker
2155,dd60ad30342ab22a51e9e4eb35d9078d43f228fd,kaczmarj_neurodocker
2156,dd6f08c5d92aa8db792d39151170cdaa08a5d88e,kaczmarj_neurodocker
2157,dd8a69bba8e98bb3dfa8148eb26aad973746b298,kaczmarj_neurodocker
2158,dda707fb6cb1c39a1589fd1701da83e4ea31ceef,kaczmarj_neurodocker
2159,ddca775511ac93d04f391d941b438682ce74a341,kaczmarj_neurodocker
2160,dddef03317a4b109ee13ac9548f2a847f62e7e3a,kaczmarj_neurodocker
2161,dde9163cc6c6855260351265ee5fd6f44c717875,kaczmarj_neurodocker
2162,ddf3d6cb3b9997b11e56c7d2325f24dc0b228de4,kaczmarj_neurodocker
2163,de2e59965d48ce1d14d882dd1c25ebf9c83777ed,kaczmarj_neurodocker
2164,de3a776496ead5b86579bee99d039065e4a16557,kaczmarj_neurodocker
2165,de3abf98403178aa5d1d52084fddc9159f102182,kaczmarj_neurodocker
2166,de3b94f7a72166d9e4d1529cb1f8b7cfa6e066ac,kaczmarj_neurodocker
2167,de43d6fb1dbd6a9ae67abe6f9853ac17f609e9a2,kaczmarj_neurodocker
2168,de6c9dd4582c9cbec2ab93afd430a601570e2484,kaczmarj_neurodocker
2169,de830f09f32d6869bd8c291ff275b87472172b1f,kaczmarj_neurodocker
2170,defffe91961de6feff772939a118011dd2bc81f0,kaczmarj_neurodocker
2171,df03837e1b29c2b939fbb5747421e7e9b8adf44c,kaczmarj_neurodocker
2172,df0ea7a07e7741d782a8d93510dcdc722e4b5c81,kaczmarj_neurodocker
2173,df17a863267beb6dcc4d9ed0e869b522f321ccdd,kaczmarj_neurodocker
2174,df1c32924921f0939dde037a04bc608d3d793dfa,kaczmarj_neurodocker
2175,df2934fc16e41b7b7d17297b0437c88a948aeacf,kaczmarj_neurodocker
2176,df3663007b45825972404a3ec0be0cb72f9c9ed5,kaczmarj_neurodocker
2177,df4383116a26f8b67c67298497e410680e14e73c,kaczmarj_neurodocker
2178,df7564476f3606d42b5cc2901359fad3d4bb19f0,kaczmarj_neurodocker
2179,df8512593211d2a4d4e8dcee287ff37c19057873,kaczmarj_neurodocker
2180,dfc050948b43981fbbc01b23be674ea63f929d67,kaczmarj_neurodocker
2181,dfc0d25facd50627f5190f37704d243b45f7d78e,kaczmarj_neurodocker
2182,dfce43cd45f55333dd6a39fb89dfdf9490cee32d,kaczmarj_neurodocker
2183,dfee868a62be9e580d99c5da83352b158ba3088e,kaczmarj_neurodocker
2184,dff3b69a30854c6a0a11b64cfeda6dfd2346c185,kaczmarj_neurodocker
2185,e009a9c4e103a9e86924ea409486b0349af1c1b0,kaczmarj_neurodocker
2186,e01ddb91cb5ad527ad28f804389d79c7ad49df4b,kaczmarj_neurodocker
2187,e047d342101636ebabbeedc8189145e54426b0db,kaczmarj_neurodocker
2188,e0491f6843b3f133dd11f295717df767cea5bfe0,kaczmarj_neurodocker
2189,e04b2cadcec5d58a5258c3c7ca865a464eb17cba,kaczmarj_neurodocker
2190,e0610ad75518ff762e8bbcd14821e00f481335d0,kaczmarj_neurodocker
2191,e0779fce6193035d653357044385e31a364fd2a9,kaczmarj_neurodocker
2192,e09bba1d64c794558e88755ca5948f9f174d293a,kaczmarj_neurodocker
2193,e1330eba00db005abc195ccc0fa6e17862dcd72b,kaczmarj_neurodocker
2194,e134c09cb65bcaeeaafdf4ad47bad13e1477b605,kaczmarj_neurodocker
2195,e1655520239884b61142b0d1e6296accad05a6d0,kaczmarj_neurodocker
2196,e174eb5625972590290b18b51b7f8bdeb8d95894,kaczmarj_neurodocker
2197,e184803bd771f5d16c10bea876fce7bb6ea0fa79,kaczmarj_neurodocker
2198,e184ed63b2fcf43df7a60c9438528a1a9aed2a0f,kaczmarj_neurodocker
2199,e1cd7e4376acb4e06f41a902c45a8d19e2a64691,kaczmarj_neurodocker
2200,e1ce261d63aaaa1472e7e02cb1bedc47e6cac1d4,kaczmarj_neurodocker
2201,e1d9b023018f7382be9a2777244e8ce0db9bedcb,kaczmarj_neurodocker
2202,e1e453e468b6dc0567af96b755df61e699c77029,kaczmarj_neurodocker
2203,e22412fdfdf91199d8f329a9c8185794fb5fcff1,kaczmarj_neurodocker
2204,e24e3080a9aec68e29d8fc7184ce0e8ee09b125d,kaczmarj_neurodocker
2205,e261b614d1e3393a4daf4df007b10e55d1126ac4,kaczmarj_neurodocker
2206,e2cd1f3a539a000c8b2bed916bc752c4991e2ddc,kaczmarj_neurodocker
2207,e2e4ed83aada3b6d87131a55007f45e8e1be97d7,kaczmarj_neurodocker
2208,e2f02bd086e1379f05a2527bf6a4677f734e3ebb,kaczmarj_neurodocker
2209,e2f3971a22148e36fb773ce6e8b7d9bb1ea22310,kaczmarj_neurodocker
2210,e304910e780fc225e617b4a2f7826e841ed0fc3f,kaczmarj_neurodocker
2211,e317a54cc344561f99e3040d0786353e2327fd59,kaczmarj_neurodocker
2212,e32ce4c998ff14d32c1bf18e86bea891099cb0a8,kaczmarj_neurodocker
2213,e33cd91e5539044e9a74f577f378d8cf745a4830,kaczmarj_neurodocker
2214,e34216f47bc16e2c1b5863c8575c2e9f825eb795,kaczmarj_neurodocker
2215,e389f8c5bce911a3675c1dfeec34b02a25131918,kaczmarj_neurodocker
2216,e38d28302790add58debb6b1224388060b9c6d63,kaczmarj_neurodocker
2217,e3c94ab8d4c3c77bfbd9a35bc4b172a2fc8ee8b9,kaczmarj_neurodocker
2218,e3cbb176a722c420624d9bb1b4e79b19d61aec49,kaczmarj_neurodocker
2219,e3d1e3a6b3ee0a18de2617d2ad596433020b5337,kaczmarj_neurodocker
2220,e3dad7cdcb08b8bcc33dcd5a637acce65f39aa70,kaczmarj_neurodocker
2221,e3e30efeb504063364555e128d772598a1a84edc,kaczmarj_neurodocker
2222,e3e9bad664a3b51f50619dc0360c662ea4f5eb85,kaczmarj_neurodocker
2223,e3ef5b7e70e64d8c5e8600bc9095e2de418119eb,kaczmarj_neurodocker
2224,e3f05be3e2cd2e4a2bddcb948b4e7104c60397e3,kaczmarj_neurodocker
2225,e4062f30767778e9119a2e94e1e1eccde506c0c0,kaczmarj_neurodocker
2226,e412c5c802ea59aff4a288ce2f6f7041fa06cf10,kaczmarj_neurodocker
2227,e42f9134372a1abce65165709f20e78dda514d0e,kaczmarj_neurodocker
2228,e43b12996fa827418e0ad267f489b8623c58985e,kaczmarj_neurodocker
2229,e466db6f2b041b303e16868c37c1ae0bf202f586,kaczmarj_neurodocker
2230,e47374a63d486709f8b8690f738d7539cbfb4085,kaczmarj_neurodocker
2231,e476266d2661a484e0f7a7747a1c921453ae47c8,kaczmarj_neurodocker
2232,e4a3eeda25542f05e308d7eb1e10310955503fbb,kaczmarj_neurodocker
2233,e4b8e32014ce38456081e6e70e83f2daf500bcc6,kaczmarj_neurodocker
2234,e4f84f5100d31c76224922135e7f2f191a629a2c,kaczmarj_neurodocker
2235,e4fcaa80bb270e978f8c710d7ffe1159d2866de8,kaczmarj_neurodocker
2236,e504863d2658715ea1e2e238f14e3ad7c54347a1,kaczmarj_neurodocker
2237,e509a33d5e05b7cb6f6310a4ba13348ed59676cd,kaczmarj_neurodocker
2238,e50e879ed74fc1bf62ba23b96f58885a62bb9fee,kaczmarj_neurodocker
2239,e51ad107197aed7703e0afa3f2d534c865a864b6,kaczmarj_neurodocker
2240,e54e175466fe83878c40abdf39e75e68f008a636,kaczmarj_neurodocker
2241,e551dc11599f0c604970229cd262993ed215925a,kaczmarj_neurodocker
2242,e56494d881862bfc653cd28d6ea3631ba1d1241a,kaczmarj_neurodocker
2243,e5d4ca51b65899330dbbad334deba852c8314778,kaczmarj_neurodocker
2244,e5f91c5f836216fb4f5f524ab079979ecd3f2e26,kaczmarj_neurodocker
2245,e5fc06e9cd443ee875afb059ba7d5727c66782d2,kaczmarj_neurodocker
2246,e63e22bdcb061fe060db72d6b50df6eb8623ad24,kaczmarj_neurodocker
2247,e64f58cc2d93620e6537d9efb0104cc87a99e5ca,kaczmarj_neurodocker
2248,e655ba042f704fabbb83a9b764885ca88b0577d2,kaczmarj_neurodocker
2249,e65d9feb38b8cb7970b4d5a190b8765b759822a6,kaczmarj_neurodocker
2250,e66650ce2fded6184bc461cc41b00b1bfba2b084,kaczmarj_neurodocker
2251,e67aef7e11b2a0afcb884d2158671a0fac12df5f,kaczmarj_neurodocker
2252,e6a2af8d2061ee29fa489994ba39bbce516f7c9b,kaczmarj_neurodocker
2253,e6bf946534bc366bd8b050ad04a77ea4e6698408,kaczmarj_neurodocker
2254,e6cb55c5f941daf5e40aea7715f95235a2cccb33,kaczmarj_neurodocker
2255,e6d4ffc922cb91c746f7ee783c005f5196cc4c73,kaczmarj_neurodocker
2256,e6f7fdf480303fb246266cc9387778ca23ac94a9,kaczmarj_neurodocker
2257,e71b6febce17c77669bc42b61bdf8891ebcb16c4,kaczmarj_neurodocker
2258,e72134931258ee105c124382940a164d07ba14b0,kaczmarj_neurodocker
2259,e72789a4fad5287842e7c9e64bb424b30aed53e2,kaczmarj_neurodocker
2260,e728e7a8c89a12392e74177d7d4c7c5d188b0003,kaczmarj_neurodocker
2261,e7522f3eb421e88e33b31c4c9dd4c25537d129b2,kaczmarj_neurodocker
2262,e764a3a131fd8a0ab53160356e516d267008fbfd,kaczmarj_neurodocker
2263,e7660646c202f49ce816d11989010b3b1f182f8d,kaczmarj_neurodocker
2264,e7a211346e9d9d569e4a76e34a79ab9dffd4c7b7,kaczmarj_neurodocker
2265,e7cc1b79a28b9c9ee3192fda5587017bdf5572f8,kaczmarj_neurodocker
2266,e7f1720b7f4784a5b26daa9a269db6e32bbade73,kaczmarj_neurodocker
2267,e7f35fc18b014e4c9f6e69f14df1890e6f8d3d28,kaczmarj_neurodocker
2268,e8184454ef5ecdb2f7ed4f4cec210db697ba6512,kaczmarj_neurodocker
2269,e85a5d525ead0c211cbb0c881f9520948a63c73b,kaczmarj_neurodocker
2270,e86172dab2bff2e67e2cb9ed788afccf37f447f2,kaczmarj_neurodocker
2271,e867ba62366ce741fe8f2919ec27a0f4d3653f36,kaczmarj_neurodocker
2272,e87a71d012b4574705849b05ec63db4de7e7c49b,kaczmarj_neurodocker
2273,e88b43a49881c8320c684c46f4f449b683d0276f,kaczmarj_neurodocker
2274,e9879f6a57848f51477b4102eb4ada7d3b0c8017,kaczmarj_neurodocker
2275,e98d13151aaf377e71221f0c22755688868b90c3,kaczmarj_neurodocker
2276,e9b082e679f3b16fe560ae7ee581d6bacc798ebe,kaczmarj_neurodocker
2277,e9b2a9a9259fc68c30f5abcfcd041a3917420ba1,kaczmarj_neurodocker
2278,e9ba5975ec61b348fca1d6b5b25d5f2fa21646f2,kaczmarj_neurodocker
2279,e9fe7b9f9af429b2f4b42c56f81c1b4dfa6c83ff,kaczmarj_neurodocker
2280,e9ff4f8a09cc9fb8ea66d86a53c2a5de2f909daa,kaczmarj_neurodocker
2281,ea48024e78469a9eaa650740935dda568acd537e,kaczmarj_neurodocker
2282,ea5425b611d368222f5feb9bf545a034dc2ebde5,kaczmarj_neurodocker
2283,ea5b7975c9b0276e22ef3993117f0901061a6248,kaczmarj_neurodocker
2284,ea9b2cdd65c825317c6c096211f1b996e1d02291,kaczmarj_neurodocker
2285,ea9b775ecf7808471bc449ae5f04067d68e14ef8,kaczmarj_neurodocker
2286,eac5be1588c8f84c6005a9aa8237e5f23d14dd6a,kaczmarj_neurodocker
2287,eac7982549e884c6d6094803a81eeaec3591bbf7,kaczmarj_neurodocker
2288,eae5a8a9c93961780fb8ec38a705f2581b3fadef,kaczmarj_neurodocker
2289,eaf748f1a672e7f65349bfae6113da644c3040c6,kaczmarj_neurodocker
2290,eafd17f7ee36f08058da46c32dbe07ff40ddaa3f,kaczmarj_neurodocker
2291,eb2360a478b3fd7bf570ead5e0847731b54b977d,kaczmarj_neurodocker
2292,eb4720e1e04f7347488d63fe05fcdafabaaac9bd,kaczmarj_neurodocker
2293,eb5c4e192897037b9240c5c586f53c92615a81c8,kaczmarj_neurodocker
2294,eb7e69e61307fbc195c737cbf8409d43d13ad5bf,kaczmarj_neurodocker
2295,eb86ff9cdc13ec626c5dacd89d224b828da0c309,kaczmarj_neurodocker
2296,eb892d5cb00ada922fb38e01cee798acb56c568b,kaczmarj_neurodocker
2297,eba1ee74b430abfb6288c1165777165e9bb0ca43,kaczmarj_neurodocker
2298,ec040a493e70721863d5477971e8b33cf1433efd,kaczmarj_neurodocker
2299,ec3a2866bfa8aedf0f68f8d36c10a5f7d7c4becf,kaczmarj_neurodocker
2300,ec4c2056474ec1ba06b33159ec8628e850618a3d,kaczmarj_neurodocker
2301,ec5702a52d65d36066e333ac4ab3aec18bf91f9e,kaczmarj_neurodocker
2302,ec600b6138a39510d3c2e889cb6fe30dbbed7d44,kaczmarj_neurodocker
2303,ec60538bd1d5f4626b5d233773d274851c60651f,kaczmarj_neurodocker
2304,eca11a85446bf7bc0416aaf1881842ca3cc2046f,kaczmarj_neurodocker
2305,ecc47bc1756171690aa92e0bed4c5c52e87a79db,kaczmarj_neurodocker
2306,ecc824fb9f5560ef8eb22c4aabdb0e3cb7d52e73,kaczmarj_neurodocker
2307,ecfd87f35118685296715501f6d22277c15483ff,kaczmarj_neurodocker
2308,ed33d65ef1d07af80d63ce728e1f42c5fd5026d4,kaczmarj_neurodocker
2309,ed373347182ca40c49f20f8d9defebed93bb8db8,kaczmarj_neurodocker
2310,ed37f87b557730708209c4b7da1070ce860ceb96,kaczmarj_neurodocker
2311,ed39d308333a4275411b031f0c4724cdbe614d30,kaczmarj_neurodocker
2312,ed3b3e29f8dd386183e8eaf0d7a8132efacd3f86,kaczmarj_neurodocker
2313,ed52ae2973cf4ac234e74acd81f3332b45a08747,kaczmarj_neurodocker
2314,ed56444dc65d5ec140a2a5c411472a5bae370297,kaczmarj_neurodocker
2315,ed65fea572ba0331681a991daba2cb66afc836df,kaczmarj_neurodocker
2316,ed92d360fdc3a216dd3571571e8cdab3205eaff5,kaczmarj_neurodocker
2317,ed952ecbf81123ef7ead8e665825bcc644026c21,kaczmarj_neurodocker
2318,eda30043c0536bb828cc169283a1f5c8528268d1,kaczmarj_neurodocker
2319,edafad19c8d7a3a2aac48592f2b49e5fe6662795,kaczmarj_neurodocker
2320,edd2b62a85273119b2b965204ccfbebd0fa76e08,kaczmarj_neurodocker
2321,edf2ef061157fa52a5f745d5a40a719da672e4fb,kaczmarj_neurodocker
2322,edf3c6ba24a7ee120d8cc3dd0c5d64bd35f9ec2a,kaczmarj_neurodocker
2323,ee3e64321ab345c2dfb372fa9edad5d95ff240e5,kaczmarj_neurodocker
2324,ee57a852229c057d472764d90b3b353b5b538c99,kaczmarj_neurodocker
2325,ee5fe41c6e7aa614a1cc0c316902bddf428c5d78,kaczmarj_neurodocker
2326,ee7b5b16fad755a67f115afc0c026e1966b2838b,kaczmarj_neurodocker
2327,ee805eeafd9863b41da9bc649cfafbe2ef101ed0,kaczmarj_neurodocker
2328,eeaadb0823afbf5f707d6ace63217c50b023c57e,kaczmarj_neurodocker
2329,eeb2e0627cb43fb8b2f7293d229d885ed9ab4c23,kaczmarj_neurodocker
2330,eeb8c86df3ecf9b10fd4e394450add43800ee1c3,kaczmarj_neurodocker
2331,eef1bce20c84e08d8f148315726287b9df476f5b,kaczmarj_neurodocker
2332,ef0884b2285c90ccb3b55e3474b6aca71ca1ec15,kaczmarj_neurodocker
2333,ef13af626a0a99cc21a1780c250beecf989abd31,kaczmarj_neurodocker
2334,ef301b5f8677611fb5f0b9b62cea2190af00778b,kaczmarj_neurodocker
2335,ef41eb36ee0e3bfc96dc466325659848b6c6f17f,kaczmarj_neurodocker
2336,ef8a653b8394560495cee85731fafbaaea4c32f3,kaczmarj_neurodocker
2337,efa3f8cdf72ee95cc046bc49812929a1fb8d252b,kaczmarj_neurodocker
2338,efb8afd9596742c8dca787e6eb088cd13db294e6,kaczmarj_neurodocker
2339,efcea8c2182c50eb0c884df50a66640510013a8c,kaczmarj_neurodocker
2340,f002d492ee4ee8bf31c116281245182000063720,kaczmarj_neurodocker
2341,f00f6ed1a3180c9977bf69771b2903d1d7327b7a,kaczmarj_neurodocker
2342,f0342381a5dc587ae594dabd92aa50538ea8d09b,kaczmarj_neurodocker
2343,f04d0ee1bd698df74af77a3eb3839af3c23652d0,kaczmarj_neurodocker
2344,f050737cbae24e48da2e42797e159da70b3f5f0f,kaczmarj_neurodocker
2345,f0575d16123da32d3b49e2d94099721340420310,kaczmarj_neurodocker
2346,f05b1102f66ce4aadd2a4ed41454396cc5b2e17a,kaczmarj_neurodocker
2347,f068376fbec643f46b5250c36a6a5347e42570c4,kaczmarj_neurodocker
2348,f0823e480d25ccd999ab7f38ea9b7e6ace6c0917,kaczmarj_neurodocker
2349,f104933e7faf01ed3da7e3201cea469f9ddd87fe,kaczmarj_neurodocker
2350,f10923b3e2ee0e4c35a509b6fe52d173522e0c5d,kaczmarj_neurodocker
2351,f122c0c69c2b5d8110df1184ed185410b8b6e477,kaczmarj_neurodocker
2352,f1376bf722556338bef1f9fa30ee512bb01e5ed7,kaczmarj_neurodocker
2353,f155caaabfb29d8fc8ae837e1c5814e1436bfff8,kaczmarj_neurodocker
2354,f158b7e26ec7c6114fbf09678943aaf40df77a65,kaczmarj_neurodocker
2355,f159639a9f1afbbbfa9b55269b0631c581f6644c,kaczmarj_neurodocker
2356,f16835381ac78ea3e870f6dd8796d77fa3422048,kaczmarj_neurodocker
2357,f18dd8cf4f65e9dfd65fed3cdfa21756797c9018,kaczmarj_neurodocker
2358,f19521f5f0b496d732ed8c7417979bcbeb967251,kaczmarj_neurodocker
2359,f19dca74d2e00036fea64ee9ea32498be411576f,kaczmarj_neurodocker
2360,f1a52b1d45c87525741e74ff175d683c05212eb8,kaczmarj_neurodocker
2361,f1d084b8210b0b5758efc0175efcd4db0bb2581b,kaczmarj_neurodocker
2362,f1dc55d5c2dec562ba2ecb4b114dce73c334e107,kaczmarj_neurodocker
2363,f1ee11f86ad1916bec87b82900586ec053c8ec2c,kaczmarj_neurodocker
2364,f1f09cf2f755fcea93dd6efc6395a543ad3ad8bb,kaczmarj_neurodocker
2365,f1fd9e71b1756b50f25d1ca91c182db9eaf99e19,kaczmarj_neurodocker
2366,f23d535c246fb4ab3abf068d23678ae5baaf76d6,kaczmarj_neurodocker
2367,f262a9277d8975025cdae1b61fe9685b1ea30a20,kaczmarj_neurodocker
2368,f269f3178ff9a94a04f9fca8b44f0de311253f15,kaczmarj_neurodocker
2369,f2721cc0a1389bc6d2cba81ef8ac5cd6c24a80f8,kaczmarj_neurodocker
2370,f278974f34640de1c26efc72ee190970efb0e14f,kaczmarj_neurodocker
2371,f28619212786158780f4840390ef42f49123200f,kaczmarj_neurodocker
2372,f2aa5c5bb2a504e4b2a457fa688bd35f57f536b0,kaczmarj_neurodocker
2373,f2c95a0af504581ebd47ee5b1705616be6579174,kaczmarj_neurodocker
2374,f2f42e1389001dbde808c02c7de7745e2bb67e25,kaczmarj_neurodocker
2375,f30c4a7404f15dd275e2543870728801015dae11,kaczmarj_neurodocker
2376,f3263a73e84f7fd5f2dae97af66705302bac1084,kaczmarj_neurodocker
2377,f338da2837b9b5208f06c9e1aed027a3f63560a0,kaczmarj_neurodocker
2378,f345f53f97f580096bc2e1e04609bf113b630e0c,kaczmarj_neurodocker
2379,f35efb6f6b0541c24b978bc8e2d24c826d176487,kaczmarj_neurodocker
2380,f3656c908b82d61d2d9239845714df00279a91d8,kaczmarj_neurodocker
2381,f39cffb98d2e3b995c2f11522db29b75ddc380dc,kaczmarj_neurodocker
2382,f3a17816cd69dee3739649adc350dd9eda094c72,kaczmarj_neurodocker
2383,f3b9f60af0d000b47edb514f32dd8cf2678f5493,kaczmarj_neurodocker
2384,f3bcd627b24b935eb0d4b408b015c5888c939e64,kaczmarj_neurodocker
2385,f3bd737c5bddb9a106744787d149751cf731163d,kaczmarj_neurodocker
2386,f3e867154d91c63cf82557b2b4c354384f0aa367,kaczmarj_neurodocker
2387,f3ef192cdbd2340f531263971cae9cf4a27af3b4,kaczmarj_neurodocker
2388,f43aaca644081e77ab95c3ded525eb38dd79548d,kaczmarj_neurodocker
2389,f449ee279aee4374023a2f13fd4ccb96249db242,kaczmarj_neurodocker
2390,f47147b603b19eabfc578af80521bad741f76102,kaczmarj_neurodocker
2391,f49345e5b658408c7467edf45563c874b7fb1a18,kaczmarj_neurodocker
2392,f49ffef680a718a691fab226da489e45348d1a35,kaczmarj_neurodocker
2393,f4b1e49f7e14466834bf6dbd2ee68c6aa79a4199,kaczmarj_neurodocker
2394,f4fcc637b4b75a2f14e86cce6db78b7cb579111a,kaczmarj_neurodocker
2395,f4fe18e7faec0f96526e9735f16465f516db1a35,kaczmarj_neurodocker
2396,f52d03d2690996ddc67633f23a249b987feb5b0a,kaczmarj_neurodocker
2397,f587226188dbb142b42539e35997228451f6cd72,kaczmarj_neurodocker
2398,f59d9adccbafce3849c26cddc2b3f9d8aae177a1,kaczmarj_neurodocker
2399,f59e71e1d8318e6abc72b706918c3c2a96dd4f1c,kaczmarj_neurodocker
2400,f5b02d032ecb4baf55404782350617544c7386ff,kaczmarj_neurodocker
2401,f5d95fadff5cd69450dc313eed9a7c0c4521d407,kaczmarj_neurodocker
2402,f5dafced6463e627353f964e0122d73dfc96bd06,kaczmarj_neurodocker
2403,f607d1b607d8b230ec2449a73b2033d3d19ecab3,kaczmarj_neurodocker
2404,f61d0e22bbd5c988f1cb6ff044f11195d257aa74,kaczmarj_neurodocker
2405,f63915e060a55e3267e6df9b8e3bcd5bd459a123,kaczmarj_neurodocker
2406,f63ce04b7dffd6887ae074c5cc07b61ac89a2c64,kaczmarj_neurodocker
2407,f68d8530c8ae462ea888d982ca66d23313d4124d,kaczmarj_neurodocker
2408,f69f2b38e1004c2ef2f87a7667b5ec8999fdc98a,kaczmarj_neurodocker
2409,f6a4242b581fc32ea4429edc898669e61b69236e,kaczmarj_neurodocker
2410,f6b61bc9b483631cbacc2cdaa0bc078b0d16fd27,kaczmarj_neurodocker
2411,f6c51dbfecc483fa0cc0f3c38eead4ca304fd836,kaczmarj_neurodocker
2412,f6cd5bc1625d1f14821bd1e6237e7e78dd364a74,kaczmarj_neurodocker
2413,f6e2f1f38b7d7f1f3742eb15efc776749142f66d,kaczmarj_neurodocker
2414,f6e83c24f643a6a24c7373494576f3def70f3493,kaczmarj_neurodocker
2415,f6ef36b13bca0e704a87328fdc7b14776230b56e,kaczmarj_neurodocker
2416,f7030a1611224d89bdf51209bc0643f5237348ad,kaczmarj_neurodocker
2417,f7048d0e6ad2b35d1797654a6a78a8c2a3b6f114,kaczmarj_neurodocker
2418,f7055a1477ddaca789e378706b4fbf51e84e8678,kaczmarj_neurodocker
2419,f70715d7c97005cc373660a1713e40deabc43ff6,kaczmarj_neurodocker
2420,f7184214945f103fb3621f636a6dca40f2271518,kaczmarj_neurodocker
2421,f71a81c817ab19a26e1ebbe073b683bd1adab606,kaczmarj_neurodocker
2422,f78f1f6ac63a2345dc6c5ed2ff0d19e5bd3afd8a,kaczmarj_neurodocker
2423,f79ef3e9029481e3c5786d1927b51ab01050e1f6,kaczmarj_neurodocker
2424,f7bc83761cbe7c272c1b83a82ec55d12ff1847e6,kaczmarj_neurodocker
2425,f7e411c21d08346ddde2e37226ce19b5d188c991,kaczmarj_neurodocker
2426,f7edcb9bdca3d1d0cedd0f04dfe779b7f773165d,kaczmarj_neurodocker
2427,f7f2aaf34d0156969cf899405662f4eaec4ead48,kaczmarj_neurodocker
2428,f8ac0460c540872156275850e028d54877532a19,kaczmarj_neurodocker
2429,f8b5f893068672c034f1d92d16c149060ab87066,kaczmarj_neurodocker
2430,f8b6e42db9f01543c7f5688ee4f77616eab3701b,kaczmarj_neurodocker
2431,f8c47a1e4732fabdfaade1f275a5215dd790f7e9,kaczmarj_neurodocker
2432,f8cd855df285ad4cc6cb46c45fa3a68552c6017b,kaczmarj_neurodocker
2433,f8febdef32ab53ec69b793aca346c715ca4233bf,kaczmarj_neurodocker
2434,f90b77f205027646f905162b661c78588b69ad6b,kaczmarj_neurodocker
2435,f913dc73375c34bff54754ff2c0faf2a5ab7169f,kaczmarj_neurodocker
2436,f9b4d68f92bb3ce116e34e035020ad9e0101934b,kaczmarj_neurodocker
2437,f9bff37d2e834d8727a0577769b8a2c9cc59b16c,kaczmarj_neurodocker
2438,f9d06e04c5389f69bc92f0a547801ba119033697,kaczmarj_neurodocker
2439,fa357e8ba93aef39b5e90c9faa973ec813121a3a,kaczmarj_neurodocker
2440,fa383dbf092f9481d03182c7f78043339332cdf7,kaczmarj_neurodocker
2441,fa39a315b0000da84f30cfa947ed0b2b4fec4505,kaczmarj_neurodocker
2442,fa9dae425e7dd6bea75d6f74ef67f4a2fead59e6,kaczmarj_neurodocker
2443,faccb37ec8e1adab2ee368e7f3da7f13d2350968,kaczmarj_neurodocker
2444,fadff0a63f16e49414555594c4c064a49ba55fd6,kaczmarj_neurodocker
2445,fafc61528bb0baf49b9904d3308714788abeb4a8,kaczmarj_neurodocker
2446,fb01ec9cbe98a01390550326df30e0eb4068ec1f,kaczmarj_neurodocker
2447,fb0bfa8d36d0656c158afd13f8653bb6055507c6,kaczmarj_neurodocker
2448,fb14a560b88464e2c4eae2d2bd1bf62ea33bbe79,kaczmarj_neurodocker
2449,fb1b238021b2d6fe204165cac4ed6643ea4eb854,kaczmarj_neurodocker
2450,fbaaa6e3431ba986ea4e5c006a08f1a9b08555bb,kaczmarj_neurodocker
2451,fbcfb04195ac9442af6e27180a554212d1dc33a7,kaczmarj_neurodocker
2452,fbd205d3de630d745f6f9ffce34a1acfaedcb1c8,kaczmarj_neurodocker
2453,fbdbb33ed26e61d6284f0e91ac836b2a4e271728,kaczmarj_neurodocker
2454,fbe4f60b17230e8eda6a17ea8f22642e6375684f,kaczmarj_neurodocker
2455,fbe79e77a8f873a73dd79cddc0dea7530a760580,kaczmarj_neurodocker
2456,fbf6715e7e29b418384c50c96a27af61b8535296,kaczmarj_neurodocker
2457,fc0096103cc62f78c9d1a37a09eda3c9638af25b,kaczmarj_neurodocker
2458,fc186230875312380437be66b010a619981413a2,kaczmarj_neurodocker
2459,fc2b2395dc32cae19140e2426c12c718d075b379,kaczmarj_neurodocker
2460,fc2c3972658df1c1501e07c15686869efae1629a,kaczmarj_neurodocker
2461,fc49d47e6631a794cec3331de7da7bfed85dfdde,kaczmarj_neurodocker
2462,fc575976708e7d50aba1cddbfe01547eaf7be483,kaczmarj_neurodocker
2463,fc5c47b196073fbd315872691cd7011a55042bc1,kaczmarj_neurodocker
2464,fc5eef8cb914b6465b75c01c22adc63930474390,kaczmarj_neurodocker
2465,fc6a3438637535e8041e89ab437d2ee7ad9dc44e,kaczmarj_neurodocker
2466,fc81435e1912026ed74f375da0bf4546710157f3,kaczmarj_neurodocker
2467,fccfac4780b81c6da548605912b29f6a7fd0844f,kaczmarj_neurodocker
2468,fce0fddddf0880522df8c32f59f7347a62700171,kaczmarj_neurodocker
2469,fd02c4fa4b0cdb9f3bf2576f6d2a299ffce1bc7d,kaczmarj_neurodocker
2470,fd0ede872c3329012cce6ca76fb2a696430d27d8,kaczmarj_neurodocker
2471,fd3ab0bdbad3ac14a97e2f8c6be89b1285181616,kaczmarj_neurodocker
2472,fd539a7df1f4909408165cd4083c1907c45827f2,kaczmarj_neurodocker
2473,fdb2ca9e1e7664d4f0585045bf1e94efc4d4875b,kaczmarj_neurodocker
2474,fddb3f0ff5f94ed3680923f9355de4826fb72a24,kaczmarj_neurodocker
2475,fddf0207b6f13dd799abe7ad1f8848156f71aefe,kaczmarj_neurodocker
2476,fdee517a22903e3a62cdc36c7577bfa76caa2863,kaczmarj_neurodocker
2477,fe14b90fb446bd762414be68af3a165f8f05e464,kaczmarj_neurodocker
2478,fe169e907bf41412c24f03370a0b26b9cef90ca8,kaczmarj_neurodocker
2479,fe42e4803f0b6f22ffb4e956a4154c1081eb332d,kaczmarj_neurodocker
2480,fe4967f7d5f8220f4abe154b6db917882497b2d1,kaczmarj_neurodocker
2481,fe497b2bce75d7ffda76685f256ada873e9dc1d0,kaczmarj_neurodocker
2482,fe55b27b934f59d44a9fd70c254091ac2a1bc68d,kaczmarj_neurodocker
2483,fe5a1dceb54f33277f3010af93f671a7ab93ba40,kaczmarj_neurodocker
2484,fe7c7507f44488828796c78a485e7dca93bfe08f,kaczmarj_neurodocker
2485,fe86475fdc3d133ce7d29e1cd72cdc6e8d6bab50,kaczmarj_neurodocker
2486,fec2a6a180909a9193e66b0fe92ed1f31cb17b62,kaczmarj_neurodocker
2487,fec985cf4184799a86dd4cbe2d62434aefab0b07,kaczmarj_neurodocker
2488,feeb8a0baf98f6fc51a83be6138c80f6bab5c184,kaczmarj_neurodocker
2489,feee7d94ea917ca9f09412b5c6c0b17d4e6e318b,kaczmarj_neurodocker
2490,fefab4bb7a4dd3b2fcf10ee329759159f5962419,kaczmarj_neurodocker
2491,ff0fb5aa7e87b2d3c9aa939bd1ecbdb0220f4619,kaczmarj_neurodocker
2492,ff21e790d0a60ba9c97fd5ef37e43a7ef821a7e8,kaczmarj_neurodocker
2493,ff2e1662dda1230ff7b8b1bdaddcf7a6e9927d24,kaczmarj_neurodocker
2494,ff40f37d64e2519d400670e948128b0413bdc911,kaczmarj_neurodocker
2495,ff461613fd22f10166ede0d389e50f405bba1427,kaczmarj_neurodocker
2496,ff5cd79506634d02f7d1c6e56df01540b6a30de8,kaczmarj_neurodocker
2497,ff628204fab3f999ab85668b16051546cca1a039,kaczmarj_neurodocker
2498,ff75ca54bec581802c78483bcba7d3277a1151b4,kaczmarj_neurodocker
2499,ff8c977ac5130530c3ba4c88d028ffb059bd32e0,kaczmarj_neurodocker
2500,ff914b1f9beff43c07bafdf5f9a85604a7088b25,kaczmarj_neurodocker
2501,ff9a63fb66e12515dce08a621f39c45d882590d7,kaczmarj_neurodocker
2502,ffd0799dd9972b941a31cdfc3c8b15c1e321516b,kaczmarj_neurodocker
2503,ffd9228f29ec62556ae2af296c8aea2af5019513,kaczmarj_neurodocker
0,00049e47ac0ab319875aa07530b4b9b0dd083382,code-iai_rosintegration
1,012e5c4a8d32dca93b0f82de8a06dab54d46cdf6,code-iai_rosintegration
2,01409435edf0fbd59ccf9134adf3d19f39247659,code-iai_rosintegration
3,01fc90160a69c52081ddff3d7024b74c78ec2b76,code-iai_rosintegration
4,02106b9f388069a22f8689f31afb06ddcbe0e70c,code-iai_rosintegration
5,028c2e175a82f7997a9b27121ba18b78794292ea,code-iai_rosintegration
6,030a89b964be13705a730a1476e83214175991c4,code-iai_rosintegration
7,034be952a4d92f6a77826ff62dd1569dd616ee08,code-iai_rosintegration
8,03e8c0d79ca935028bc5060c50ba94323bb69a2c,code-iai_rosintegration
9,055cf47b3a7802973e3446fdb8b756788957a06b,code-iai_rosintegration
10,057a0508f62694ca90d2db6ef01804d4f7835a07,code-iai_rosintegration
11,05b818782b788fdf04989844ccda2b030c9d418a,code-iai_rosintegration
12,06295b3fb88b992889c46879e5329fb950f1a896,code-iai_rosintegration
13,06396563e11500334c6de8d76870f2da0bc5c7ae,code-iai_rosintegration
14,074da70cb5c58d744716c3827234721c04f23849,code-iai_rosintegration
15,0799a4faa4305976f7a25752595808718bdfd08d,code-iai_rosintegration
16,0874562556a11216651372b8f33bc241f2eff524,code-iai_rosintegration
17,094753ec9cddb4882c0388a4948c27dd9f93fd57,code-iai_rosintegration
18,09aee29505f45e9a9bf123fd5e0f44ec44fda3fc,code-iai_rosintegration
19,09dd18a042fadfa1c4be8c265a05b4976a69dece,code-iai_rosintegration
20,09fcd89a25d22386cc3ed90bf1ca146d1ae8bce0,code-iai_rosintegration
21,0a637c05d5f45c57a8358377a2b1018a5516d5e2,code-iai_rosintegration
22,0ab23c5c9bd103472260919d4399d7bcc16312bc,code-iai_rosintegration
23,0b53824871caf47b44faf25d14549c3b089586fd,code-iai_rosintegration
24,0b7d9ae28d945d4d62b8f82f844c8eb6e1cecc16,code-iai_rosintegration
25,0be83e0e54483ed63656055137d616a7cf5b3af6,code-iai_rosintegration
26,0c0ed35b8054111ef029af74fc6345606758ed10,code-iai_rosintegration
27,0df1463448c2e3670d91835b923ff2137b301c65,code-iai_rosintegration
28,0e41fb7ce303eb78c327db353a23294bab9efe04,code-iai_rosintegration
29,0f0cc50dbe4f8e32e7c5ba4838f6c9e90f922bc0,code-iai_rosintegration
30,0f921ecb58e3412f4e726d1944f32ee3effb485b,code-iai_rosintegration
31,11beb174fa45132528359ee5c55ab635ed49603b,code-iai_rosintegration
32,12779fcfc327c3c6296ef110e18ebba2626f5572,code-iai_rosintegration
33,130464511675be75181f39b51eb82f53c1acbc33,code-iai_rosintegration
34,133ae6f444dc933541cfd6348f2b17adf42a658d,code-iai_rosintegration
35,14104971bc3f92686866da1a4020be7fa2b23a3e,code-iai_rosintegration
36,1434b03dfb0a4aa66545833a72decc1df0aa2069,code-iai_rosintegration
37,145c30a9e15604f404f2f845b080aa9663277baa,code-iai_rosintegration
38,14e7bc2bca864439ef12b6fa1f780f039b2f6188,code-iai_rosintegration
39,162026092ae7ab2c11cf5a78c964a9272f4995f1,code-iai_rosintegration
40,1626a7280e49845fa7b97437431a2624ebd414c7,code-iai_rosintegration
41,168d5f085c73e8154d629d2886026229fbcd6e81,code-iai_rosintegration
42,1820adb88c74b72b22bc6a1bfd65cf58ea95b6f7,code-iai_rosintegration
43,18398fb45a81dc69453332cd648d88c61a180957,code-iai_rosintegration
44,19a08899d75b13a0d11ea3a92a493cde1dc612f7,code-iai_rosintegration
45,1a96db756fd380347e64addab13165868c8ec9cf,code-iai_rosintegration
46,1b3e093592462c0c9b488e769b975cdb32a10723,code-iai_rosintegration
47,1b4561d4d0bd979de39ee599b46c2b54e661d413,code-iai_rosintegration
48,1b7b55f55e01b8e94777afe43f95e02c04d09ef3,code-iai_rosintegration
49,1d4d52070d90e3d19c4f613cd190de18cc95f6eb,code-iai_rosintegration
50,1e1b9f9506d50e44df691d9447ef9fc8f6fe5d71,code-iai_rosintegration
51,1e588d2dbbc1a0f748e26683cfbdd0a456af5af5,code-iai_rosintegration
52,1ebdf332b74052f7e49f8ca5690104d1f51d9006,code-iai_rosintegration
53,1ef085930c324e0724271dc8a3be73401f3fe62b,code-iai_rosintegration
54,208529065bdc4a9a455e9f7ae38c2df2e9aa4daa,code-iai_rosintegration
55,208cd37660aa15efedd1f6657dc5e330159e3f28,code-iai_rosintegration
56,20f7fc16d0797635d1b771123d701370ac2fd74f,code-iai_rosintegration
57,2202c47d9d0858b56d1a3f37b5e2d3e38ab4c500,code-iai_rosintegration
58,220601b8a3504180ff075a5702ebd963eba11a90,code-iai_rosintegration
59,220dcf88b1715c7c27b13eaf162184f4b0fa337c,code-iai_rosintegration
60,229ae54cff35e4bd9f3b3f99f503e1d84cf03ab5,code-iai_rosintegration
61,229f6125ddbbfbfd058f2e38c1bfdcb6ee567f24,code-iai_rosintegration
62,230315473cda2cb061f6e86729ba4a9fc3317dbf,code-iai_rosintegration
63,23473dc77c245e9d2e35464e160f2d844abb2f52,code-iai_rosintegration
64,2376265a1498eaf40a685a8caa4eebf80123a2bf,code-iai_rosintegration
65,240da4cd91551242ddfaa425d14d4450dde3b246,code-iai_rosintegration
66,24c26dda49d55a902d092c7c415863edd5b2f9d8,code-iai_rosintegration
67,259bf6e6cf5021aa282d32fe4a82b8bfadfc00f4,code-iai_rosintegration
68,25fabe3fe267faa0e7f0766705172b9e9d3fe7c7,code-iai_rosintegration
69,26ac3b18428e137843ccd7cb6ddbd3427d57b560,code-iai_rosintegration
70,26bb8de189fc26e6603d9488778f8dfa166cb3fe,code-iai_rosintegration
71,26c1eca2b2ea542ce9750b65dd5ee589e2526b70,code-iai_rosintegration
72,26c6f3fceca013b4204689078d1ed5d02d722585,code-iai_rosintegration
73,274a6e2d6f7fcf089108b0e1a8b1d1aec0adb92d,code-iai_rosintegration
74,27662d8159eb00d0b34bff435581d316df531484,code-iai_rosintegration
75,2782d628756d2cd325dd2acb16cb5805d9b11733,code-iai_rosintegration
76,286c4420235945656be3f9b59f541fc59be1c6a1,code-iai_rosintegration
77,291688fcaab55bba22de02634db9ef8043e37619,code-iai_rosintegration
78,29bdc337e76f6cc16f3a9f63b6900309da838099,code-iai_rosintegration
79,29bde47aa7c23d75386a8ae0b9227b3719b23214,code-iai_rosintegration
80,2a0a15dd38e27507f2aa53810bf60c2895a7656e,code-iai_rosintegration
81,2a75cbd59b0b88fd255327da5b875694c117b7c4,code-iai_rosintegration
82,2c9bb7d8967a7a305da61c06516566699959a4fd,code-iai_rosintegration
83,2d5b319c7cc6fe405014eb50533034a0b51f620f,code-iai_rosintegration
84,2dbc4be2edcb10c534e105d18132cc214734414d,code-iai_rosintegration
85,2e162f5615966fb05bb9786b67c7291cc873bfde,code-iai_rosintegration
86,2f7d8007121f1c19eb6e484bf236783f32abde9f,code-iai_rosintegration
87,2ffc567bb64701e51bf6a822fe4fb7aa5e6ecefc,code-iai_rosintegration
88,314e04e797043b9964b2c67f7dfab3727f85816c,code-iai_rosintegration
89,32c8858867b6c54009db717b32ac63fa3dbe9037,code-iai_rosintegration
90,33e8aaae767259f72787226abdefe3d75956946e,code-iai_rosintegration
91,34adf2c29d65fb0899db4562f5cab1bb46800feb,code-iai_rosintegration
92,34fb3ca00ca1ac39cee8974032b3bf51fa0d565d,code-iai_rosintegration
93,353062caa5b55f9e5d7308a94e8ca183160ceaba,code-iai_rosintegration
94,3605d346a0226a6cc32b875325ea715cdaceac16,code-iai_rosintegration
95,36ae9dc7342d6375974fac4d6fd1b36e4fc9b168,code-iai_rosintegration
96,37f08dbc8a21d861439b61038d6a049362ee190d,code-iai_rosintegration
97,38612ed22801f1676e175a4e2c649d1db372c633,code-iai_rosintegration
98,39c25734a5e79277f04359a1f3933f2222267625,code-iai_rosintegration
99,3ab5ebf8cf8d10d2c9c3494673bb64f5a721d974,code-iai_rosintegration
100,3c6ff9284b483fb32ba8fbab9dc9c45038ee3b07,code-iai_rosintegration
101,3ca0b10e04a3823da583e032802dfa7fc8ee04ae,code-iai_rosintegration
102,3d69e15d714ff66f5fa7c4adae6a0c16a18f2be0,code-iai_rosintegration
103,3db9f269084a4a99db49ef31ceca397d0eea9466,code-iai_rosintegration
104,3e1f6ab0fa059ba51dca4d87c28efe3c9333832a,code-iai_rosintegration
105,40aa2bc3814d9073dbbb6805ba79d6b0695fcd6e,code-iai_rosintegration
106,40c2f14708173b6d4907e93411ddb507af48539a,code-iai_rosintegration
107,40d74c920c5a864d92cbad665e50ddb8fdde12e2,code-iai_rosintegration
108,40f32baae2b48300eb45b3c2579237edcc1fa491,code-iai_rosintegration
109,41176527f931e858f80283d909e27aa664e1cab4,code-iai_rosintegration
110,412ebae3ed7ef09ff05dc97a147f9d30fc39fe81,code-iai_rosintegration
111,41f397163ca263c2844480a744325669d3548878,code-iai_rosintegration
112,42ea640ab10bff73fcb6a18b6623b5b13f8cd687,code-iai_rosintegration
113,42fe5341cc9ac4fa8f6da1e6f4d7cd5ccd24c8cf,code-iai_rosintegration
114,4652998721aa0e07d02c680d9137b55b5bc3c8c9,code-iai_rosintegration
115,468255f52818e88dc6bee128e5066f0e4a614063,code-iai_rosintegration
116,46887e984f37f03d5923a67e8a93999159c83cf8,code-iai_rosintegration
117,46d501a3a7bc19b92960f10ba2093fef0103bc20,code-iai_rosintegration
118,46dd9668eab4e5624b88681f22b7303af3d38592,code-iai_rosintegration
119,482d077eca26c7481b9978c1279958bc527393a5,code-iai_rosintegration
120,48865a297ac76f95776c080cb2bd3a728264547c,code-iai_rosintegration
121,48aa9cc4633ffb2b44b8304291849e7ce2e2b5f9,code-iai_rosintegration
122,48c0fb621aa9e678b3ceaeae936939874cded640,code-iai_rosintegration
123,492d6c156e8186a6aa0296b810792789ab093d8b,code-iai_rosintegration
124,49617644015bf14f80c211f233d493813a580fc9,code-iai_rosintegration
125,4a5678630f59cab253ab70595650caeb55f1fed1,code-iai_rosintegration
126,4a93d068d402fcdf915d3b2131845fe75ad2ad9c,code-iai_rosintegration
127,4aab7a035b60bb1fe3b014b4d59bb9eefd65cbdc,code-iai_rosintegration
128,4bc44efb5c13ccfebcc132b6c0155f41a2eb5307,code-iai_rosintegration
129,4c10133e47b075a0abdf713d3b91ecbe49aa463b,code-iai_rosintegration
130,4c2dffc6b4aa0c0aeb8491c70f2224736b2112f7,code-iai_rosintegration
131,4c4a9636af5dec20dd9c06c4dc444e82f25e757e,code-iai_rosintegration
132,4e2539873616e3fa0af591b2d0e77927ae35002a,code-iai_rosintegration
133,4e56abd8f8ab94d79c1d067b116f2485d5418286,code-iai_rosintegration
134,4fb068eda6c31172385263421e56adebf55a1d7e,code-iai_rosintegration
135,4febcee64687e726fe33dda5fa14a6b0e480aaa1,code-iai_rosintegration
136,507574e3f62239fdeaa3c9aafd0e10137e742b02,code-iai_rosintegration
137,5080ef41ba8cb7762d9d7a8e3a6bf35216c28018,code-iai_rosintegration
138,50b558ecdaf2425f81744520a97a2feb4ddd1c25,code-iai_rosintegration
139,50baf71f2b69ed6a24625b61132a07312b9e3811,code-iai_rosintegration
140,524c4f8f347ea8f22a81a20a7e29119962c2d51b,code-iai_rosintegration
141,52c32c15f0937584d5fd3f8b2c9f50903d1fb8a4,code-iai_rosintegration
142,537b9392a65b6707271261307c56deebdbefc1a1,code-iai_rosintegration
143,5408b17dac5faf0c51373fae9bd8fcc517c575c5,code-iai_rosintegration
144,542258476734a60e23c4be3fc8f018b68d6682e8,code-iai_rosintegration
145,55477b76b91816d886a3e2d0249a91867bd82398,code-iai_rosintegration
146,558cfddef08828abfc2e72666481509e5622165b,code-iai_rosintegration
147,55dcb2d888182288f3054638439ae638ddbbb0eb,code-iai_rosintegration
148,560af40a5d2c0819070883c1463eba12b71e53a2,code-iai_rosintegration
149,5617d3e4087e97e35c818a78b7909c9cd1f745f8,code-iai_rosintegration
150,5680d58bffdc0d6814e314ad1b040e95ab107e98,code-iai_rosintegration
151,569a5f5295eb9c9935cca74754f5285a6fc7e33f,code-iai_rosintegration
152,56cc2c3ddfce2c77c710304fdea40378f0f180f3,code-iai_rosintegration
153,57f5dfa5ccf2fd952869f9b2cdc5fafddec5349e,code-iai_rosintegration
154,5800035aacf1e15a4a5f68b480772d7f4d2695b3,code-iai_rosintegration
155,588edf059cd0fad2419fc14cb75691b0dbc942da,code-iai_rosintegration
156,58aaa98cf4e2173e2760a3d89c12c0930698297f,code-iai_rosintegration
157,58eb9643b5c814bc89d9e0384168b9fe97ea64d9,code-iai_rosintegration
158,5a23c69c340505ea9ac272f020d2a53f8c85f4bd,code-iai_rosintegration
159,5a7c9d0269975a63df8abc94cc18d189fe3479f1,code-iai_rosintegration
160,5aab11799450131cc72e6ec1608b67b90ef0864e,code-iai_rosintegration
161,5cd4dc20c737343552bda8e7e694a617631d9c14,code-iai_rosintegration
162,5d0a83a74c8eae31fd37aad83222d7f1b1258b13,code-iai_rosintegration
163,5d24c62f08272b557a984deece9613baec3b0577,code-iai_rosintegration
164,5d2a7460bf3f643a159ce8a04bb8810a2c5496a8,code-iai_rosintegration
165,5d6c1b5a15d5b01c3b0882543080d192407f50d3,code-iai_rosintegration
166,5e1dc1f2c18b7b12fd715c788b6a0b23f02d9468,code-iai_rosintegration
167,5eaab46ba3dd39bc6b45c9aaf1dc1a305427ab3d,code-iai_rosintegration
168,5ec2804e179346da917b9ce5116930c36f115691,code-iai_rosintegration
169,5fd4c2f3145386f8fa2d41d02535fe2490b5769d,code-iai_rosintegration
170,60363d21e39adea6761b5ce08cbe7b4fd6ad409a,code-iai_rosintegration
171,608adeffd8617d18521458b387bb47340775a09e,code-iai_rosintegration
172,610b854abeac8cd0109777753c1063bc64d8b303,code-iai_rosintegration
173,61162022bd22341f1b5d095d2e46c80903968342,code-iai_rosintegration
174,616e711571e79e50f5923fce499da52499741294,code-iai_rosintegration
175,6170e28d197282aa207ba31a7173e3b9fdf9eb62,code-iai_rosintegration
176,6191b4c3f9711810b4c585921b4040ba4ef238f9,code-iai_rosintegration
177,6197d461bf13fb0a62ca7526798256dd49fc9027,code-iai_rosintegration
178,61bc1319abf4bf1fae93177ca044395b11466545,code-iai_rosintegration
179,620b677a495ee07f9ac199d117a63b6f936b21e8,code-iai_rosintegration
180,627a6c7ad2cd764e824282d2347e3d17b6ad8a0d,code-iai_rosintegration
181,646cc2c1d69ff81f60c338839036a6572303cb69,code-iai_rosintegration
182,64a4389345fb8861ad196294fdcaa5e96bcd7731,code-iai_rosintegration
183,64ea489832623819efa3f8f8a826ef19756ecd65,code-iai_rosintegration
184,6556e1b2d32cbb67f28367d5caebb635f9bbfe60,code-iai_rosintegration
185,65b1110a063e345b8b9ee9e06f75dc72aa28e068,code-iai_rosintegration
186,65d3f307dcb26280397a167133abe94b96eab9f0,code-iai_rosintegration
187,66163180a6a986eea5261413a2226766319e018f,code-iai_rosintegration
188,66468ef9444fbea821cb878d261ff37eea7cab1c,code-iai_rosintegration
189,667f42202fa7e388445704c7da9fb1fd10531efc,code-iai_rosintegration
190,668043e6767b8b8b54658d69df9d39f56ae3b659,code-iai_rosintegration
191,6701400c42add767e1a4d27f66d579fbc1dfaf1f,code-iai_rosintegration
192,6720944e8c414cf5508bd1add7c82f4284bb6e82,code-iai_rosintegration
193,67a5a2a91274d11d044bc0b27c2d96f590b9c71a,code-iai_rosintegration
194,68718eb86898dd89a12ad2ef43d685fd6dc99d83,code-iai_rosintegration
195,68d14e165dbe50c797060938b235993ece786732,code-iai_rosintegration
196,6a3cc8dddc15f5c624619df40104833cd3a592af,code-iai_rosintegration
197,6a4513ccaf8ffb7fb43618a419ed2105a8a4ecab,code-iai_rosintegration
198,6ad636881042d19d4b31838022e68d6cf351099a,code-iai_rosintegration
199,6b9f59a0f29441a06b0475a0be440448ca714f45,code-iai_rosintegration
200,6bb1088d7206659390965ecda30765ad0c1e1a10,code-iai_rosintegration
201,6c5d0cac47ffed5c424588d6e782bf70c99f4b6f,code-iai_rosintegration
202,6c87b44e6c4df58f687504d1275558169261d60b,code-iai_rosintegration
203,6ca770201d34e7bfab375fc78fdd40e51ef76f62,code-iai_rosintegration
204,6d0d95d5dc8e40262f8ed423fb4c47ef12859ec7,code-iai_rosintegration
205,6d115fac519f8a3bdedc00c59fe6f519b67a21ff,code-iai_rosintegration
206,6d5a7d1fab7c8a5d8b8e09c011b38b9bff9a92c4,code-iai_rosintegration
207,6d60f4205e53e6e9b8a85a459f3037328573e8d9,code-iai_rosintegration
208,6d9527923794969166a60c92a9d45d79ccd28989,code-iai_rosintegration
209,6e321e0126380d67f930fe0c31be0e074ffa7ad9,code-iai_rosintegration
210,6e79ab3f878650fae988fca7763d1c75dea99e2e,code-iai_rosintegration
211,6e82d3259fba06fc7dcba87ab211af17ecc1681d,code-iai_rosintegration
212,6ec283cb71119ac2909be7518aa6532e8de99a8f,code-iai_rosintegration
213,6efbaba910b6783536e814d933d02ac21e8e2878,code-iai_rosintegration
214,6f548cf991dbc0c228defd22710960bc9295010e,code-iai_rosintegration
215,703bbd8e6eab08301ba359183c6b8fee581658c3,code-iai_rosintegration
216,715310bab33f196fc8d47bf8997c6cd895eb0f92,code-iai_rosintegration
217,7376006abc8811454fddc1d8609ffd33f34a538e,code-iai_rosintegration
218,748e3bf15fce11d79cc912b2ede4002255d04b10,code-iai_rosintegration
219,7566b30db5ab96e303c7644ba09d42bcd627b6d2,code-iai_rosintegration
220,75f75b7aa2bfb3ed0cff198726e08e2c21f0c4c0,code-iai_rosintegration
221,76cb50c60c9fa223f8cdfa53a50b45f5a4a8ff3b,code-iai_rosintegration
222,76ce2a32b82016b4b9066ea18dad4d0e1aaed035,code-iai_rosintegration
223,76ee9b72ec27cd7c73bf59ba363d861b01beb611,code-iai_rosintegration
224,771893decc30097a15fb4c20cb4115c74b301b8d,code-iai_rosintegration
225,7725156a9c502b48cf330b310e80c0e8d29d0782,code-iai_rosintegration
226,772f9cc8aba511b2ef166cc1b062472eca2049a2,code-iai_rosintegration
227,78a934f9ac645a5f6509d8ecde4e8b18d4b3260e,code-iai_rosintegration
228,78d70934b66ff74e9dca18f76190ad4e2a41f8c8,code-iai_rosintegration
229,78dc2c20a6285c5af1fed6a7b77e91211f1e4e1e,code-iai_rosintegration
230,7938861b7a375c3cba37ce6428d62b5ef034a3e0,code-iai_rosintegration
231,79dbe4c9c7795a914c52671e0aa5f0c3749602e3,code-iai_rosintegration
232,7bd2d14e5a7d999b22e0a8e5220dfd3f0ab1b276,code-iai_rosintegration
233,7d2d7a601201b0fed6aa2de1f01d4f7d294ea0db,code-iai_rosintegration
234,7d7d326b1d901018b68460f81eb68e7a5cfa0081,code-iai_rosintegration
235,7de8519ce4456e1ef3f4be7c2b913961a7c8be28,code-iai_rosintegration
236,7e02a276c9abdfbe824d9f47fe5876b52ba9771c,code-iai_rosintegration
237,7e1716c4098693aef746165f17531e9cd0265ed7,code-iai_rosintegration
238,7f253780a1b0b977afabe351034ba869d921950c,code-iai_rosintegration
239,7f37bf9854885d489a594f9ed419899dda70dbd6,code-iai_rosintegration
240,7fb15a6026f7425511f65a4fc3b1f46eb7d1d701,code-iai_rosintegration
241,7fcace02189b58e22f10b218014e4bf936f84646,code-iai_rosintegration
242,7ffa2e9dd287a26134525f7b631418d0ac4b44d2,code-iai_rosintegration
243,803b85b76834a091d6acfaaff6e399fd78461798,code-iai_rosintegration
244,8119a7223efb234ed36d638c6f038b963d7fa5af,code-iai_rosintegration
245,81433b162522ad5f10d26a000d900e54ac381777,code-iai_rosintegration
246,81cd4e2642bd34c38816a8a4906161e8228ac583,code-iai_rosintegration
247,81d0005f8724b0a439da37452daea1fa3a73e39b,code-iai_rosintegration
248,832f9107b8f9bc0dbd7a94423c0d1fb1ee84981d,code-iai_rosintegration
249,839fb0e2ef79b0e16f1a326cd8c12c9b85133651,code-iai_rosintegration
250,83db63547fd608da8f7505e57b35a29e51d682fc,code-iai_rosintegration
251,83f2f7d79a7b237d021d7eeeb828d22901e0e09d,code-iai_rosintegration
252,84754fe35ffc49245af7e4b6100e47152f5e5d27,code-iai_rosintegration
253,855285dab18d6f9a667fd96854e59a401819ec41,code-iai_rosintegration
254,855897a3f1373074eba5d853e13663746928ac9e,code-iai_rosintegration
255,859544f40aff7118d8fb309cc9768de1dbe072f2,code-iai_rosintegration
256,86883dee1c1cffe26901fee2dcc4d0f79f68e20f,code-iai_rosintegration
257,887e4e7940b6353e5f847ff72751c444be2f8220,code-iai_rosintegration
258,895b3fd19d74f258291e2fc38ed3fd90d46cda25,code-iai_rosintegration
259,897899f2865fdf9ca79a93d32b965327817a2ffa,code-iai_rosintegration
260,8ad00a2389041575a0c0f64bf8083872d141cae2,code-iai_rosintegration
261,8b2ba313af8a65a1bb98628f7030681e35b4042e,code-iai_rosintegration
262,8c7348d6cda7dc8f7a507356f9357b08908e5d6d,code-iai_rosintegration
263,8c86e29e4060338c92d23031ee20257f5151cf82,code-iai_rosintegration
264,8cc34754ee670ab02f94fcf31c0089697b58ac12,code-iai_rosintegration
265,8d07a0be3b8dc2bcf51667629ad83de7ef0da079,code-iai_rosintegration
266,8ed2b883bbf46442a50d5c577d1828be48229e62,code-iai_rosintegration
267,903f09edafd29b198b23a1e55021e80b590feb89,code-iai_rosintegration
268,9063c1ddd535f9e7bb0c87d38a4204c766e20f5e,code-iai_rosintegration
269,90bca422dbda31e0d8aef62d93062ce8c442254a,code-iai_rosintegration
270,916907dac25a276700e3db8c7edbb6573b47e43c,code-iai_rosintegration
271,917f6cc05d2ea6e0c647e4e08b8f35ce51318bb0,code-iai_rosintegration
272,918079affae0d8d7289cad796a040b8e766676fc,code-iai_rosintegration
273,9235ab2ec5c8f6ea4dc04e5f780ba5a4ec219fea,code-iai_rosintegration
274,9244930766a421b5f5a04282671529627fdb2a3d,code-iai_rosintegration
275,92d8799582df4984df10c364f7afc610ced834aa,code-iai_rosintegration
276,9318c895e81733f4852073c9198a7c0089d5670e,code-iai_rosintegration
277,9319511f9849ca4c876b63a5cb0638fd537a8c1c,code-iai_rosintegration
278,931d9a020acb1a79de17b947ef68ff1725f20706,code-iai_rosintegration
279,93522f71414c827699f66b06ee3d922fedba0a20,code-iai_rosintegration
280,939dd083096408ea88bad506a1b826940bd17f7e,code-iai_rosintegration
281,94e4689a26ccbd5aba70e94634e390ebf619445f,code-iai_rosintegration
282,95324016bbf8af3efe0e4204c82618fe91ebef1c,code-iai_rosintegration
283,95a02ca054bba74201e8890fd4ea3fe241a8248a,code-iai_rosintegration
284,95a79854ab590e8a13af1fcfeac75cdc360f074e,code-iai_rosintegration
285,9628a0a45b2009c85c781133dd3f1ac69599e7d4,code-iai_rosintegration
286,96398ff0843f07512d50a431e32d5d5b2fb053f1,code-iai_rosintegration
287,9692a9943d5e29131db8b032aaa17e5336f51d17,code-iai_rosintegration
288,99d7a2fb6b4eb1ef240b914d9bd8bf8e0cbedf50,code-iai_rosintegration
289,99f2c21ade878de404c0cc5bfc95257daa045f2b,code-iai_rosintegration
290,9a1248c6f35718c47cfec6292bfc9d9741bb9c8d,code-iai_rosintegration
291,9a35ee9b7dbe04362230d92db951042b7037ed52,code-iai_rosintegration
292,9ae6bb438b44b26638cd2f80a9df6b4fc682d95e,code-iai_rosintegration
293,9af2741cfb3c02bb66925bb7073d9d5a95a84329,code-iai_rosintegration
294,9b337c9fff2692d609f4becc2dde5c340f7295c0,code-iai_rosintegration
295,9c3a45aef324c176b8b90abdfded5310f7e8c105,code-iai_rosintegration
296,9cc164f9a7d4f248bea3130c25240f342fb30444,code-iai_rosintegration
297,9eb5c14c2343750d85bd7e666e1c9c683a5ff984,code-iai_rosintegration
298,9ed8394836b807a87b9ae010a64a9b18042420f3,code-iai_rosintegration
299,9ef5b4e20d0bd4f1ed21496aca2ac98233fe3291,code-iai_rosintegration
300,9f7468e3889b73b29a46d4f1e0ea7d6f02a93012,code-iai_rosintegration
301,a04857ba927f82af223a9c63345563b6cb61d3dd,code-iai_rosintegration
302,a0b246e286c35a9dd7e805d45070d17da751b9a7,code-iai_rosintegration
303,a1ba7ceb383e07f66fb4054fb489d99427f331a2,code-iai_rosintegration
304,a2dcf6f706b727b29815370d4a9f4fedaf045f7f,code-iai_rosintegration
305,a334411388ca89c2f620c767704266924b4e3d7b,code-iai_rosintegration
306,a4cfca755150e794b1bf9d5841b85e99c28a0074,code-iai_rosintegration
307,a5e3ea900da79e9521b5d8e57420c9faf2993361,code-iai_rosintegration
308,a6d94de7664a148c6605d54cd56c353b1b9f27f8,code-iai_rosintegration
309,a75ce16b04dc275d043f8fd812c39f789c5baf01,code-iai_rosintegration
310,a75ea5d4381f3670e2e783f53da666bdd3dd9a33,code-iai_rosintegration
311,a76c02c144919cf0fa1d79b0b8a0c050e51ce744,code-iai_rosintegration
312,a864f6ae4f0e739e3f2c4b596046b54b33df93b8,code-iai_rosintegration
313,a9817f90c81d6fe4b7a4e8a19686d30ec3c1c154,code-iai_rosintegration
314,a9c78260b18c47b30733cd2277d4e8bbb53c250f,code-iai_rosintegration
315,aa39e309efa89103e17f0d0517a3ae8bc4e935c8,code-iai_rosintegration
316,ab740b853ba3a7fb576e2e3cc7b8e2ebbb7beb9c,code-iai_rosintegration
317,ad532f672b1042ebd6ec8c5ec430bdf82e171aaf,code-iai_rosintegration
318,ade72c8b316cf959f4613e281d282cd5f2b23fb5,code-iai_rosintegration
319,ae1cc3ceea4dbabca8719ae1efb2f25055bd2f77,code-iai_rosintegration
320,ae47f4245c802527c537315e820604857c030f4a,code-iai_rosintegration
321,ae76277022e08ebdb24ae0f77b20554398f6b3a1,code-iai_rosintegration
322,aec04af1f8bb1037a37fc8b356d54b098451f8e1,code-iai_rosintegration
323,af061b788411bf68af0f77d6f4d1b3e8ee851972,code-iai_rosintegration
324,af11b3901a0b338ab151ee5d1eaeb69435ecae89,code-iai_rosintegration
325,b0a15d25357f8af3bcb125fb5568c72eeea97fdc,code-iai_rosintegration
326,b15cdaf2aa3f02061a2d4168580b860e03909c79,code-iai_rosintegration
327,b17d98b13a31cb91a744ef8199d5861c3fcd8146,code-iai_rosintegration
328,b26b389eca79c13dd141a22c3f92e653f9fbde27,code-iai_rosintegration
329,b27724b20564a66834ab92c377e7bb22bbf0535a,code-iai_rosintegration
330,b30ea95bfea356d924ca421e60ca01defe2ce30b,code-iai_rosintegration
331,b441b73105e291acb912e36202efcc704c27079d,code-iai_rosintegration
332,b470223e6081c74d1ee81ac7be32dcb672b8fcfc,code-iai_rosintegration
333,b48942586c9779c9a381fb9734e68e132e98381d,code-iai_rosintegration
334,b503428dddeaf87bced969bfd8d1a0b665bcf5e7,code-iai_rosintegration
335,b5aeecbd723b209e8cbe8568a7104f0d185d191e,code-iai_rosintegration
336,b5b88a47e6eb74f0c3e9c743dc259cb972c3a9bf,code-iai_rosintegration
337,b71ee9bd2ca9da9aa3ba8ec65fcb013cbe99b629,code-iai_rosintegration
338,b72941746a406f8dc13521e195d5073d54bca81e,code-iai_rosintegration
339,b8a20f0b0646fb6ad22d19fd3c2114912c97273f,code-iai_rosintegration
340,b8cbb764dc3c7234d10418b403d6a1fc936c206f,code-iai_rosintegration
341,b9a23bcaf0b0f19924a3db7863192021076760a8,code-iai_rosintegration
342,b9ab35eac2e7c1aa576717706a1c5d592686e263,code-iai_rosintegration
343,ba8f1d424f109fecff06c9a479b88a5a5f0727bf,code-iai_rosintegration
344,bb261e85b0a51d49e94e1ec1af74cd8cc1666270,code-iai_rosintegration
345,bcf282083dac615b46e9f28c8aaa61ca3f336d4e,code-iai_rosintegration
346,bd5e1bc2ec2cb0ab95258fe9d924aa6f798131bd,code-iai_rosintegration
347,be589b3fc80a5ca23e9047cc25a4388b2113aca3,code-iai_rosintegration
348,be89dc28dab85b0e69d1866db1c2779b441a5a66,code-iai_rosintegration
349,bfa1c16119b1f04bea132485f3ce1c3b551335b6,code-iai_rosintegration
350,c04f80e44f9d717dc00fa05318ddf6e60734addf,code-iai_rosintegration
351,c0914fb78c5088896df374a243bf3ed48c322af4,code-iai_rosintegration
352,c0e876af01b1e4200f07527fd4cbc5b0cdf5b96d,code-iai_rosintegration
353,c13640b5e9a0166b54b647b358f780fb79e3bb32,code-iai_rosintegration
354,c2ba166e6866c63c82c0195dbc356bea6ac3d16b,code-iai_rosintegration
355,c2f2335c3e487eaa1dd6e710fedd90ef624ea66b,code-iai_rosintegration
356,c30a6d631aa171aaa734221a90bd9ce203c864db,code-iai_rosintegration
357,c3d0fced4b52bd4b21a5bea0ee43f12f8585372f,code-iai_rosintegration
358,c40be8af8211516227dbe6afbd1fd4ba9d631647,code-iai_rosintegration
359,c56000b32cb5b0bc6bd6e18c331e430508c52e32,code-iai_rosintegration
360,c58ca42992ab180b571866c1946d69f6900ea846,code-iai_rosintegration
361,c61a2dc788db1f6f000f3db0b35d32a6d1533d43,code-iai_rosintegration
362,c64164cdf91dca1ca266e80953d7d00e39ed5313,code-iai_rosintegration
363,c653ae76af1fd2e7c970506d3360ff84aa2e1b93,code-iai_rosintegration
364,c69497378f06ee3f89014a21df47ace4526a3e92,code-iai_rosintegration
365,c71c6addb99374c2315053d1e0e08095478f7843,code-iai_rosintegration
366,c7560d54800fc862dea4a7afcac2fbaa0349d30c,code-iai_rosintegration
367,c89372c6a2d8a4a93ba6e98ea600291f0851ce7e,code-iai_rosintegration
368,c97f647be0f704919922dadb795b86345cb85aca,code-iai_rosintegration
369,ca0b2f4a20fa1f6ede345c2d6d71de1741b80e8b,code-iai_rosintegration
370,ca8dd905960ba227c93070d177d02f751b7f64fa,code-iai_rosintegration
371,cb2d7eb0e393e8fa17f2fc13c970c431d7072078,code-iai_rosintegration
372,cc9dad4d1e05342e6851c6b806376497c20152b1,code-iai_rosintegration
373,ccac2beddeeeaf202822d5765cf4e7de48c41b74,code-iai_rosintegration
374,cce0a66be35a230ba535c2bfc2f81a76faf12d52,code-iai_rosintegration
375,cdb38911458906f4b2a48e9020cfdbed2e0b5397,code-iai_rosintegration
376,ce273d4fe2333dbb0e69a4e0ae03857007862e26,code-iai_rosintegration
377,ce3239e4e2ad94311868e1fc58e5411ffad4ae1b,code-iai_rosintegration
378,ce4ff23014b6b24c6c8be2c65b416672cda8b3a8,code-iai_rosintegration
379,cf3745d4f51d23e8a09087152a1f640589ded610,code-iai_rosintegration
380,cfbb1f150809f2cae75e7b0b4a104ef79d72d001,code-iai_rosintegration
381,cfe3434987496a62e20362ed08fc6633b536440f,code-iai_rosintegration
382,d001285c2f5af7eee4181a59b925984102ef201f,code-iai_rosintegration
383,d0018d501203b80fcf4df0b437fa6bc6aed77172,code-iai_rosintegration
384,d11678aaee5bb5efbb016d71b12db2ef8c461731,code-iai_rosintegration
385,d399d6bfe07fe0211fa77909269ff17b2cb92c1b,code-iai_rosintegration
386,d3a6d4a529456a1776e64d68c75769840491f1ba,code-iai_rosintegration
387,d3e1668eab7d361c58fd49d7dbec02199fb88295,code-iai_rosintegration
388,d56609c66c1f080ac7d36d3a8261c45c7dbe2df1,code-iai_rosintegration
389,d5751b00f37b38b2720fd267d2323664d1a0168e,code-iai_rosintegration
390,d57d77b8f5a544441973cf85a9c3254409c21b55,code-iai_rosintegration
391,d5947feada483bb307bff5bdfc856088a304a9d2,code-iai_rosintegration
392,d745df4a218c5807a14b8e07482b053b1f023c1e,code-iai_rosintegration
393,d7bf43deb75fac0d70952865f5c72e36f8b65533,code-iai_rosintegration
394,d7cf9813bd49f8787537a82d4f76c5bc44b62d4b,code-iai_rosintegration
395,d7d6465f07f9b6f264a2b8f808fbd16ca5dfa4c4,code-iai_rosintegration
396,d903cc97ae61a2c70e3e1d3049b0b475433a13c3,code-iai_rosintegration
397,d942964e9dffaa20123010f98869c4dc81e0b163,code-iai_rosintegration
398,d9779f6dd5d94fd4435b9874074f11c664bc0307,code-iai_rosintegration
399,d9c208cad49a87c21a9bf576029c919bf5daed82,code-iai_rosintegration
400,da03e51ecdcf576ee306ee3e631274c686b3e788,code-iai_rosintegration
401,da8680a7b56ed417c78e6638be5c63de3d844c12,code-iai_rosintegration
402,daa16f2fc1e77ff65f5535bd051e3d22ca4d5019,code-iai_rosintegration
403,dac1c82037d9915468ad6971c012a42030f22202,code-iai_rosintegration
404,dadf0dee7de417a19153e363af219ee3d8f85570,code-iai_rosintegration
405,db71663ff2995a5a099e35bb45a84f6201725b1f,code-iai_rosintegration
406,dd011386f61ab2c0a577ed462c399a4832906554,code-iai_rosintegration
407,de799ed67fbf7808af4d9ceb0973a8dfb94a5ef2,code-iai_rosintegration
408,dec9c842e2dad6806738d8ced5cceeb1337825ac,code-iai_rosintegration
409,dfe1356c19f7c3205747f7e9e6a02639e2e026b0,code-iai_rosintegration
410,e04ee178264317b34bdf16ac9f4d68b50125b890,code-iai_rosintegration
411,e0892733ef2243d059d233a2a4eea3cabcde6f2c,code-iai_rosintegration
412,e0a986049d4b4d6c5ce1f2dc5459e67361413ff2,code-iai_rosintegration
413,e0d008b87d80526bb0e94c3656b4f25e1cb8f8b7,code-iai_rosintegration
414,e1ab0c002c71635f13b5523788e1aba6fcd5805b,code-iai_rosintegration
415,e242c3e33f90929e037b1a7a7cba938ab23a5264,code-iai_rosintegration
416,e2e90649a1337705da92e85d7762d8f5ef575963,code-iai_rosintegration
417,e3e86ddb027806e2d05fbb0fa6faaac443148782,code-iai_rosintegration
418,e3f45bcd2855c253a0296a1420074abe206ffc3a,code-iai_rosintegration
419,e403c100261eca991afe85c08606eb0b2b49fffe,code-iai_rosintegration
420,e4d97e847a50226179cc1c0b80fffe44ae7dec5a,code-iai_rosintegration
421,e4e9a475eba1e7928ad2b440da13e30a9fce9d38,code-iai_rosintegration
422,e61dd33ecf848d3fac05a7c6c2c494aec62854c9,code-iai_rosintegration
423,e673d9d18b757f1a984759b7307fbc5517e8fad7,code-iai_rosintegration
424,e692eeed0a259d789199b42a8b9225ee2ad4972f,code-iai_rosintegration
425,e719a8465468ad3976aa2dd84cdbf5bf0117a5bd,code-iai_rosintegration
426,e73d0f6302b18530bd584f7dcba5b022c3bf6a41,code-iai_rosintegration
427,e8de46139682de429a90ba7c76455370c780c96e,code-iai_rosintegration
428,eb8ae11bc451a418c37c1b5c3e1b802c8dc6feaf,code-iai_rosintegration
429,eb959b9955464049a1c3d94c48976ac71ea7a6ca,code-iai_rosintegration
430,ecf19c3d9db8a6929313f93860ed98933eb4a3eb,code-iai_rosintegration
431,ee204405d430b3b6d0340c7b7f150e0b67fcb77c,code-iai_rosintegration
432,ee6875087813b8ed92d30035152ef70e976a1abd,code-iai_rosintegration
433,ee998f7b15711886055f9cdb43c16760be27c383,code-iai_rosintegration
434,ef5bb00400cf0903eadcffdd082d0a1d26b46820,code-iai_rosintegration
435,efe62da19042bfa1e8145a9463d0a69467e71a04,code-iai_rosintegration
436,f0089458b031f244030647a8a59c58e567c4949a,code-iai_rosintegration
437,f0f137d6928bac92f119b7f2afb2c03be403cf89,code-iai_rosintegration
438,f11d022613708a0110c41a1cdd7810157ff38da3,code-iai_rosintegration
439,f16641cc4e4a0b3bb7e3c2a6588f3be4a04dcb3a,code-iai_rosintegration
440,f1973b6a0bbcf613ccf10df3d3dcbf55c99df87d,code-iai_rosintegration
441,f1eb5581c4d12f9d9da6559420f5b08c5cb2ec01,code-iai_rosintegration
442,f23e6c05589a861cad8aea0700268a9ae1a6835f,code-iai_rosintegration
443,f322ef390c15feb5d866e29f2a5bc2850823e99d,code-iai_rosintegration
444,f3b8212f6615415e4f6bc48361d3eff6cafca112,code-iai_rosintegration
445,f3f0254e79c0e44dc212ff19d392743c20788773,code-iai_rosintegration
446,f41d349a337215cb2a7e1f877ddf9a8d4dc7edda,code-iai_rosintegration
447,f499bf129402f9c3fa1ae3d287d5b8e02fab02ac,code-iai_rosintegration
448,f4c332a6a9c3d9e5bc489a53b5fcd43a274dcd58,code-iai_rosintegration
449,f561ed6e49f269198bab39c244531fd344c64c4f,code-iai_rosintegration
450,f5b46d0b30aa09a8145959a3a402fe8c484ef098,code-iai_rosintegration
451,f5c47900d4a9a1cbe824f30b089783e9037ed29d,code-iai_rosintegration
452,f66d4fb6142c070db8a53a551896a8e2683dd5ba,code-iai_rosintegration
453,f6dcd8813785832e9fcebe5ed5a294fb6b5aafde,code-iai_rosintegration
454,f6dd21a9da85a98cb324879b06c504d46520da61,code-iai_rosintegration
455,f86d081311ab4ed0341ee6344cb68eacf9486359,code-iai_rosintegration
456,f99935a94abd898e5e8f5381a09b166ee3323e28,code-iai_rosintegration
457,fa06da8dccef40931d3fce9598e0cee8a7f7ae47,code-iai_rosintegration
458,faa1cdbb20079013a53572cd9825323ffe4f947a,code-iai_rosintegration
459,fb9e9428cba85a0ead038ed09967ecf4c6db167c,code-iai_rosintegration
460,fbf790c4ce36a11d6efc65c4621a65ee887f4360,code-iai_rosintegration
461,fc27ae9c990eb23ca82f48cd2d0aabe9066c0d3f,code-iai_rosintegration
462,fc42a53aeaf084591695006960783381cd6b7191,code-iai_rosintegration
463,fca7208903cf64359859a568387b423bfd666849,code-iai_rosintegration
464,fe781865258245cfc33de5e980e7e9d667122971,code-iai_rosintegration
465,fe9fc53b1a8fc3438094fd893bfa3e0b21c2320b,code-iai_rosintegration
466,ff3d5e973895b1387a885d1326a24abab816d281,code-iai_rosintegration
